change_type,worksheet,cell,historical_formula,active_formula
ADDED,Analysis,B111,,=Ec_IO!C80
ADDED,Analysis,B112,,=Ec_IO!C81
ADDED,Analysis,B113,,=Ec_IO!C82
ADDED,Analysis,B114,,=Ec_IO!C83
ADDED,Analysis,B115,,=Ec_IO!C84
ADDED,Analysis,B116,,=Ec_IO!C85
ADDED,Analysis,B117,,=Ec_IO!C86
ADDED,Analysis,B118,,=Ec_IO!C87
ADDED,Analysis,B119,,=Ec_IO!C88
ADDED,Analysis,B120,,=Ec_IO!C89
ADDED,Analysis,B121,,=Ec_IO!C90
ADDED,Analysis,B122,,=Ec_IO!C91
ADDED,Analysis,B123,,=Ec_IO!C92
ADDED,Analysis,B124,,=Ec_IO!C93
ADDED,Analysis,B125,,=Ec_IO!C94
ADDED,Analysis,B126,,=Ec_IO!C95
ADDED,Analysis,B127,,=Ec_IO!C96
ADDED,Analysis,B128,,=Ec_IO!C97
ADDED,Analysis,B129,,=Ec_IO!C98
ADDED,Analysis,B130,,=Ec_IO!C99
ADDED,Analysis,B131,,=Ec_IO!C100
ADDED,Analysis,C111,,=Ec_IO!D80
ADDED,Analysis,C112,,=Ec_IO!D81
ADDED,Analysis,C113,,=Ec_IO!D82
ADDED,Analysis,C114,,=Ec_IO!D83
ADDED,Analysis,C115,,=Ec_IO!D84
ADDED,Analysis,C116,,=Ec_IO!D85
ADDED,Analysis,C117,,=Ec_IO!D86
ADDED,Analysis,C118,,=Ec_IO!D87
ADDED,Analysis,C119,,=Ec_IO!D88
ADDED,Analysis,C120,,=Ec_IO!D89
ADDED,Analysis,C121,,=Ec_IO!D90
ADDED,Analysis,C122,,=Ec_IO!D91
ADDED,Analysis,C123,,=Ec_IO!D92
ADDED,Analysis,C124,,=Ec_IO!D93
ADDED,Analysis,C125,,=Ec_IO!D94
ADDED,Analysis,C126,,=Ec_IO!D95
ADDED,Analysis,C127,,=Ec_IO!D96
ADDED,Analysis,C128,,=Ec_IO!D97
ADDED,Analysis,C129,,=Ec_IO!D98
ADDED,Analysis,C130,,=Ec_IO!D99
ADDED,Analysis,C131,,=Ec_IO!D100
ADDED,Analysis,C20,,=Ec_IO!C66
ADDED,Analysis,C21,,=Ec_IO!C67
ADDED,Analysis,C22,,=Ec_IO!C68
ADDED,Analysis,C23,,=Ec_IO!C69
ADDED,Analysis,C24,,=Ec_IO!C70
ADDED,Analysis,C25,,=Ec_IO!C71
ADDED,Analysis,C26,,=Ec_IO!C72
ADDED,Analysis,C27,,=Ec_IO!C73
ADDED,Analysis,C28,,=Ec_IO!C74
ADDED,Analysis,C29,,=Ec_IO!C75
ADDED,Analysis,C30,,=Ec_IO!C76
ADDED,Analysis,C31,,=Ec_IO!C77
ADDED,Analysis,C32,,=Ec_IO!C78
ADDED,Analysis,C33,,=Ec_IO!C79
ADDED,Analysis,D111,,=Ec_IO!E80
ADDED,Analysis,D113,,=Ec_IO!E82
ADDED,Analysis,D114,,=Ec_IO!E83
ADDED,Analysis,D115,,=Ec_IO!E84
ADDED,Analysis,D116,,=Ec_IO!E85
ADDED,Analysis,D117,,=Ec_IO!E86
ADDED,Analysis,D118,,=Ec_IO!E87
ADDED,Analysis,D119,,=Ec_IO!E88
ADDED,Analysis,D120,,=Ec_IO!E89
ADDED,Analysis,D121,,=Ec_IO!E90
ADDED,Analysis,D122,,=Ec_IO!E91
ADDED,Analysis,D123,,=Ec_IO!E92
ADDED,Analysis,D124,,=Ec_IO!E93
ADDED,Analysis,D125,,=Ec_IO!E94
ADDED,Analysis,D126,,=Ec_IO!E95
ADDED,Analysis,D127,,=Ec_IO!E96
ADDED,Analysis,D128,,=Ec_IO!E97
ADDED,Analysis,D129,,=Ec_IO!E98
ADDED,Analysis,D130,,=Ec_IO!E99
ADDED,Analysis,D131,,=Ec_IO!E100
ADDED,Analysis,D20,,=Ec_IO!D66
ADDED,Analysis,D22,,=Ec_IO!D68
ADDED,Analysis,D23,,=Ec_IO!D69
ADDED,Analysis,D24,,=Ec_IO!D70
ADDED,Analysis,D25,,=Ec_IO!D71
ADDED,Analysis,D26,,=Ec_IO!D72
ADDED,Analysis,D27,,=Ec_IO!D73
ADDED,Analysis,D28,,=Ec_IO!D74
ADDED,Analysis,D29,,=Ec_IO!D75
ADDED,Analysis,D30,,=Ec_IO!D76
ADDED,Analysis,D31,,=Ec_IO!D77
ADDED,Analysis,D32,,=Ec_IO!D78
ADDED,Analysis,D33,,=Ec_IO!D79
ADDED,Analysis,E20,,=Ec_IO!E66
ADDED,Analysis,E21,,=Ec_IO!E67
ADDED,Analysis,E33,,=Ec_IO!E79
ADDED,Analysis,F20,,=Ec_IO!F66
ADDED,Analysis,F22,,=Ec_IO!F68
ADDED,Analysis,F23,,=Ec_IO!F69
ADDED,Analysis,F24,,=Ec_IO!F70
ADDED,Analysis,F25,,=Ec_IO!F71
ADDED,Analysis,F26,,=Ec_IO!F72
ADDED,Analysis,F27,,=Ec_IO!F73
ADDED,Analysis,F28,,=Ec_IO!F74
ADDED,Analysis,F29,,=Ec_IO!F75
ADDED,Analysis,F30,,=Ec_IO!F76
ADDED,Analysis,F31,,=Ec_IO!F77
ADDED,Analysis,F32,,=Ec_IO!F78
ADDED,Analysis,F33,,=Ec_IO!F79
ADDED,Analysis,G20,,=Ec_IO!G66
ADDED,Analysis,G21,,=Ec_IO!G67
ADDED,Analysis,G22,,=Ec_IO!G68
ADDED,Analysis,G23,,=Ec_IO!G69
ADDED,Analysis,G24,,=Ec_IO!G70
ADDED,Analysis,G25,,=Ec_IO!G71
ADDED,Analysis,G26,,=Ec_IO!G72
ADDED,Analysis,G27,,=Ec_IO!G73
ADDED,Analysis,G28,,=Ec_IO!G74
ADDED,Analysis,G29,,=Ec_IO!G75
ADDED,Analysis,G30,,=Ec_IO!G76
ADDED,Analysis,G31,,=Ec_IO!G77
ADDED,Analysis,G32,,=Ec_IO!G78
ADDED,Analysis,G33,,=Ec_IO!G79
ADDED,Ec_IO,D68,,=T7
ADDED,Ec_IO,E69,,=C69
ADDED,Ec_IO,E70,,=C70
ADDED,Ec_IO,E71,,=C71
ADDED,Ec_IO,E72,,=C72
ADDED,Ec_IO,E73,,=C73
ADDED,Ec_IO,E74,,=C74
ADDED,Ec_IO,E75,,=C75
ADDED,Ec_IO,E76,,=C76
ADDED,Ec_IO,E77,,=C77
ADDED,Ec_IO,E78,,=C78
ADDED,Ec_IO,E79,,=C79
ADDED,Ec_IO,E81,,=T7
ADDED,Ec_IO,F68,,=T14
ADDED,Prod_Summary,Y49,,=MAX(Y5:Y46)/$Y$48
ADDED,Prod_Summary,Y50,,=V47+Y49
ADDED,Project_NCF,A10,,='CR Econ'!A10
ADDED,Project_NCF,A11,,='CR Econ'!A11
ADDED,Project_NCF,A12,,='CR Econ'!A12
ADDED,Project_NCF,A13,,='CR Econ'!A13
ADDED,Project_NCF,A14,,='CR Econ'!A14
ADDED,Project_NCF,A15,,='CR Econ'!A15
ADDED,Project_NCF,A16,,='CR Econ'!A16
ADDED,Project_NCF,A17,,='CR Econ'!A17
ADDED,Project_NCF,A18,,='CR Econ'!A18
ADDED,Project_NCF,A19,,='CR Econ'!A19
ADDED,Project_NCF,A20,,='CR Econ'!A20
ADDED,Project_NCF,A21,,='CR Econ'!A21
ADDED,Project_NCF,A22,,='CR Econ'!A22
ADDED,Project_NCF,A23,,='CR Econ'!A23
ADDED,Project_NCF,A24,,='CR Econ'!A24
ADDED,Project_NCF,A25,,='CR Econ'!A25
ADDED,Project_NCF,A26,,='CR Econ'!A26
ADDED,Project_NCF,A27,,='CR Econ'!A27
ADDED,Project_NCF,A28,,='CR Econ'!A28
ADDED,Project_NCF,A29,,='CR Econ'!A29
ADDED,Project_NCF,A3,,='CR Econ'!A3
ADDED,Project_NCF,A30,,='CR Econ'!A30
ADDED,Project_NCF,A31,,='CR Econ'!A31
ADDED,Project_NCF,A32,,='CR Econ'!A32
ADDED,Project_NCF,A33,,='CR Econ'!A33
ADDED,Project_NCF,A34,,='CR Econ'!A34
ADDED,Project_NCF,A35,,='CR Econ'!A35
ADDED,Project_NCF,A36,,='CR Econ'!A36
ADDED,Project_NCF,A37,,='CR Econ'!A37
ADDED,Project_NCF,A38,,='CR Econ'!A38
ADDED,Project_NCF,A39,,='CR Econ'!A39
ADDED,Project_NCF,A40,,='CR Econ'!A40
ADDED,Project_NCF,A41,,='CR Econ'!A41
ADDED,Project_NCF,A42,,='CR Econ'!A42
ADDED,Project_NCF,A43,,='CR Econ'!A43
ADDED,Project_NCF,A44,,='CR Econ'!A44
ADDED,Project_NCF,A45,,='CR Econ'!A45
ADDED,Project_NCF,A46,,='CR Econ'!A46
ADDED,Project_NCF,A47,,='CR Econ'!A47
ADDED,Project_NCF,A48,,='CR Econ'!A48
ADDED,Project_NCF,A49,,='CR Econ'!A49
ADDED,Project_NCF,A5,,='CR Econ'!A5
ADDED,Project_NCF,A6,,='CR Econ'!A6
ADDED,Project_NCF,A7,,='CR Econ'!A7
ADDED,Project_NCF,A8,,='CR Econ'!A8
ADDED,Project_NCF,A9,,='CR Econ'!A9
ADDED,Project_NCF,AA10,,"=MAX(Y10,Z10)"
ADDED,Project_NCF,AA11,,"=MAX(Y11,Z11)"
ADDED,Project_NCF,AA12,,"=MAX(Y12,Z12)"
ADDED,Project_NCF,AA13,,"=MAX(Y13,Z13)"
ADDED,Project_NCF,AA14,,"=MAX(Y14,Z14)"
ADDED,Project_NCF,AA15,,"=MAX(Y15,Z15)"
ADDED,Project_NCF,AA16,,"=MAX(Y16,Z16)"
ADDED,Project_NCF,AA17,,"=MAX(Y17,Z17)"
ADDED,Project_NCF,AA18,,"=MAX(Y18,Z18)"
ADDED,Project_NCF,AA19,,"=MAX(Y19,Z19)"
ADDED,Project_NCF,AA20,,"=MAX(Y20,Z20)"
ADDED,Project_NCF,AA21,,"=MAX(Y21,Z21)"
ADDED,Project_NCF,AA22,,"=MAX(Y22,Z22)"
ADDED,Project_NCF,AA23,,"=MAX(Y23,Z23)"
ADDED,Project_NCF,AA24,,"=MAX(Y24,Z24)"
ADDED,Project_NCF,AA25,,"=MAX(Y25,Z25)"
ADDED,Project_NCF,AA26,,"=MAX(Y26,Z26)"
ADDED,Project_NCF,AA27,,"=MAX(Y27,Z27)"
ADDED,Project_NCF,AA28,,"=MAX(Y28,Z28)"
ADDED,Project_NCF,AA29,,"=MAX(Y29,Z29)"
ADDED,Project_NCF,AA30,,"=MAX(Y30,Z30)"
ADDED,Project_NCF,AA31,,"=MAX(Y31,Z31)"
ADDED,Project_NCF,AA32,,"=MAX(Y32,Z32)"
ADDED,Project_NCF,AA33,,"=MAX(Y33,Z33)"
ADDED,Project_NCF,AA34,,"=MAX(Y34,Z34)"
ADDED,Project_NCF,AA35,,"=MAX(Y35,Z35)"
ADDED,Project_NCF,AA36,,"=MAX(Y36,Z36)"
ADDED,Project_NCF,AA37,,"=MAX(Y37,Z37)"
ADDED,Project_NCF,AA38,,"=MAX(Y38,Z38)"
ADDED,Project_NCF,AA39,,"=MAX(Y39,Z39)"
ADDED,Project_NCF,AA40,,"=MAX(Y40,Z40)"
ADDED,Project_NCF,AA41,,"=MAX(Y41,Z41)"
ADDED,Project_NCF,AA42,,"=MAX(Y42,Z42)"
ADDED,Project_NCF,AA43,,"=MAX(Y43,Z43)"
ADDED,Project_NCF,AA44,,"=MAX(Y44,Z44)"
ADDED,Project_NCF,AA45,,"=MAX(Y45,Z45)"
ADDED,Project_NCF,AA46,,"=MAX(Y46,Z46)"
ADDED,Project_NCF,AA47,,"=MAX(Y47,Z47)"
ADDED,Project_NCF,AA48,,"=MAX(Y48,Z48)"
ADDED,Project_NCF,AA49,,"=MAX(Y49,Z49)"
ADDED,Project_NCF,AA5,,"=MAX(Y5,Z5)"
ADDED,Project_NCF,AA51,,=SUM(AA5:AA49)
ADDED,Project_NCF,AA6,,"=MAX(Y6,Z6)"
ADDED,Project_NCF,AA7,,"=MAX(Y7,Z7)"
ADDED,Project_NCF,AA8,,"=MAX(Y8,Z8)"
ADDED,Project_NCF,AA9,,"=MAX(Y9,Z9)"
ADDED,Project_NCF,AB10,,=(CIT_NCF_Gas!AF10+CIT_NCF_Oil!AF10)*(A10<=Ec_IO!$D$22)
ADDED,Project_NCF,AB11,,=(CIT_NCF_Gas!AF11+CIT_NCF_Oil!AF11)*(A11<=Ec_IO!$D$22)
ADDED,Project_NCF,AB12,,=(CIT_NCF_Gas!AF12+CIT_NCF_Oil!AF12)*(A12<=Ec_IO!$D$22)
ADDED,Project_NCF,AB13,,=(CIT_NCF_Gas!AF13+CIT_NCF_Oil!AF13)*(A13<=Ec_IO!$D$22)
ADDED,Project_NCF,AB14,,=(CIT_NCF_Gas!AF14+CIT_NCF_Oil!AF14)*(A14<=Ec_IO!$D$22)
ADDED,Project_NCF,AB15,,=(CIT_NCF_Gas!AF15+CIT_NCF_Oil!AF15)*(A15<=Ec_IO!$D$22)
ADDED,Project_NCF,AB16,,=(CIT_NCF_Gas!AF16+CIT_NCF_Oil!AF16)*(A16<=Ec_IO!$D$22)
ADDED,Project_NCF,AB17,,=(CIT_NCF_Gas!AF17+CIT_NCF_Oil!AF17)*(A17<=Ec_IO!$D$22)
ADDED,Project_NCF,AB18,,=(CIT_NCF_Gas!AF18+CIT_NCF_Oil!AF18)*(A18<=Ec_IO!$D$22)
ADDED,Project_NCF,AB19,,=(CIT_NCF_Gas!AF19+CIT_NCF_Oil!AF19)*(A19<=Ec_IO!$D$22)
ADDED,Project_NCF,AB20,,=(CIT_NCF_Gas!AF20+CIT_NCF_Oil!AF20)*(A20<=Ec_IO!$D$22)
ADDED,Project_NCF,AB21,,=(CIT_NCF_Gas!AF21+CIT_NCF_Oil!AF21)*(A21<=Ec_IO!$D$22)
ADDED,Project_NCF,AB22,,=(CIT_NCF_Gas!AF22+CIT_NCF_Oil!AF22)*(A22<=Ec_IO!$D$22)
ADDED,Project_NCF,AB23,,=(CIT_NCF_Gas!AF23+CIT_NCF_Oil!AF23)*(A23<=Ec_IO!$D$22)
ADDED,Project_NCF,AB24,,=(CIT_NCF_Gas!AF24+CIT_NCF_Oil!AF24)*(A24<=Ec_IO!$D$22)
ADDED,Project_NCF,AB25,,=(CIT_NCF_Gas!AF25+CIT_NCF_Oil!AF25)*(A25<=Ec_IO!$D$22)
ADDED,Project_NCF,AB26,,=(CIT_NCF_Gas!AF26+CIT_NCF_Oil!AF26)*(A26<=Ec_IO!$D$22)
ADDED,Project_NCF,AB27,,=(CIT_NCF_Gas!AF27+CIT_NCF_Oil!AF27)*(A27<=Ec_IO!$D$22)
ADDED,Project_NCF,AB28,,=(CIT_NCF_Gas!AF28+CIT_NCF_Oil!AF28)*(A28<=Ec_IO!$D$22)
ADDED,Project_NCF,AB29,,=(CIT_NCF_Gas!AF29+CIT_NCF_Oil!AF29)*(A29<=Ec_IO!$D$22)
ADDED,Project_NCF,AB30,,=(CIT_NCF_Gas!AF30+CIT_NCF_Oil!AF30)*(A30<=Ec_IO!$D$22)
ADDED,Project_NCF,AB31,,=(CIT_NCF_Gas!AF31+CIT_NCF_Oil!AF31)*(A31<=Ec_IO!$D$22)
ADDED,Project_NCF,AB32,,=(CIT_NCF_Gas!AF32+CIT_NCF_Oil!AF32)*(A32<=Ec_IO!$D$22)
ADDED,Project_NCF,AB33,,=(CIT_NCF_Gas!AF33+CIT_NCF_Oil!AF33)*(A33<=Ec_IO!$D$22)
ADDED,Project_NCF,AB34,,=(CIT_NCF_Gas!AF34+CIT_NCF_Oil!AF34)*(A34<=Ec_IO!$D$22)
ADDED,Project_NCF,AB35,,=(CIT_NCF_Gas!AF35+CIT_NCF_Oil!AF35)*(A35<=Ec_IO!$D$22)
ADDED,Project_NCF,AB36,,=(CIT_NCF_Gas!AF36+CIT_NCF_Oil!AF36)*(A36<=Ec_IO!$D$22)
ADDED,Project_NCF,AB37,,=(CIT_NCF_Gas!AF37+CIT_NCF_Oil!AF37)*(A37<=Ec_IO!$D$22)
ADDED,Project_NCF,AB38,,=(CIT_NCF_Gas!AF38+CIT_NCF_Oil!AF38)*(A38<=Ec_IO!$D$22)
ADDED,Project_NCF,AB39,,=(CIT_NCF_Gas!AF39+CIT_NCF_Oil!AF39)*(A39<=Ec_IO!$D$22)
ADDED,Project_NCF,AB40,,=(CIT_NCF_Gas!AF40+CIT_NCF_Oil!AF40)*(A40<=Ec_IO!$D$22)
ADDED,Project_NCF,AB41,,=(CIT_NCF_Gas!AF41+CIT_NCF_Oil!AF41)*(A41<=Ec_IO!$D$22)
ADDED,Project_NCF,AB42,,=(CIT_NCF_Gas!AF42+CIT_NCF_Oil!AF42)*(A42<=Ec_IO!$D$22)
ADDED,Project_NCF,AB43,,=(CIT_NCF_Gas!AF43+CIT_NCF_Oil!AF43)*(A43<=Ec_IO!$D$22)
ADDED,Project_NCF,AB44,,=(CIT_NCF_Gas!AF44+CIT_NCF_Oil!AF44)*(A44<=Ec_IO!$D$22)
ADDED,Project_NCF,AB5,,=(CIT_NCF_Gas!AF5+CIT_NCF_Oil!AF5)*(A5<=Ec_IO!$D$22)
ADDED,Project_NCF,AB51,,=SUM(AB5:AB49)
ADDED,Project_NCF,AB6,,=(CIT_NCF_Gas!AF6+CIT_NCF_Oil!AF6)*(A6<=Ec_IO!$D$22)
ADDED,Project_NCF,AB7,,=(CIT_NCF_Gas!AF7+CIT_NCF_Oil!AF7)*(A7<=Ec_IO!$D$22)
ADDED,Project_NCF,AB8,,=(CIT_NCF_Gas!AF8+CIT_NCF_Oil!AF8)*(A8<=Ec_IO!$D$22)
ADDED,Project_NCF,AB9,,=(CIT_NCF_Gas!AF9+CIT_NCF_Oil!AF9)*(A9<=Ec_IO!$D$22)
ADDED,Project_NCF,AC10,,=(CIT_NCF_Oil!AG10+CIT_NCF_Gas!AG10)*(A10<=Ec_IO!$D$22)
ADDED,Project_NCF,AC11,,=(CIT_NCF_Oil!AG11+CIT_NCF_Gas!AG11)*(A11<=Ec_IO!$D$22)
ADDED,Project_NCF,AC12,,=(CIT_NCF_Oil!AG12+CIT_NCF_Gas!AG12)*(A12<=Ec_IO!$D$22)
ADDED,Project_NCF,AC13,,=(CIT_NCF_Oil!AG13+CIT_NCF_Gas!AG13)*(A13<=Ec_IO!$D$22)
ADDED,Project_NCF,AC14,,=(CIT_NCF_Oil!AG14+CIT_NCF_Gas!AG14)*(A14<=Ec_IO!$D$22)
ADDED,Project_NCF,AC15,,=(CIT_NCF_Oil!AG15+CIT_NCF_Gas!AG15)*(A15<=Ec_IO!$D$22)
ADDED,Project_NCF,AC16,,=(CIT_NCF_Oil!AG16+CIT_NCF_Gas!AG16)*(A16<=Ec_IO!$D$22)
ADDED,Project_NCF,AC17,,=(CIT_NCF_Oil!AG17+CIT_NCF_Gas!AG17)*(A17<=Ec_IO!$D$22)
ADDED,Project_NCF,AC18,,=(CIT_NCF_Oil!AG18+CIT_NCF_Gas!AG18)*(A18<=Ec_IO!$D$22)
ADDED,Project_NCF,AC19,,=(CIT_NCF_Oil!AG19+CIT_NCF_Gas!AG19)*(A19<=Ec_IO!$D$22)
ADDED,Project_NCF,AC20,,=(CIT_NCF_Oil!AG20+CIT_NCF_Gas!AG20)*(A20<=Ec_IO!$D$22)
ADDED,Project_NCF,AC21,,=(CIT_NCF_Oil!AG21+CIT_NCF_Gas!AG21)*(A21<=Ec_IO!$D$22)
ADDED,Project_NCF,AC22,,=(CIT_NCF_Oil!AG22+CIT_NCF_Gas!AG22)*(A22<=Ec_IO!$D$22)
ADDED,Project_NCF,AC23,,=(CIT_NCF_Oil!AG23+CIT_NCF_Gas!AG23)*(A23<=Ec_IO!$D$22)
ADDED,Project_NCF,AC24,,=(CIT_NCF_Oil!AG24+CIT_NCF_Gas!AG24)*(A24<=Ec_IO!$D$22)
ADDED,Project_NCF,AC25,,=(CIT_NCF_Oil!AG25+CIT_NCF_Gas!AG25)*(A25<=Ec_IO!$D$22)
ADDED,Project_NCF,AC26,,=(CIT_NCF_Oil!AG26+CIT_NCF_Gas!AG26)*(A26<=Ec_IO!$D$22)
ADDED,Project_NCF,AC27,,=(CIT_NCF_Oil!AG27+CIT_NCF_Gas!AG27)*(A27<=Ec_IO!$D$22)
ADDED,Project_NCF,AC28,,=(CIT_NCF_Oil!AG28+CIT_NCF_Gas!AG28)*(A28<=Ec_IO!$D$22)
ADDED,Project_NCF,AC29,,=(CIT_NCF_Oil!AG29+CIT_NCF_Gas!AG29)*(A29<=Ec_IO!$D$22)
ADDED,Project_NCF,AC30,,=(CIT_NCF_Oil!AG30+CIT_NCF_Gas!AG30)*(A30<=Ec_IO!$D$22)
ADDED,Project_NCF,AC31,,=(CIT_NCF_Oil!AG31+CIT_NCF_Gas!AG31)*(A31<=Ec_IO!$D$22)
ADDED,Project_NCF,AC32,,=(CIT_NCF_Oil!AG32+CIT_NCF_Gas!AG32)*(A32<=Ec_IO!$D$22)
ADDED,Project_NCF,AC33,,=(CIT_NCF_Oil!AG33+CIT_NCF_Gas!AG33)*(A33<=Ec_IO!$D$22)
ADDED,Project_NCF,AC34,,=(CIT_NCF_Oil!AG34+CIT_NCF_Gas!AG34)*(A34<=Ec_IO!$D$22)
ADDED,Project_NCF,AC35,,=(CIT_NCF_Oil!AG35+CIT_NCF_Gas!AG35)*(A35<=Ec_IO!$D$22)
ADDED,Project_NCF,AC36,,=(CIT_NCF_Oil!AG36+CIT_NCF_Gas!AG36)*(A36<=Ec_IO!$D$22)
ADDED,Project_NCF,AC37,,=(CIT_NCF_Oil!AG37+CIT_NCF_Gas!AG37)*(A37<=Ec_IO!$D$22)
ADDED,Project_NCF,AC38,,=(CIT_NCF_Oil!AG38+CIT_NCF_Gas!AG38)*(A38<=Ec_IO!$D$22)
ADDED,Project_NCF,AC39,,=(CIT_NCF_Oil!AG39+CIT_NCF_Gas!AG39)*(A39<=Ec_IO!$D$22)
ADDED,Project_NCF,AC40,,=(CIT_NCF_Oil!AG40+CIT_NCF_Gas!AG40)*(A40<=Ec_IO!$D$22)
ADDED,Project_NCF,AC41,,=(CIT_NCF_Oil!AG41+CIT_NCF_Gas!AG41)*(A41<=Ec_IO!$D$22)
ADDED,Project_NCF,AC42,,=(CIT_NCF_Oil!AG42+CIT_NCF_Gas!AG42)*(A42<=Ec_IO!$D$22)
ADDED,Project_NCF,AC43,,=(CIT_NCF_Oil!AG43+CIT_NCF_Gas!AG43)*(A43<=Ec_IO!$D$22)
ADDED,Project_NCF,AC44,,=(CIT_NCF_Oil!AG44+CIT_NCF_Gas!AG44)*(A44<=Ec_IO!$D$22)
ADDED,Project_NCF,AC45,,=(CIT_NCF_Oil!AG45+CIT_NCF_Gas!AG45)*(A45<=Ec_IO!$D$22)
ADDED,Project_NCF,AC46,,=(CIT_NCF_Oil!AG46+CIT_NCF_Gas!AG46)*(A46<=Ec_IO!$D$22)
ADDED,Project_NCF,AC47,,=(CIT_NCF_Oil!AG47+CIT_NCF_Gas!AG47)*(A47<=Ec_IO!$D$22)
ADDED,Project_NCF,AC48,,=(CIT_NCF_Oil!AG48+CIT_NCF_Gas!AG48)*(A48<=Ec_IO!$D$22)
ADDED,Project_NCF,AC49,,=(CIT_NCF_Oil!AG49+CIT_NCF_Gas!AG49)*(A49<=Ec_IO!$D$22)
ADDED,Project_NCF,AC5,,=(CIT_NCF_Oil!AG5+CIT_NCF_Gas!AG5)*(A5<=Ec_IO!$D$22)
ADDED,Project_NCF,AC51,,=SUM(AC5:AC49)
ADDED,Project_NCF,AC6,,=(CIT_NCF_Oil!AG6+CIT_NCF_Gas!AG6)*(A6<=Ec_IO!$D$22)
ADDED,Project_NCF,AC7,,=(CIT_NCF_Oil!AG7+CIT_NCF_Gas!AG7)*(A7<=Ec_IO!$D$22)
ADDED,Project_NCF,AC8,,=(CIT_NCF_Oil!AG8+CIT_NCF_Gas!AG8)*(A8<=Ec_IO!$D$22)
ADDED,Project_NCF,AC9,,=(CIT_NCF_Oil!AG9+CIT_NCF_Gas!AG9)*(A9<=Ec_IO!$D$22)
ADDED,Project_NCF,AD10,,=HT_NCF_Oil!AO10
ADDED,Project_NCF,AD11,,=HT_NCF_Oil!AO11
ADDED,Project_NCF,AD12,,=HT_NCF_Oil!AO12
ADDED,Project_NCF,AD13,,=HT_NCF_Oil!AO13
ADDED,Project_NCF,AD14,,=HT_NCF_Oil!AO14
ADDED,Project_NCF,AD15,,=HT_NCF_Oil!AO15
ADDED,Project_NCF,AD16,,=HT_NCF_Oil!AO16
ADDED,Project_NCF,AD17,,=HT_NCF_Oil!AO17
ADDED,Project_NCF,AD18,,=HT_NCF_Oil!AO18
ADDED,Project_NCF,AD19,,=HT_NCF_Oil!AO19
ADDED,Project_NCF,AD20,,=HT_NCF_Oil!AO20
ADDED,Project_NCF,AD21,,=HT_NCF_Oil!AO21
ADDED,Project_NCF,AD22,,=HT_NCF_Oil!AO22
ADDED,Project_NCF,AD23,,=HT_NCF_Oil!AO23
ADDED,Project_NCF,AD24,,=HT_NCF_Oil!AO24
ADDED,Project_NCF,AD25,,=HT_NCF_Oil!AO25
ADDED,Project_NCF,AD26,,=HT_NCF_Oil!AO26
ADDED,Project_NCF,AD27,,=HT_NCF_Oil!AO27
ADDED,Project_NCF,AD28,,=HT_NCF_Oil!AO28
ADDED,Project_NCF,AD29,,=HT_NCF_Oil!AO29
ADDED,Project_NCF,AD30,,=HT_NCF_Oil!AO30
ADDED,Project_NCF,AD31,,=HT_NCF_Oil!AO31
ADDED,Project_NCF,AD32,,=HT_NCF_Oil!AO32
ADDED,Project_NCF,AD33,,=HT_NCF_Oil!AO33
ADDED,Project_NCF,AD34,,=HT_NCF_Oil!AO34
ADDED,Project_NCF,AD35,,=HT_NCF_Oil!AO35
ADDED,Project_NCF,AD36,,=HT_NCF_Oil!AO36
ADDED,Project_NCF,AD37,,=HT_NCF_Oil!AO37
ADDED,Project_NCF,AD38,,=HT_NCF_Oil!AO38
ADDED,Project_NCF,AD39,,=HT_NCF_Oil!AO39
ADDED,Project_NCF,AD40,,=HT_NCF_Oil!AO40
ADDED,Project_NCF,AD41,,=HT_NCF_Oil!AO41
ADDED,Project_NCF,AD42,,=HT_NCF_Oil!AO42
ADDED,Project_NCF,AD43,,=HT_NCF_Oil!AO43
ADDED,Project_NCF,AD44,,=HT_NCF_Oil!AO44
ADDED,Project_NCF,AD45,,=HT_NCF_Oil!AO45
ADDED,Project_NCF,AD46,,=HT_NCF_Oil!AO46
ADDED,Project_NCF,AD47,,=HT_NCF_Oil!AO47
ADDED,Project_NCF,AD48,,=HT_NCF_Oil!AO48
ADDED,Project_NCF,AD49,,=HT_NCF_Oil!AO49
ADDED,Project_NCF,AD5,,=HT_NCF_Oil!AO5
ADDED,Project_NCF,AD51,,=SUM(AD5:AD49)
ADDED,Project_NCF,AD6,,=HT_NCF_Oil!AO6
ADDED,Project_NCF,AD7,,=HT_NCF_Oil!AO7
ADDED,Project_NCF,AD8,,=HT_NCF_Oil!AO8
ADDED,Project_NCF,AD9,,=HT_NCF_Oil!AO9
ADDED,Project_NCF,AE10,,=(AD10+AC10+AB10+R10+Q10+P10+O10+I10+H10+G10+F10)*(A10<=Ec_IO!$D$22)
ADDED,Project_NCF,AE11,,=(AD11+AC11+AB11+R11+Q11+P11+O11+I11+H11+G11+F11)*(A11<=Ec_IO!$D$22)
ADDED,Project_NCF,AE12,,=(AD12+AC12+AB12+R12+Q12+P12+O12+I12+H12+G12+F12)*(A12<=Ec_IO!$D$22)
ADDED,Project_NCF,AE13,,=(AD13+AC13+AB13+R13+Q13+P13+O13+I13+H13+G13+F13)*(A13<=Ec_IO!$D$22)
ADDED,Project_NCF,AE14,,=(AD14+AC14+AB14+R14+Q14+P14+O14+I14+H14+G14+F14)*(A14<=Ec_IO!$D$22)
ADDED,Project_NCF,AE15,,=(AD15+AC15+AB15+R15+Q15+P15+O15+I15+H15+G15+F15)*(A15<=Ec_IO!$D$22)
ADDED,Project_NCF,AE16,,=(AD16+AC16+AB16+R16+Q16+P16+O16+I16+H16+G16+F16)*(A16<=Ec_IO!$D$22)
ADDED,Project_NCF,AE17,,=(AD17+AC17+AB17+R17+Q17+P17+O17+I17+H17+G17+F17)*(A17<=Ec_IO!$D$22)
ADDED,Project_NCF,AE18,,=(AD18+AC18+AB18+R18+Q18+P18+O18+I18+H18+G18+F18)*(A18<=Ec_IO!$D$22)
ADDED,Project_NCF,AE19,,=(AD19+AC19+AB19+R19+Q19+P19+O19+I19+H19+G19+F19)*(A19<=Ec_IO!$D$22)
ADDED,Project_NCF,AE20,,=(AD20+AC20+AB20+R20+Q20+P20+O20+I20+H20+G20+F20)*(A20<=Ec_IO!$D$22)
ADDED,Project_NCF,AE21,,=(AD21+AC21+AB21+R21+Q21+P21+O21+I21+H21+G21+F21)*(A21<=Ec_IO!$D$22)
ADDED,Project_NCF,AE22,,=(AD22+AC22+AB22+R22+Q22+P22+O22+I22+H22+G22+F22)*(A22<=Ec_IO!$D$22)
ADDED,Project_NCF,AE23,,=(AD23+AC23+AB23+R23+Q23+P23+O23+I23+H23+G23+F23)*(A23<=Ec_IO!$D$22)
ADDED,Project_NCF,AE24,,=(AD24+AC24+AB24+R24+Q24+P24+O24+I24+H24+G24+F24)*(A24<=Ec_IO!$D$22)
ADDED,Project_NCF,AE25,,=(AD25+AC25+AB25+R25+Q25+P25+O25+I25+H25+G25+F25)*(A25<=Ec_IO!$D$22)
ADDED,Project_NCF,AE26,,=(AD26+AC26+AB26+R26+Q26+P26+O26+I26+H26+G26+F26)*(A26<=Ec_IO!$D$22)
ADDED,Project_NCF,AE27,,=(AD27+AC27+AB27+R27+Q27+P27+O27+I27+H27+G27+F27)*(A27<=Ec_IO!$D$22)
ADDED,Project_NCF,AE28,,=(AD28+AC28+AB28+R28+Q28+P28+O28+I28+H28+G28+F28)*(A28<=Ec_IO!$D$22)
ADDED,Project_NCF,AE29,,=(AD29+AC29+AB29+R29+Q29+P29+O29+I29+H29+G29+F29)*(A29<=Ec_IO!$D$22)
ADDED,Project_NCF,AE30,,=(AD30+AC30+AB30+R30+Q30+P30+O30+I30+H30+G30+F30)*(A30<=Ec_IO!$D$22)
ADDED,Project_NCF,AE31,,=(AD31+AC31+AB31+R31+Q31+P31+O31+I31+H31+G31+F31)*(A31<=Ec_IO!$D$22)
ADDED,Project_NCF,AE32,,=(AD32+AC32+AB32+R32+Q32+P32+O32+I32+H32+G32+F32)*(A32<=Ec_IO!$D$22)
ADDED,Project_NCF,AE33,,=(AD33+AC33+AB33+R33+Q33+P33+O33+I33+H33+G33+F33)*(A33<=Ec_IO!$D$22)
ADDED,Project_NCF,AE34,,=(AD34+AC34+AB34+R34+Q34+P34+O34+I34+H34+G34+F34)*(A34<=Ec_IO!$D$22)
ADDED,Project_NCF,AE35,,=(AD35+AC35+AB35+R35+Q35+P35+O35+I35+H35+G35+F35)*(A35<=Ec_IO!$D$22)
ADDED,Project_NCF,AE36,,=(AD36+AC36+AB36+R36+Q36+P36+O36+I36+H36+G36+F36)*(A36<=Ec_IO!$D$22)
ADDED,Project_NCF,AE37,,=(AD37+AC37+AB37+R37+Q37+P37+O37+I37+H37+G37+F37)*(A37<=Ec_IO!$D$22)
ADDED,Project_NCF,AE38,,=(AD38+AC38+AB38+R38+Q38+P38+O38+I38+H38+G38+F38)*(A38<=Ec_IO!$D$22)
ADDED,Project_NCF,AE39,,=(AD39+AC39+AB39+R39+Q39+P39+O39+I39+H39+G39+F39)*(A39<=Ec_IO!$D$22)
ADDED,Project_NCF,AE40,,=(AD40+AC40+AB40+R40+Q40+P40+O40+I40+H40+G40+F40)*(A40<=Ec_IO!$D$22)
ADDED,Project_NCF,AE41,,=(AD41+AC41+AB41+R41+Q41+P41+O41+I41+H41+G41+F41)*(A41<=Ec_IO!$D$22)
ADDED,Project_NCF,AE42,,=(AD42+AC42+AB42+R42+Q42+P42+O42+I42+H42+G42+F42)*(A42<=Ec_IO!$D$22)
ADDED,Project_NCF,AE43,,=(AD43+AC43+AB43+R43+Q43+P43+O43+I43+H43+G43+F43)*(A43<=Ec_IO!$D$22)
ADDED,Project_NCF,AE44,,=(AD44+AC44+AB44+R44+Q44+P44+O44+I44+H44+G44+F44)*(A44<=Ec_IO!$D$22)
ADDED,Project_NCF,AE45,,=(AD45+AC45+AB45+R45+Q45+P45+O45+I45+H45+G45+F45)*(A45<=Ec_IO!$D$22)
ADDED,Project_NCF,AE46,,=(AD46+AC46+AB46+R46+Q46+P46+O46+I46+H46+G46+F46)*(A46<=Ec_IO!$D$22)
ADDED,Project_NCF,AE47,,=(AD47+AC47+AB47+R47+Q47+P47+O47+I47+H47+G47+F47)*(A47<=Ec_IO!$D$22)
ADDED,Project_NCF,AE48,,=(AD48+AC48+AB48+R48+Q48+P48+O48+I48+H48+G48+F48)*(A48<=Ec_IO!$D$22)
ADDED,Project_NCF,AE49,,=(AD49+AC49+AB49+R49+Q49+P49+O49+I49+H49+G49+F49)*(A49<=Ec_IO!$D$22)
ADDED,Project_NCF,AE5,,=(AD5+AC5+AB5+R5+Q5+P5+O5+I5+H5+G5+F5)*(A5<=Ec_IO!$D$22)
ADDED,Project_NCF,AE51,,=SUM(AE5:AE49)
ADDED,Project_NCF,AE6,,=(AD6+AC6+AB6+R6+Q6+P6+O6+I6+H6+G6+F6)*(A6<=Ec_IO!$D$22)
ADDED,Project_NCF,AE7,,=(AD7+AC7+AB7+R7+Q7+P7+O7+I7+H7+G7+F7)*(A7<=Ec_IO!$D$22)
ADDED,Project_NCF,AE8,,=(AD8+AC8+AB8+R8+Q8+P8+O8+I8+H8+G8+F8)*(A8<=Ec_IO!$D$22)
ADDED,Project_NCF,AE9,,=(AD9+AC9+AB9+R9+Q9+P9+O9+I9+H9+G9+F9)*(A9<=Ec_IO!$D$22)
ADDED,Project_NCF,AF10,,=(B10-AE10-W10-X10-E10-J10-FLGT!AO10-FLGT!AP10+FLGT!AN10-'Equity Dash'!L6)*(A10<=Ec_IO!$D$22)
ADDED,Project_NCF,AF11,,=(B11-AE11-W11-X11-E11-J11-FLGT!AO11-FLGT!AP11+FLGT!AN11-'Equity Dash'!L7)*(A11<=Ec_IO!$D$22)
ADDED,Project_NCF,AF12,,=(B12-AE12-W12-X12-E12-J12-FLGT!AO12-FLGT!AP12+FLGT!AN12-'Equity Dash'!L8)*(A12<=Ec_IO!$D$22)
ADDED,Project_NCF,AF13,,=(B13-AE13-W13-X13-E13-J13-FLGT!AO13-FLGT!AP13+FLGT!AN13-'Equity Dash'!L9)*(A13<=Ec_IO!$D$22)
ADDED,Project_NCF,AF14,,=(B14-AE14-W14-X14-E14-J14-FLGT!AO14-FLGT!AP14+FLGT!AN14-'Equity Dash'!L10)*(A14<=Ec_IO!$D$22)
ADDED,Project_NCF,AF15,,=(B15-AE15-W15-X15-E15-J15-FLGT!AO15-FLGT!AP15+FLGT!AN15-'Equity Dash'!L11)*(A15<=Ec_IO!$D$22)
ADDED,Project_NCF,AF16,,=(B16-AE16-W16-X16-E16-J16-FLGT!AO16-FLGT!AP16+FLGT!AN16-'Equity Dash'!L12)*(A16<=Ec_IO!$D$22)
ADDED,Project_NCF,AF17,,=(B17-AE17-W17-X17-E17-J17-FLGT!AO17-FLGT!AP17+FLGT!AN17-'Equity Dash'!L13)*(A17<=Ec_IO!$D$22)
ADDED,Project_NCF,AF18,,=(B18-AE18-W18-X18-E18-J18-FLGT!AO18-FLGT!AP18+FLGT!AN18-'Equity Dash'!L14)*(A18<=Ec_IO!$D$22)
ADDED,Project_NCF,AF19,,=(B19-AE19-W19-X19-E19-J19-FLGT!AO19-FLGT!AP19+FLGT!AN19-'Equity Dash'!L15)*(A19<=Ec_IO!$D$22)
ADDED,Project_NCF,AF20,,=(B20-AE20-W20-X20-E20-J20-FLGT!AO20-FLGT!AP20+FLGT!AN20-'Equity Dash'!L16)*(A20<=Ec_IO!$D$22)
ADDED,Project_NCF,AF21,,=(B21-AE21-W21-X21-E21-J21-FLGT!AO21-FLGT!AP21+FLGT!AN21-'Equity Dash'!L17)*(A21<=Ec_IO!$D$22)
ADDED,Project_NCF,AF22,,=(B22-AE22-W22-X22-E22-J22-FLGT!AO22-FLGT!AP22+FLGT!AN22-'Equity Dash'!L18)*(A22<=Ec_IO!$D$22)
ADDED,Project_NCF,AF23,,=(B23-AE23-W23-X23-E23-J23-FLGT!AO23-FLGT!AP23+FLGT!AN23-'Equity Dash'!L19)*(A23<=Ec_IO!$D$22)
ADDED,Project_NCF,AF24,,=(B24-AE24-W24-X24-E24-J24-FLGT!AO24-FLGT!AP24+FLGT!AN24-'Equity Dash'!L20)*(A24<=Ec_IO!$D$22)
ADDED,Project_NCF,AF25,,=(B25-AE25-W25-X25-E25-J25-FLGT!AO25-FLGT!AP25+FLGT!AN25-'Equity Dash'!L21)*(A25<=Ec_IO!$D$22)
ADDED,Project_NCF,AF26,,=(B26-AE26-W26-X26-E26-J26-FLGT!AO26-FLGT!AP26+FLGT!AN26-'Equity Dash'!L22)*(A26<=Ec_IO!$D$22)
ADDED,Project_NCF,AF27,,=(B27-AE27-W27-X27-E27-J27-FLGT!AO27-FLGT!AP27+FLGT!AN27-'Equity Dash'!L23)*(A27<=Ec_IO!$D$22)
ADDED,Project_NCF,AF28,,=(B28-AE28-W28-X28-E28-J28-FLGT!AO28-FLGT!AP28+FLGT!AN28-'Equity Dash'!L24)*(A28<=Ec_IO!$D$22)
ADDED,Project_NCF,AF29,,=(B29-AE29-W29-X29-E29-J29-FLGT!AO29-FLGT!AP29+FLGT!AN29-'Equity Dash'!L25)*(A29<=Ec_IO!$D$22)
ADDED,Project_NCF,AF30,,=(B30-AE30-W30-X30-E30-J30-FLGT!AO30-FLGT!AP30+FLGT!AN30-'Equity Dash'!L26)*(A30<=Ec_IO!$D$22)
ADDED,Project_NCF,AF31,,=(B31-AE31-W31-X31-E31-J31-FLGT!AO31-FLGT!AP31+FLGT!AN31-'Equity Dash'!L27)*(A31<=Ec_IO!$D$22)
ADDED,Project_NCF,AF32,,=(B32-AE32-W32-X32-E32-J32-FLGT!AO32-FLGT!AP32+FLGT!AN32-'Equity Dash'!L28)*(A32<=Ec_IO!$D$22)
ADDED,Project_NCF,AF33,,=(B33-AE33-W33-X33-E33-J33-FLGT!AO33-FLGT!AP33+FLGT!AN33-'Equity Dash'!L29)*(A33<=Ec_IO!$D$22)
ADDED,Project_NCF,AF34,,=(B34-AE34-W34-X34-E34-J34-FLGT!AO34-FLGT!AP34+FLGT!AN34-'Equity Dash'!L30)*(A34<=Ec_IO!$D$22)
ADDED,Project_NCF,AF35,,=(B35-AE35-W35-X35-E35-J35-FLGT!AO35-FLGT!AP35+FLGT!AN35-'Equity Dash'!L31)*(A35<=Ec_IO!$D$22)
ADDED,Project_NCF,AF36,,=(B36-AE36-W36-X36-E36-J36-FLGT!AO36-FLGT!AP36+FLGT!AN36-'Equity Dash'!L32)*(A36<=Ec_IO!$D$22)
ADDED,Project_NCF,AF37,,=(B37-AE37-W37-X37-E37-J37-FLGT!AO37-FLGT!AP37+FLGT!AN37-'Equity Dash'!L33)*(A37<=Ec_IO!$D$22)
ADDED,Project_NCF,AF38,,=(B38-AE38-W38-X38-E38-J38-FLGT!AO38-FLGT!AP38+FLGT!AN38-'Equity Dash'!L34)*(A38<=Ec_IO!$D$22)
ADDED,Project_NCF,AF39,,=(B39-AE39-W39-X39-E39-J39-FLGT!AO39-FLGT!AP39+FLGT!AN39-'Equity Dash'!L35)*(A39<=Ec_IO!$D$22)
ADDED,Project_NCF,AF40,,=(B40-AE40-W40-X40-E40-J40-FLGT!AO40-FLGT!AP40+FLGT!AN40-'Equity Dash'!L36)*(A40<=Ec_IO!$D$22)
ADDED,Project_NCF,AF41,,=(B41-AE41-W41-X41-E41-J41-FLGT!AO41-FLGT!AP41+FLGT!AN41-'Equity Dash'!L37)*(A41<=Ec_IO!$D$22)
ADDED,Project_NCF,AF42,,=(B42-AE42-W42-X42-E42-J42-FLGT!AO42-FLGT!AP42+FLGT!AN42-'Equity Dash'!L38)*(A42<=Ec_IO!$D$22)
ADDED,Project_NCF,AF43,,=(B43-AE43-W43-X43-E43-J43-FLGT!AO43-FLGT!AP43+FLGT!AN43-'Equity Dash'!L39)*(A43<=Ec_IO!$D$22)
ADDED,Project_NCF,AF44,,=(B44-AE44-W44-X44-E44-J44-FLGT!AO44-FLGT!AP44+FLGT!AN44-'Equity Dash'!L40)*(A44<=Ec_IO!$D$22)
ADDED,Project_NCF,AF45,,=(B45-AE45-W45-X45-E45-J45-FLGT!AO45-FLGT!AP45+FLGT!AN45-'Equity Dash'!L41)*(A45<=Ec_IO!$D$22)
ADDED,Project_NCF,AF46,,=(B46-AE46-W46-X46-E46-J46-FLGT!AO46-FLGT!AP46+FLGT!AN46-'Equity Dash'!L42)*(A46<=Ec_IO!$D$22)
ADDED,Project_NCF,AF47,,=(B47-AE47-W47-X47-E47-J47-FLGT!AO47-FLGT!AP47+FLGT!AN47-'Equity Dash'!L43)*(A47<=Ec_IO!$D$22)
ADDED,Project_NCF,AF48,,=(B48-AE48-W48-X48-E48-J48-FLGT!AO48-FLGT!AP48+FLGT!AN48-'Equity Dash'!L44)*(A48<=Ec_IO!$D$22)
ADDED,Project_NCF,AF49,,=(B49-AE49-W49-X49-E49-J49-FLGT!AO49-FLGT!AP49+FLGT!AN49-'Equity Dash'!L45)*(A49<=Ec_IO!$D$22)
ADDED,Project_NCF,AF5,,=(B5-AE5-W5-X5-E5-J5-FLGT!AO5-FLGT!AP5+FLGT!AN5-'Equity Dash'!L1)*(A5<=Ec_IO!$D$22)
ADDED,Project_NCF,AF51,,=SUM(AF5:AF49)
ADDED,Project_NCF,AF6,,=(B6-AE6-W6-X6-E6-J6-FLGT!AO6-FLGT!AP6+FLGT!AN6-'Equity Dash'!L2)*(A6<=Ec_IO!$D$22)
ADDED,Project_NCF,AF7,,=(B7-AE7-W7-X7-E7-J7-FLGT!AO7-FLGT!AP7+FLGT!AN7-'Equity Dash'!L3)*(A7<=Ec_IO!$D$22)
ADDED,Project_NCF,AF8,,=(B8-AE8-W8-X8-E8-J8-FLGT!AO8-FLGT!AP8+FLGT!AN8-'Equity Dash'!L4)*(A8<=Ec_IO!$D$22)
ADDED,Project_NCF,AF9,,=(B9-AE9-W9-X9-E9-J9-FLGT!AO9-FLGT!AP9+FLGT!AN9-'Equity Dash'!L5)*(A9<=Ec_IO!$D$22)
ADDED,Project_NCF,AG10,,=(AE10/(1+Ec_IO!$C$15*(100%+Analysis!$N$14))^(A10-Ec_IO!$C$5))*(A10<=Ec_IO!$D$22)
ADDED,Project_NCF,AG11,,=(AE11/(1+Ec_IO!$C$15*(100%+Analysis!$N$14))^(A11-Ec_IO!$C$5))*(A11<=Ec_IO!$D$22)
ADDED,Project_NCF,AG12,,=(AE12/(1+Ec_IO!$C$15*(100%+Analysis!$N$14))^(A12-Ec_IO!$C$5))*(A12<=Ec_IO!$D$22)
ADDED,Project_NCF,AG13,,=(AE13/(1+Ec_IO!$C$15*(100%+Analysis!$N$14))^(A13-Ec_IO!$C$5))*(A13<=Ec_IO!$D$22)
ADDED,Project_NCF,AG14,,=(AE14/(1+Ec_IO!$C$15*(100%+Analysis!$N$14))^(A14-Ec_IO!$C$5))*(A14<=Ec_IO!$D$22)
ADDED,Project_NCF,AG15,,=(AE15/(1+Ec_IO!$C$15*(100%+Analysis!$N$14))^(A15-Ec_IO!$C$5))*(A15<=Ec_IO!$D$22)
ADDED,Project_NCF,AG16,,=(AE16/(1+Ec_IO!$C$15*(100%+Analysis!$N$14))^(A16-Ec_IO!$C$5))*(A16<=Ec_IO!$D$22)
ADDED,Project_NCF,AG17,,=(AE17/(1+Ec_IO!$C$15*(100%+Analysis!$N$14))^(A17-Ec_IO!$C$5))*(A17<=Ec_IO!$D$22)
ADDED,Project_NCF,AG18,,=(AE18/(1+Ec_IO!$C$15*(100%+Analysis!$N$14))^(A18-Ec_IO!$C$5))*(A18<=Ec_IO!$D$22)
ADDED,Project_NCF,AG19,,=(AE19/(1+Ec_IO!$C$15*(100%+Analysis!$N$14))^(A19-Ec_IO!$C$5))*(A19<=Ec_IO!$D$22)
ADDED,Project_NCF,AG20,,=(AE20/(1+Ec_IO!$C$15*(100%+Analysis!$N$14))^(A20-Ec_IO!$C$5))*(A20<=Ec_IO!$D$22)
ADDED,Project_NCF,AG21,,=(AE21/(1+Ec_IO!$C$15*(100%+Analysis!$N$14))^(A21-Ec_IO!$C$5))*(A21<=Ec_IO!$D$22)
ADDED,Project_NCF,AG22,,=(AE22/(1+Ec_IO!$C$15*(100%+Analysis!$N$14))^(A22-Ec_IO!$C$5))*(A22<=Ec_IO!$D$22)
ADDED,Project_NCF,AG23,,=(AE23/(1+Ec_IO!$C$15*(100%+Analysis!$N$14))^(A23-Ec_IO!$C$5))*(A23<=Ec_IO!$D$22)
ADDED,Project_NCF,AG24,,=(AE24/(1+Ec_IO!$C$15*(100%+Analysis!$N$14))^(A24-Ec_IO!$C$5))*(A24<=Ec_IO!$D$22)
ADDED,Project_NCF,AG25,,=(AE25/(1+Ec_IO!$C$15*(100%+Analysis!$N$14))^(A25-Ec_IO!$C$5))*(A25<=Ec_IO!$D$22)
ADDED,Project_NCF,AG26,,=(AE26/(1+Ec_IO!$C$15*(100%+Analysis!$N$14))^(A26-Ec_IO!$C$5))*(A26<=Ec_IO!$D$22)
ADDED,Project_NCF,AG27,,=(AE27/(1+Ec_IO!$C$15*(100%+Analysis!$N$14))^(A27-Ec_IO!$C$5))*(A27<=Ec_IO!$D$22)
ADDED,Project_NCF,AG28,,=(AE28/(1+Ec_IO!$C$15*(100%+Analysis!$N$14))^(A28-Ec_IO!$C$5))*(A28<=Ec_IO!$D$22)
ADDED,Project_NCF,AG29,,=(AE29/(1+Ec_IO!$C$15*(100%+Analysis!$N$14))^(A29-Ec_IO!$C$5))*(A29<=Ec_IO!$D$22)
ADDED,Project_NCF,AG30,,=(AE30/(1+Ec_IO!$C$15*(100%+Analysis!$N$14))^(A30-Ec_IO!$C$5))*(A30<=Ec_IO!$D$22)
ADDED,Project_NCF,AG31,,=(AE31/(1+Ec_IO!$C$15*(100%+Analysis!$N$14))^(A31-Ec_IO!$C$5))*(A31<=Ec_IO!$D$22)
ADDED,Project_NCF,AG32,,=(AE32/(1+Ec_IO!$C$15*(100%+Analysis!$N$14))^(A32-Ec_IO!$C$5))*(A32<=Ec_IO!$D$22)
ADDED,Project_NCF,AG33,,=(AE33/(1+Ec_IO!$C$15*(100%+Analysis!$N$14))^(A33-Ec_IO!$C$5))*(A33<=Ec_IO!$D$22)
ADDED,Project_NCF,AG34,,=(AE34/(1+Ec_IO!$C$15*(100%+Analysis!$N$14))^(A34-Ec_IO!$C$5))*(A34<=Ec_IO!$D$22)
ADDED,Project_NCF,AG35,,=(AE35/(1+Ec_IO!$C$15*(100%+Analysis!$N$14))^(A35-Ec_IO!$C$5))*(A35<=Ec_IO!$D$22)
ADDED,Project_NCF,AG36,,=(AE36/(1+Ec_IO!$C$15*(100%+Analysis!$N$14))^(A36-Ec_IO!$C$5))*(A36<=Ec_IO!$D$22)
ADDED,Project_NCF,AG37,,=(AE37/(1+Ec_IO!$C$15*(100%+Analysis!$N$14))^(A37-Ec_IO!$C$5))*(A37<=Ec_IO!$D$22)
ADDED,Project_NCF,AG38,,=(AE38/(1+Ec_IO!$C$15*(100%+Analysis!$N$14))^(A38-Ec_IO!$C$5))*(A38<=Ec_IO!$D$22)
ADDED,Project_NCF,AG39,,=(AE39/(1+Ec_IO!$C$15*(100%+Analysis!$N$14))^(A39-Ec_IO!$C$5))*(A39<=Ec_IO!$D$22)
ADDED,Project_NCF,AG40,,=(AE40/(1+Ec_IO!$C$15*(100%+Analysis!$N$14))^(A40-Ec_IO!$C$5))*(A40<=Ec_IO!$D$22)
ADDED,Project_NCF,AG41,,=(AE41/(1+Ec_IO!$C$15*(100%+Analysis!$N$14))^(A41-Ec_IO!$C$5))*(A41<=Ec_IO!$D$22)
ADDED,Project_NCF,AG42,,=(AE42/(1+Ec_IO!$C$15*(100%+Analysis!$N$14))^(A42-Ec_IO!$C$5))*(A42<=Ec_IO!$D$22)
ADDED,Project_NCF,AG43,,=(AE43/(1+Ec_IO!$C$15*(100%+Analysis!$N$14))^(A43-Ec_IO!$C$5))*(A43<=Ec_IO!$D$22)
ADDED,Project_NCF,AG44,,=(AE44/(1+Ec_IO!$C$15*(100%+Analysis!$N$14))^(A44-Ec_IO!$C$5))*(A44<=Ec_IO!$D$22)
ADDED,Project_NCF,AG45,,=(AE45/(1+Ec_IO!$C$15*(100%+Analysis!$N$14))^(A45-Ec_IO!$C$5))*(A45<=Ec_IO!$D$22)
ADDED,Project_NCF,AG46,,=(AE46/(1+Ec_IO!$C$15*(100%+Analysis!$N$14))^(A46-Ec_IO!$C$5))*(A46<=Ec_IO!$D$22)
ADDED,Project_NCF,AG47,,=(AE47/(1+Ec_IO!$C$15*(100%+Analysis!$N$14))^(A47-Ec_IO!$C$5))*(A47<=Ec_IO!$D$22)
ADDED,Project_NCF,AG48,,=(AE48/(1+Ec_IO!$C$15*(100%+Analysis!$N$14))^(A48-Ec_IO!$C$5))*(A48<=Ec_IO!$D$22)
ADDED,Project_NCF,AG49,,=(AE49/(1+Ec_IO!$C$15*(100%+Analysis!$N$14))^(A49-Ec_IO!$C$5))*(A49<=Ec_IO!$D$22)
ADDED,Project_NCF,AG5,,=(AE5/(1+Ec_IO!$C$15*(100%+Analysis!$N$14))^(A5-Ec_IO!$C$5))*(A5<=Ec_IO!$D$22)
ADDED,Project_NCF,AG51,,=SUM(AG5:AG49)
ADDED,Project_NCF,AG58,,=IRR(AF5:AF49)
ADDED,Project_NCF,AG6,,=(AE6/(1+Ec_IO!$C$15*(100%+Analysis!$N$14))^(A6-Ec_IO!$C$5))*(A6<=Ec_IO!$D$22)
ADDED,Project_NCF,AG7,,=(AE7/(1+Ec_IO!$C$15*(100%+Analysis!$N$14))^(A7-Ec_IO!$C$5))*(A7<=Ec_IO!$D$22)
ADDED,Project_NCF,AG8,,=(AE8/(1+Ec_IO!$C$15*(100%+Analysis!$N$14))^(A8-Ec_IO!$C$5))*(A8<=Ec_IO!$D$22)
ADDED,Project_NCF,AG9,,=(AE9/(1+Ec_IO!$C$15*(100%+Analysis!$N$14))^(A9-Ec_IO!$C$5))*(A9<=Ec_IO!$D$22)
ADDED,Project_NCF,AH10,,=(AF10/(1+Ec_IO!$C$15*(100%+Analysis!$N$14))^(A10-Ec_IO!$C$5))*(A10<=Ec_IO!$D$22)
ADDED,Project_NCF,AH11,,=(AF11/(1+Ec_IO!$C$15*(100%+Analysis!$N$14))^(A11-Ec_IO!$C$5))*(A11<=Ec_IO!$D$22)
ADDED,Project_NCF,AH12,,=(AF12/(1+Ec_IO!$C$15*(100%+Analysis!$N$14))^(A12-Ec_IO!$C$5))*(A12<=Ec_IO!$D$22)
ADDED,Project_NCF,AH13,,=(AF13/(1+Ec_IO!$C$15*(100%+Analysis!$N$14))^(A13-Ec_IO!$C$5))*(A13<=Ec_IO!$D$22)
ADDED,Project_NCF,AH14,,=(AF14/(1+Ec_IO!$C$15*(100%+Analysis!$N$14))^(A14-Ec_IO!$C$5))*(A14<=Ec_IO!$D$22)
ADDED,Project_NCF,AH15,,=(AF15/(1+Ec_IO!$C$15*(100%+Analysis!$N$14))^(A15-Ec_IO!$C$5))*(A15<=Ec_IO!$D$22)
ADDED,Project_NCF,AH16,,=(AF16/(1+Ec_IO!$C$15*(100%+Analysis!$N$14))^(A16-Ec_IO!$C$5))*(A16<=Ec_IO!$D$22)
ADDED,Project_NCF,AH17,,=(AF17/(1+Ec_IO!$C$15*(100%+Analysis!$N$14))^(A17-Ec_IO!$C$5))*(A17<=Ec_IO!$D$22)
ADDED,Project_NCF,AH18,,=(AF18/(1+Ec_IO!$C$15*(100%+Analysis!$N$14))^(A18-Ec_IO!$C$5))*(A18<=Ec_IO!$D$22)
ADDED,Project_NCF,AH19,,=(AF19/(1+Ec_IO!$C$15*(100%+Analysis!$N$14))^(A19-Ec_IO!$C$5))*(A19<=Ec_IO!$D$22)
ADDED,Project_NCF,AH20,,=(AF20/(1+Ec_IO!$C$15*(100%+Analysis!$N$14))^(A20-Ec_IO!$C$5))*(A20<=Ec_IO!$D$22)
ADDED,Project_NCF,AH21,,=(AF21/(1+Ec_IO!$C$15*(100%+Analysis!$N$14))^(A21-Ec_IO!$C$5))*(A21<=Ec_IO!$D$22)
ADDED,Project_NCF,AH22,,=(AF22/(1+Ec_IO!$C$15*(100%+Analysis!$N$14))^(A22-Ec_IO!$C$5))*(A22<=Ec_IO!$D$22)
ADDED,Project_NCF,AH23,,=(AF23/(1+Ec_IO!$C$15*(100%+Analysis!$N$14))^(A23-Ec_IO!$C$5))*(A23<=Ec_IO!$D$22)
ADDED,Project_NCF,AH24,,=(AF24/(1+Ec_IO!$C$15*(100%+Analysis!$N$14))^(A24-Ec_IO!$C$5))*(A24<=Ec_IO!$D$22)
ADDED,Project_NCF,AH25,,=(AF25/(1+Ec_IO!$C$15*(100%+Analysis!$N$14))^(A25-Ec_IO!$C$5))*(A25<=Ec_IO!$D$22)
ADDED,Project_NCF,AH26,,=(AF26/(1+Ec_IO!$C$15*(100%+Analysis!$N$14))^(A26-Ec_IO!$C$5))*(A26<=Ec_IO!$D$22)
ADDED,Project_NCF,AH27,,=(AF27/(1+Ec_IO!$C$15*(100%+Analysis!$N$14))^(A27-Ec_IO!$C$5))*(A27<=Ec_IO!$D$22)
ADDED,Project_NCF,AH28,,=(AF28/(1+Ec_IO!$C$15*(100%+Analysis!$N$14))^(A28-Ec_IO!$C$5))*(A28<=Ec_IO!$D$22)
ADDED,Project_NCF,AH29,,=(AF29/(1+Ec_IO!$C$15*(100%+Analysis!$N$14))^(A29-Ec_IO!$C$5))*(A29<=Ec_IO!$D$22)
ADDED,Project_NCF,AH30,,=(AF30/(1+Ec_IO!$C$15*(100%+Analysis!$N$14))^(A30-Ec_IO!$C$5))*(A30<=Ec_IO!$D$22)
ADDED,Project_NCF,AH31,,=(AF31/(1+Ec_IO!$C$15*(100%+Analysis!$N$14))^(A31-Ec_IO!$C$5))*(A31<=Ec_IO!$D$22)
ADDED,Project_NCF,AH32,,=(AF32/(1+Ec_IO!$C$15*(100%+Analysis!$N$14))^(A32-Ec_IO!$C$5))*(A32<=Ec_IO!$D$22)
ADDED,Project_NCF,AH33,,=(AF33/(1+Ec_IO!$C$15*(100%+Analysis!$N$14))^(A33-Ec_IO!$C$5))*(A33<=Ec_IO!$D$22)
ADDED,Project_NCF,AH34,,=(AF34/(1+Ec_IO!$C$15*(100%+Analysis!$N$14))^(A34-Ec_IO!$C$5))*(A34<=Ec_IO!$D$22)
ADDED,Project_NCF,AH35,,=(AF35/(1+Ec_IO!$C$15*(100%+Analysis!$N$14))^(A35-Ec_IO!$C$5))*(A35<=Ec_IO!$D$22)
ADDED,Project_NCF,AH36,,=(AF36/(1+Ec_IO!$C$15*(100%+Analysis!$N$14))^(A36-Ec_IO!$C$5))*(A36<=Ec_IO!$D$22)
ADDED,Project_NCF,AH37,,=(AF37/(1+Ec_IO!$C$15*(100%+Analysis!$N$14))^(A37-Ec_IO!$C$5))*(A37<=Ec_IO!$D$22)
ADDED,Project_NCF,AH38,,=(AF38/(1+Ec_IO!$C$15*(100%+Analysis!$N$14))^(A38-Ec_IO!$C$5))*(A38<=Ec_IO!$D$22)
ADDED,Project_NCF,AH39,,=(AF39/(1+Ec_IO!$C$15*(100%+Analysis!$N$14))^(A39-Ec_IO!$C$5))*(A39<=Ec_IO!$D$22)
ADDED,Project_NCF,AH40,,=(AF40/(1+Ec_IO!$C$15*(100%+Analysis!$N$14))^(A40-Ec_IO!$C$5))*(A40<=Ec_IO!$D$22)
ADDED,Project_NCF,AH41,,=(AF41/(1+Ec_IO!$C$15*(100%+Analysis!$N$14))^(A41-Ec_IO!$C$5))*(A41<=Ec_IO!$D$22)
ADDED,Project_NCF,AH42,,=(AF42/(1+Ec_IO!$C$15*(100%+Analysis!$N$14))^(A42-Ec_IO!$C$5))*(A42<=Ec_IO!$D$22)
ADDED,Project_NCF,AH43,,=(AF43/(1+Ec_IO!$C$15*(100%+Analysis!$N$14))^(A43-Ec_IO!$C$5))*(A43<=Ec_IO!$D$22)
ADDED,Project_NCF,AH44,,=(AF44/(1+Ec_IO!$C$15*(100%+Analysis!$N$14))^(A44-Ec_IO!$C$5))*(A44<=Ec_IO!$D$22)
ADDED,Project_NCF,AH45,,=(AF45/(1+Ec_IO!$C$15*(100%+Analysis!$N$14))^(A45-Ec_IO!$C$5))*(A45<=Ec_IO!$D$22)
ADDED,Project_NCF,AH46,,=(AF46/(1+Ec_IO!$C$15*(100%+Analysis!$N$14))^(A46-Ec_IO!$C$5))*(A46<=Ec_IO!$D$22)
ADDED,Project_NCF,AH47,,=(AF47/(1+Ec_IO!$C$15*(100%+Analysis!$N$14))^(A47-Ec_IO!$C$5))*(A47<=Ec_IO!$D$22)
ADDED,Project_NCF,AH48,,=(AF48/(1+Ec_IO!$C$15*(100%+Analysis!$N$14))^(A48-Ec_IO!$C$5))*(A48<=Ec_IO!$D$22)
ADDED,Project_NCF,AH49,,=(AF49/(1+Ec_IO!$C$15*(100%+Analysis!$N$14))^(A49-Ec_IO!$C$5))*(A49<=Ec_IO!$D$22)
ADDED,Project_NCF,AH5,,=(AF5/(1+Ec_IO!$C$15*(100%+Analysis!$N$14))^(A5-Ec_IO!$C$5))*(A5<=Ec_IO!$D$22)
ADDED,Project_NCF,AH51,,=SUM(AH5:AH49)
ADDED,Project_NCF,AH6,,=(AF6/(1+Ec_IO!$C$15*(100%+Analysis!$N$14))^(A6-Ec_IO!$C$5))*(A6<=Ec_IO!$D$22)
ADDED,Project_NCF,AH7,,=(AF7/(1+Ec_IO!$C$15*(100%+Analysis!$N$14))^(A7-Ec_IO!$C$5))*(A7<=Ec_IO!$D$22)
ADDED,Project_NCF,AH8,,=(AF8/(1+Ec_IO!$C$15*(100%+Analysis!$N$14))^(A8-Ec_IO!$C$5))*(A8<=Ec_IO!$D$22)
ADDED,Project_NCF,AH9,,=(AF9/(1+Ec_IO!$C$15*(100%+Analysis!$N$14))^(A9-Ec_IO!$C$5))*(A9<=Ec_IO!$D$22)
ADDED,Project_NCF,AI10,,=SUM(AH$5:$AH10)*(A10<=Ec_IO!$D$22)
ADDED,Project_NCF,AI11,,=SUM(AH$5:$AH11)*(A11<=Ec_IO!$D$22)
ADDED,Project_NCF,AI12,,=SUM(AH$5:$AH12)*(A12<=Ec_IO!$D$22)
ADDED,Project_NCF,AI13,,=SUM(AH$5:$AH13)*(A13<=Ec_IO!$D$22)
ADDED,Project_NCF,AI14,,=SUM(AH$5:$AH14)*(A14<=Ec_IO!$D$22)
ADDED,Project_NCF,AI15,,=SUM(AH$5:$AH15)*(A15<=Ec_IO!$D$22)
ADDED,Project_NCF,AI16,,=SUM(AH$5:$AH16)*(A16<=Ec_IO!$D$22)
ADDED,Project_NCF,AI17,,=SUM(AH$5:$AH17)*(A17<=Ec_IO!$D$22)
ADDED,Project_NCF,AI18,,=SUM(AH$5:$AH18)*(A18<=Ec_IO!$D$22)
ADDED,Project_NCF,AI19,,=SUM(AH$5:$AH19)*(A19<=Ec_IO!$D$22)
ADDED,Project_NCF,AI20,,=SUM(AH$5:$AH20)*(A20<=Ec_IO!$D$22)
ADDED,Project_NCF,AI21,,=SUM(AH$5:$AH21)*(A21<=Ec_IO!$D$22)
ADDED,Project_NCF,AI22,,=SUM(AH$5:$AH22)*(A22<=Ec_IO!$D$22)
ADDED,Project_NCF,AI23,,=SUM(AH$5:$AH23)*(A23<=Ec_IO!$D$22)
ADDED,Project_NCF,AI24,,=SUM(AH$5:$AH24)*(A24<=Ec_IO!$D$22)
ADDED,Project_NCF,AI25,,=SUM(AH$5:$AH25)*(A25<=Ec_IO!$D$22)
ADDED,Project_NCF,AI26,,=SUM(AH$5:$AH26)*(A26<=Ec_IO!$D$22)
ADDED,Project_NCF,AI27,,=SUM(AH$5:$AH27)*(A27<=Ec_IO!$D$22)
ADDED,Project_NCF,AI28,,=SUM(AH$5:$AH28)*(A28<=Ec_IO!$D$22)
ADDED,Project_NCF,AI29,,=SUM(AH$5:$AH29)*(A29<=Ec_IO!$D$22)
ADDED,Project_NCF,AI30,,=SUM(AH$5:$AH30)*(A30<=Ec_IO!$D$22)
ADDED,Project_NCF,AI31,,=SUM(AH$5:$AH31)*(A31<=Ec_IO!$D$22)
ADDED,Project_NCF,AI32,,=SUM(AH$5:$AH32)*(A32<=Ec_IO!$D$22)
ADDED,Project_NCF,AI33,,=SUM(AH$5:$AH33)*(A33<=Ec_IO!$D$22)
ADDED,Project_NCF,AI34,,=SUM(AH$5:$AH34)*(A34<=Ec_IO!$D$22)
ADDED,Project_NCF,AI35,,=SUM(AH$5:$AH35)*(A35<=Ec_IO!$D$22)
ADDED,Project_NCF,AI36,,=SUM(AH$5:$AH36)*(A36<=Ec_IO!$D$22)
ADDED,Project_NCF,AI37,,=SUM(AH$5:$AH37)*(A37<=Ec_IO!$D$22)
ADDED,Project_NCF,AI38,,=SUM(AH$5:$AH38)*(A38<=Ec_IO!$D$22)
ADDED,Project_NCF,AI39,,=SUM(AH$5:$AH39)*(A39<=Ec_IO!$D$22)
ADDED,Project_NCF,AI40,,=SUM(AH$5:$AH40)*(A40<=Ec_IO!$D$22)
ADDED,Project_NCF,AI41,,=SUM(AH$5:$AH41)*(A41<=Ec_IO!$D$22)
ADDED,Project_NCF,AI42,,=SUM(AH$5:$AH42)*(A42<=Ec_IO!$D$22)
ADDED,Project_NCF,AI43,,=SUM(AH$5:$AH43)*(A43<=Ec_IO!$D$22)
ADDED,Project_NCF,AI44,,=SUM(AH$5:$AH44)*(A44<=Ec_IO!$D$22)
ADDED,Project_NCF,AI45,,=SUM(AH$5:$AH45)*(A45<=Ec_IO!$D$22)
ADDED,Project_NCF,AI46,,=SUM(AH$5:$AH46)*(A46<=Ec_IO!$D$22)
ADDED,Project_NCF,AI47,,=SUM(AH$5:$AH47)*(A47<=Ec_IO!$D$22)
ADDED,Project_NCF,AI48,,=SUM(AH$5:$AH48)*(A48<=Ec_IO!$D$22)
ADDED,Project_NCF,AI49,,=SUM(AH$5:$AH49)*(A49<=Ec_IO!$D$22)
ADDED,Project_NCF,AI5,,=SUM(AH$5:$AH5)*(A5<=Ec_IO!$D$22)
ADDED,Project_NCF,AI6,,=SUM(AH$5:$AH6)*(A6<=Ec_IO!$D$22)
ADDED,Project_NCF,AI7,,=SUM(AH$5:$AH7)*(A7<=Ec_IO!$D$22)
ADDED,Project_NCF,AI8,,=SUM(AH$5:$AH8)*(A8<=Ec_IO!$D$22)
ADDED,Project_NCF,AI9,,=SUM(AH$5:$AH9)*(A9<=Ec_IO!$D$22)
ADDED,Project_NCF,AJ10,,"=IF(AI10<0,1,IF(AND(AI9<0,AI10>0),(-AI9/(AI10-AI9)),0))"
ADDED,Project_NCF,AJ11,,"=IF(AI11<0,1,IF(AND(AI10<0,AI11>0),(-AI10/(AI11-AI10)),0))"
ADDED,Project_NCF,AJ12,,"=IF(AI12<0,1,IF(AND(AI11<0,AI12>0),(-AI11/(AI12-AI11)),0))"
ADDED,Project_NCF,AJ13,,"=IF(AI13<0,1,IF(AND(AI12<0,AI13>0),(-AI12/(AI13-AI12)),0))"
ADDED,Project_NCF,AJ14,,"=IF(AI14<0,1,IF(AND(AI13<0,AI14>0),(-AI13/(AI14-AI13)),0))"
ADDED,Project_NCF,AJ15,,"=IF(AI15<0,1,IF(AND(AI14<0,AI15>0),(-AI14/(AI15-AI14)),0))"
ADDED,Project_NCF,AJ16,,"=IF(AI16<0,1,IF(AND(AI15<0,AI16>0),(-AI15/(AI16-AI15)),0))"
ADDED,Project_NCF,AJ17,,"=IF(AI17<0,1,IF(AND(AI16<0,AI17>0),(-AI16/(AI17-AI16)),0))"
ADDED,Project_NCF,AJ18,,"=IF(AI18<0,1,IF(AND(AI17<0,AI18>0),(-AI17/(AI18-AI17)),0))"
ADDED,Project_NCF,AJ19,,"=IF(AI19<0,1,IF(AND(AI18<0,AI19>0),(-AI18/(AI19-AI18)),0))"
ADDED,Project_NCF,AJ20,,"=IF(AI20<0,1,IF(AND(AI19<0,AI20>0),(-AI19/(AI20-AI19)),0))"
ADDED,Project_NCF,AJ21,,"=IF(AI21<0,1,IF(AND(AI20<0,AI21>0),(-AI20/(AI21-AI20)),0))"
ADDED,Project_NCF,AJ22,,"=IF(AI22<0,1,IF(AND(AI21<0,AI22>0),(-AI21/(AI22-AI21)),0))"
ADDED,Project_NCF,AJ23,,"=IF(AI23<0,1,IF(AND(AI22<0,AI23>0),(-AI22/(AI23-AI22)),0))"
ADDED,Project_NCF,AJ24,,"=IF(AI24<0,1,IF(AND(AI23<0,AI24>0),(-AI23/(AI24-AI23)),0))"
ADDED,Project_NCF,AJ25,,"=IF(AI25<0,1,IF(AND(AI24<0,AI25>0),(-AI24/(AI25-AI24)),0))"
ADDED,Project_NCF,AJ26,,"=IF(AI26<0,1,IF(AND(AI25<0,AI26>0),(-AI25/(AI26-AI25)),0))"
ADDED,Project_NCF,AJ27,,"=IF(AI27<0,1,IF(AND(AI26<0,AI27>0),(-AI26/(AI27-AI26)),0))"
ADDED,Project_NCF,AJ28,,"=IF(AI28<0,1,IF(AND(AI27<0,AI28>0),(-AI27/(AI28-AI27)),0))"
ADDED,Project_NCF,AJ29,,"=IF(AI29<0,1,IF(AND(AI28<0,AI29>0),(-AI28/(AI29-AI28)),0))"
ADDED,Project_NCF,AJ30,,"=IF(AI30<0,1,IF(AND(AI29<0,AI30>0),(-AI29/(AI30-AI29)),0))"
ADDED,Project_NCF,AJ31,,"=IF(AI31<0,1,IF(AND(AI30<0,AI31>0),(-AI30/(AI31-AI30)),0))"
ADDED,Project_NCF,AJ32,,"=IF(AI32<0,1,IF(AND(AI31<0,AI32>0),(-AI31/(AI32-AI31)),0))"
ADDED,Project_NCF,AJ33,,"=IF(AI33<0,1,IF(AND(AI32<0,AI33>0),(-AI32/(AI33-AI32)),0))"
ADDED,Project_NCF,AJ34,,"=IF(AI34<0,1,IF(AND(AI33<0,AI34>0),(-AI33/(AI34-AI33)),0))"
ADDED,Project_NCF,AJ35,,"=IF(AI35<0,1,IF(AND(AI34<0,AI35>0),(-AI34/(AI35-AI34)),0))"
ADDED,Project_NCF,AJ36,,"=IF(AI36<0,1,IF(AND(AI35<0,AI36>0),(-AI35/(AI36-AI35)),0))"
ADDED,Project_NCF,AJ37,,"=IF(AI37<0,1,IF(AND(AI36<0,AI37>0),(-AI36/(AI37-AI36)),0))"
ADDED,Project_NCF,AJ38,,"=IF(AI38<0,1,IF(AND(AI37<0,AI38>0),(-AI37/(AI38-AI37)),0))"
ADDED,Project_NCF,AJ39,,"=IF(AI39<0,1,IF(AND(AI38<0,AI39>0),(-AI38/(AI39-AI38)),0))"
ADDED,Project_NCF,AJ40,,"=IF(AI40<0,1,IF(AND(AI39<0,AI40>0),(-AI39/(AI40-AI39)),0))"
ADDED,Project_NCF,AJ41,,"=IF(AI41<0,1,IF(AND(AI40<0,AI41>0),(-AI40/(AI41-AI40)),0))"
ADDED,Project_NCF,AJ42,,"=IF(AI42<0,1,IF(AND(AI41<0,AI42>0),(-AI41/(AI42-AI41)),0))"
ADDED,Project_NCF,AJ43,,"=IF(AI43<0,1,IF(AND(AI42<0,AI43>0),(-AI42/(AI43-AI42)),0))"
ADDED,Project_NCF,AJ44,,"=IF(AI44<0,1,IF(AND(AI43<0,AI44>0),(-AI43/(AI44-AI43)),0))"
ADDED,Project_NCF,AJ45,,"=IF(AI45<0,1,IF(AND(AI44<0,AI45>0),(-AI44/(AI45-AI44)),0))"
ADDED,Project_NCF,AJ46,,"=IF(AI46<0,1,IF(AND(AI45<0,AI46>0),(-AI45/(AI46-AI45)),0))"
ADDED,Project_NCF,AJ47,,"=IF(AI47<0,1,IF(AND(AI46<0,AI47>0),(-AI46/(AI47-AI46)),0))"
ADDED,Project_NCF,AJ48,,"=IF(AI48<0,1,IF(AND(AI47<0,AI48>0),(-AI47/(AI48-AI47)),0))"
ADDED,Project_NCF,AJ49,,"=IF(AI49<0,1,IF(AND(AI48<0,AI49>0),(-AI48/(AI49-AI48)),0))"
ADDED,Project_NCF,AJ5,,"=IF(AI5<0,1,IF(AND(AI4<0,AI5>0),(-AI4/(AI5-AI4)),0))"
ADDED,Project_NCF,AJ51,,=SUM(AJ5:AJ49)
ADDED,Project_NCF,AJ6,,"=IF(AI6<0,1,IF(AND(AI5<0,AI6>0),(-AI5/(AI6-AI5)),0))"
ADDED,Project_NCF,AJ7,,"=IF(AI7<0,1,IF(AND(AI6<0,AI7>0),(-AI6/(AI7-AI6)),0))"
ADDED,Project_NCF,AJ8,,"=IF(AI8<0,1,IF(AND(AI7<0,AI8>0),(-AI7/(AI8-AI7)),0))"
ADDED,Project_NCF,AJ9,,"=IF(AI9<0,1,IF(AND(AI8<0,AI9>0),(-AI8/(AI9-AI8)),0))"
ADDED,Project_NCF,AU12,,=IRR(AF5:AF40)
ADDED,Project_NCF,AU14,,=IRR(AK5:AK49)
ADDED,Project_NCF,B1,,=FLGT!J3
ADDED,Project_NCF,B10,,=CIT_NCF_Oil!B10+CIT_NCF_Gas!B10
ADDED,Project_NCF,B11,,=CIT_NCF_Oil!B11+CIT_NCF_Gas!B11
ADDED,Project_NCF,B12,,=CIT_NCF_Oil!B12+CIT_NCF_Gas!B12
ADDED,Project_NCF,B13,,=CIT_NCF_Oil!B13+CIT_NCF_Gas!B13
ADDED,Project_NCF,B14,,=CIT_NCF_Oil!B14+CIT_NCF_Gas!B14
ADDED,Project_NCF,B15,,=CIT_NCF_Oil!B15+CIT_NCF_Gas!B15
ADDED,Project_NCF,B16,,=CIT_NCF_Oil!B16+CIT_NCF_Gas!B16
ADDED,Project_NCF,B17,,=CIT_NCF_Oil!B17+CIT_NCF_Gas!B17
ADDED,Project_NCF,B18,,=CIT_NCF_Oil!B18+CIT_NCF_Gas!B18
ADDED,Project_NCF,B19,,=CIT_NCF_Oil!B19+CIT_NCF_Gas!B19
ADDED,Project_NCF,B20,,=CIT_NCF_Oil!B20+CIT_NCF_Gas!B20
ADDED,Project_NCF,B21,,=CIT_NCF_Oil!B21+CIT_NCF_Gas!B21
ADDED,Project_NCF,B22,,=CIT_NCF_Oil!B22+CIT_NCF_Gas!B22
ADDED,Project_NCF,B23,,=CIT_NCF_Oil!B23+CIT_NCF_Gas!B23
ADDED,Project_NCF,B24,,=CIT_NCF_Oil!B24+CIT_NCF_Gas!B24
ADDED,Project_NCF,B25,,=CIT_NCF_Oil!B25+CIT_NCF_Gas!B25
ADDED,Project_NCF,B26,,=CIT_NCF_Oil!B26+CIT_NCF_Gas!B26
ADDED,Project_NCF,B27,,=CIT_NCF_Oil!B27+CIT_NCF_Gas!B27
ADDED,Project_NCF,B28,,=CIT_NCF_Oil!B28+CIT_NCF_Gas!B28
ADDED,Project_NCF,B29,,=CIT_NCF_Oil!B29+CIT_NCF_Gas!B29
ADDED,Project_NCF,B30,,=CIT_NCF_Oil!B30+CIT_NCF_Gas!B30
ADDED,Project_NCF,B31,,=CIT_NCF_Oil!B31+CIT_NCF_Gas!B31
ADDED,Project_NCF,B32,,=CIT_NCF_Oil!B32+CIT_NCF_Gas!B32
ADDED,Project_NCF,B33,,=CIT_NCF_Oil!B33+CIT_NCF_Gas!B33
ADDED,Project_NCF,B34,,=CIT_NCF_Oil!B34+CIT_NCF_Gas!B34
ADDED,Project_NCF,B35,,=CIT_NCF_Oil!B35+CIT_NCF_Gas!B35
ADDED,Project_NCF,B36,,=CIT_NCF_Oil!B36+CIT_NCF_Gas!B36
ADDED,Project_NCF,B37,,=CIT_NCF_Oil!B37+CIT_NCF_Gas!B37
ADDED,Project_NCF,B38,,=CIT_NCF_Oil!B38+CIT_NCF_Gas!B38
ADDED,Project_NCF,B39,,=CIT_NCF_Oil!B39+CIT_NCF_Gas!B39
ADDED,Project_NCF,B40,,=CIT_NCF_Oil!B40+CIT_NCF_Gas!B40
ADDED,Project_NCF,B41,,=CIT_NCF_Oil!B41+CIT_NCF_Gas!B41
ADDED,Project_NCF,B42,,=CIT_NCF_Oil!B42+CIT_NCF_Gas!B42
ADDED,Project_NCF,B43,,=CIT_NCF_Oil!B43+CIT_NCF_Gas!B43
ADDED,Project_NCF,B44,,=CIT_NCF_Oil!B44+CIT_NCF_Gas!B44
ADDED,Project_NCF,B45,,=CIT_NCF_Oil!B45+CIT_NCF_Gas!B45
ADDED,Project_NCF,B46,,=CIT_NCF_Oil!B46+CIT_NCF_Gas!B46
ADDED,Project_NCF,B47,,=CIT_NCF_Oil!B47+CIT_NCF_Gas!B47
ADDED,Project_NCF,B48,,=CIT_NCF_Oil!B48+CIT_NCF_Gas!B48
ADDED,Project_NCF,B49,,=CIT_NCF_Oil!B49+CIT_NCF_Gas!B49
ADDED,Project_NCF,B5,,=CIT_NCF_Oil!B5+CIT_NCF_Gas!B5
ADDED,Project_NCF,B51,,=SUM(B5:B49)
ADDED,Project_NCF,B6,,=CIT_NCF_Oil!B6+CIT_NCF_Gas!B6
ADDED,Project_NCF,B7,,=CIT_NCF_Oil!B7+CIT_NCF_Gas!B7
ADDED,Project_NCF,B8,,=CIT_NCF_Oil!B8+CIT_NCF_Gas!B8
ADDED,Project_NCF,B9,,=CIT_NCF_Oil!B9+CIT_NCF_Gas!B9
ADDED,Project_NCF,C1,,=Ec_IO!G22
ADDED,Project_NCF,E10,,=CIT_NCF_Gas!E10
ADDED,Project_NCF,E11,,=CIT_NCF_Gas!E11
ADDED,Project_NCF,E12,,=CIT_NCF_Gas!E12
ADDED,Project_NCF,E13,,=CIT_NCF_Gas!E13
ADDED,Project_NCF,E14,,=CIT_NCF_Gas!E14
ADDED,Project_NCF,E15,,=CIT_NCF_Gas!E15
ADDED,Project_NCF,E16,,=CIT_NCF_Gas!E16
ADDED,Project_NCF,E17,,=CIT_NCF_Gas!E17
ADDED,Project_NCF,E18,,=CIT_NCF_Gas!E18
ADDED,Project_NCF,E19,,=CIT_NCF_Gas!E19
ADDED,Project_NCF,E20,,=CIT_NCF_Gas!E20
ADDED,Project_NCF,E21,,=CIT_NCF_Gas!E21
ADDED,Project_NCF,E22,,=CIT_NCF_Gas!E22
ADDED,Project_NCF,E23,,=CIT_NCF_Gas!E23
ADDED,Project_NCF,E24,,=CIT_NCF_Gas!E24
ADDED,Project_NCF,E25,,=CIT_NCF_Gas!E25
ADDED,Project_NCF,E26,,=CIT_NCF_Gas!E26
ADDED,Project_NCF,E27,,=CIT_NCF_Gas!E27
ADDED,Project_NCF,E28,,=CIT_NCF_Gas!E28
ADDED,Project_NCF,E29,,=CIT_NCF_Gas!E29
ADDED,Project_NCF,E30,,=CIT_NCF_Gas!E30
ADDED,Project_NCF,E31,,=CIT_NCF_Gas!E31
ADDED,Project_NCF,E32,,=CIT_NCF_Gas!E32
ADDED,Project_NCF,E33,,=CIT_NCF_Gas!E33
ADDED,Project_NCF,E34,,=CIT_NCF_Gas!E34
ADDED,Project_NCF,E35,,=CIT_NCF_Gas!E35
ADDED,Project_NCF,E36,,=CIT_NCF_Gas!E36
ADDED,Project_NCF,E37,,=CIT_NCF_Gas!E37
ADDED,Project_NCF,E38,,=CIT_NCF_Gas!E38
ADDED,Project_NCF,E39,,=CIT_NCF_Gas!E39
ADDED,Project_NCF,E40,,=CIT_NCF_Gas!E40
ADDED,Project_NCF,E41,,=CIT_NCF_Gas!E41
ADDED,Project_NCF,E42,,=CIT_NCF_Gas!E42
ADDED,Project_NCF,E43,,=CIT_NCF_Gas!E43
ADDED,Project_NCF,E44,,=CIT_NCF_Gas!E44
ADDED,Project_NCF,E45,,=CIT_NCF_Gas!E45
ADDED,Project_NCF,E46,,=CIT_NCF_Gas!E46
ADDED,Project_NCF,E47,,=CIT_NCF_Gas!E47
ADDED,Project_NCF,E48,,=CIT_NCF_Gas!E48
ADDED,Project_NCF,E49,,=CIT_NCF_Gas!E49
ADDED,Project_NCF,E5,,=CIT_NCF_Gas!E5
ADDED,Project_NCF,E51,,=SUM(E5:E49)
ADDED,Project_NCF,E6,,=CIT_NCF_Gas!E6
ADDED,Project_NCF,E7,,=CIT_NCF_Gas!E7
ADDED,Project_NCF,E8,,=CIT_NCF_Gas!E8
ADDED,Project_NCF,E9,,=CIT_NCF_Gas!E9
ADDED,Project_NCF,F1,,=Royalties!E1
ADDED,Project_NCF,F10,,=CIT_NCF_Oil!F10+CIT_NCF_Gas!F10
ADDED,Project_NCF,F11,,=CIT_NCF_Oil!F11+CIT_NCF_Gas!F11
ADDED,Project_NCF,F12,,=CIT_NCF_Oil!F12+CIT_NCF_Gas!F12
ADDED,Project_NCF,F13,,=CIT_NCF_Oil!F13+CIT_NCF_Gas!F13
ADDED,Project_NCF,F14,,=CIT_NCF_Oil!F14+CIT_NCF_Gas!F14
ADDED,Project_NCF,F15,,=CIT_NCF_Oil!F15+CIT_NCF_Gas!F15
ADDED,Project_NCF,F16,,=CIT_NCF_Oil!F16+CIT_NCF_Gas!F16
ADDED,Project_NCF,F17,,=CIT_NCF_Oil!F17+CIT_NCF_Gas!F17
ADDED,Project_NCF,F18,,=CIT_NCF_Oil!F18+CIT_NCF_Gas!F18
ADDED,Project_NCF,F19,,=CIT_NCF_Oil!F19+CIT_NCF_Gas!F19
ADDED,Project_NCF,F20,,=CIT_NCF_Oil!F20+CIT_NCF_Gas!F20
ADDED,Project_NCF,F21,,=CIT_NCF_Oil!F21+CIT_NCF_Gas!F21
ADDED,Project_NCF,F22,,=CIT_NCF_Oil!F22+CIT_NCF_Gas!F22
ADDED,Project_NCF,F23,,=CIT_NCF_Oil!F23+CIT_NCF_Gas!F23
ADDED,Project_NCF,F24,,=CIT_NCF_Oil!F24+CIT_NCF_Gas!F24
ADDED,Project_NCF,F25,,=CIT_NCF_Oil!F25+CIT_NCF_Gas!F25
ADDED,Project_NCF,F26,,=CIT_NCF_Oil!F26+CIT_NCF_Gas!F26
ADDED,Project_NCF,F27,,=CIT_NCF_Oil!F27+CIT_NCF_Gas!F27
ADDED,Project_NCF,F28,,=CIT_NCF_Oil!F28+CIT_NCF_Gas!F28
ADDED,Project_NCF,F29,,=CIT_NCF_Oil!F29+CIT_NCF_Gas!F29
ADDED,Project_NCF,F3,,=FLGT!AE3
ADDED,Project_NCF,F30,,=FLGT!AE30
ADDED,Project_NCF,F31,,=FLGT!AE31
ADDED,Project_NCF,F32,,=FLGT!AE32
ADDED,Project_NCF,F33,,=FLGT!AE33
ADDED,Project_NCF,F34,,=FLGT!AE34
ADDED,Project_NCF,F35,,=FLGT!AE35
ADDED,Project_NCF,F36,,=FLGT!AE36
ADDED,Project_NCF,F37,,=FLGT!AE37
ADDED,Project_NCF,F38,,=FLGT!AE38
ADDED,Project_NCF,F39,,=FLGT!AE39
ADDED,Project_NCF,F4,,=FLGT!AE4
ADDED,Project_NCF,F40,,=FLGT!AE40
ADDED,Project_NCF,F41,,=FLGT!AE41
ADDED,Project_NCF,F42,,=FLGT!AE42
ADDED,Project_NCF,F43,,=FLGT!AE43
ADDED,Project_NCF,F44,,=FLGT!AE44
ADDED,Project_NCF,F45,,=FLGT!AE45
ADDED,Project_NCF,F46,,=FLGT!AE46
ADDED,Project_NCF,F47,,=FLGT!AE47
ADDED,Project_NCF,F48,,=FLGT!AE48
ADDED,Project_NCF,F49,,=FLGT!AE49
ADDED,Project_NCF,F5,,=CIT_NCF_Oil!F5+CIT_NCF_Gas!F5
ADDED,Project_NCF,F51,,=SUM(F5:F49)
ADDED,Project_NCF,F6,,=CIT_NCF_Oil!F6+CIT_NCF_Gas!F6
ADDED,Project_NCF,F7,,=CIT_NCF_Oil!F7+CIT_NCF_Gas!F7
ADDED,Project_NCF,F8,,=CIT_NCF_Oil!F8+CIT_NCF_Gas!F8
ADDED,Project_NCF,F9,,=CIT_NCF_Oil!F9+CIT_NCF_Gas!F9
ADDED,Project_NCF,G10,,=CIT_NCF_Oil!G10+CIT_NCF_Gas!G10
ADDED,Project_NCF,G11,,=CIT_NCF_Oil!G11+CIT_NCF_Gas!G11
ADDED,Project_NCF,G12,,=CIT_NCF_Oil!G12+CIT_NCF_Gas!G12
ADDED,Project_NCF,G13,,=CIT_NCF_Oil!G13+CIT_NCF_Gas!G13
ADDED,Project_NCF,G14,,=CIT_NCF_Oil!G14+CIT_NCF_Gas!G14
ADDED,Project_NCF,G15,,=CIT_NCF_Oil!G15+CIT_NCF_Gas!G15
ADDED,Project_NCF,G16,,=CIT_NCF_Oil!G16+CIT_NCF_Gas!G16
ADDED,Project_NCF,G17,,=CIT_NCF_Oil!G17+CIT_NCF_Gas!G17
ADDED,Project_NCF,G18,,=CIT_NCF_Oil!G18+CIT_NCF_Gas!G18
ADDED,Project_NCF,G19,,=CIT_NCF_Oil!G19+CIT_NCF_Gas!G19
ADDED,Project_NCF,G20,,=CIT_NCF_Oil!G20+CIT_NCF_Gas!G20
ADDED,Project_NCF,G21,,=CIT_NCF_Oil!G21+CIT_NCF_Gas!G21
ADDED,Project_NCF,G22,,=CIT_NCF_Oil!G22+CIT_NCF_Gas!G22
ADDED,Project_NCF,G23,,=CIT_NCF_Oil!G23+CIT_NCF_Gas!G23
ADDED,Project_NCF,G24,,=CIT_NCF_Oil!G24+CIT_NCF_Gas!G24
ADDED,Project_NCF,G25,,=CIT_NCF_Oil!G25+CIT_NCF_Gas!G25
ADDED,Project_NCF,G26,,=CIT_NCF_Oil!G26+CIT_NCF_Gas!G26
ADDED,Project_NCF,G27,,=CIT_NCF_Oil!G27+CIT_NCF_Gas!G27
ADDED,Project_NCF,G28,,=CIT_NCF_Oil!G28+CIT_NCF_Gas!G28
ADDED,Project_NCF,G29,,=CIT_NCF_Oil!G29+CIT_NCF_Gas!G29
ADDED,Project_NCF,G3,,=FLGT!AB3
ADDED,Project_NCF,G30,,=CIT_NCF_Oil!G30+CIT_NCF_Gas!G30
ADDED,Project_NCF,G31,,=CIT_NCF_Oil!G31+CIT_NCF_Gas!G31
ADDED,Project_NCF,G32,,=CIT_NCF_Oil!G32+CIT_NCF_Gas!G32
ADDED,Project_NCF,G33,,=CIT_NCF_Oil!G33+CIT_NCF_Gas!G33
ADDED,Project_NCF,G34,,=CIT_NCF_Oil!G34+CIT_NCF_Gas!G34
ADDED,Project_NCF,G35,,=CIT_NCF_Oil!G35+CIT_NCF_Gas!G35
ADDED,Project_NCF,G36,,=CIT_NCF_Oil!G36+CIT_NCF_Gas!G36
ADDED,Project_NCF,G37,,=CIT_NCF_Oil!G37+CIT_NCF_Gas!G37
ADDED,Project_NCF,G38,,=CIT_NCF_Oil!G38+CIT_NCF_Gas!G38
ADDED,Project_NCF,G39,,=CIT_NCF_Oil!G39+CIT_NCF_Gas!G39
ADDED,Project_NCF,G4,,=FLGT!AB4
ADDED,Project_NCF,G40,,=CIT_NCF_Oil!G40+CIT_NCF_Gas!G40
ADDED,Project_NCF,G41,,=CIT_NCF_Oil!G41+CIT_NCF_Gas!G41
ADDED,Project_NCF,G42,,=CIT_NCF_Oil!G42+CIT_NCF_Gas!G42
ADDED,Project_NCF,G43,,=CIT_NCF_Oil!G43+CIT_NCF_Gas!G43
ADDED,Project_NCF,G44,,=CIT_NCF_Oil!G44+CIT_NCF_Gas!G44
ADDED,Project_NCF,G45,,=CIT_NCF_Oil!G45+CIT_NCF_Gas!G45
ADDED,Project_NCF,G46,,=CIT_NCF_Oil!G46+CIT_NCF_Gas!G46
ADDED,Project_NCF,G47,,=CIT_NCF_Oil!G47+CIT_NCF_Gas!G47
ADDED,Project_NCF,G48,,=CIT_NCF_Oil!G48+CIT_NCF_Gas!G48
ADDED,Project_NCF,G49,,=CIT_NCF_Oil!G49+CIT_NCF_Gas!G49
ADDED,Project_NCF,G5,,=CIT_NCF_Oil!G5+CIT_NCF_Gas!G5
ADDED,Project_NCF,G51,,=SUM(G5:G49)
ADDED,Project_NCF,G6,,=CIT_NCF_Oil!G6+CIT_NCF_Gas!G6
ADDED,Project_NCF,G7,,=CIT_NCF_Oil!G7+CIT_NCF_Gas!G7
ADDED,Project_NCF,G8,,=CIT_NCF_Oil!G8+CIT_NCF_Gas!G8
ADDED,Project_NCF,G9,,=CIT_NCF_Oil!G9+CIT_NCF_Gas!G9
ADDED,Project_NCF,H1,,=Ec_IO!G21
ADDED,Project_NCF,H10,,=CIT_NCF_Oil!H10+CIT_NCF_Gas!H10
ADDED,Project_NCF,H11,,=CIT_NCF_Oil!H11+CIT_NCF_Gas!H11
ADDED,Project_NCF,H12,,=CIT_NCF_Oil!H12+CIT_NCF_Gas!H12
ADDED,Project_NCF,H13,,=CIT_NCF_Oil!H13+CIT_NCF_Gas!H13
ADDED,Project_NCF,H14,,=CIT_NCF_Oil!H14+CIT_NCF_Gas!H14
ADDED,Project_NCF,H15,,=CIT_NCF_Oil!H15+CIT_NCF_Gas!H15
ADDED,Project_NCF,H16,,=CIT_NCF_Oil!H16+CIT_NCF_Gas!H16
ADDED,Project_NCF,H17,,=CIT_NCF_Oil!H17+CIT_NCF_Gas!H17
ADDED,Project_NCF,H18,,=CIT_NCF_Oil!H18+CIT_NCF_Gas!H18
ADDED,Project_NCF,H19,,=CIT_NCF_Oil!H19+CIT_NCF_Gas!H19
ADDED,Project_NCF,H20,,=CIT_NCF_Oil!H20+CIT_NCF_Gas!H20
ADDED,Project_NCF,H21,,=CIT_NCF_Oil!H21+CIT_NCF_Gas!H21
ADDED,Project_NCF,H22,,=CIT_NCF_Oil!H22+CIT_NCF_Gas!H22
ADDED,Project_NCF,H23,,=CIT_NCF_Oil!H23+CIT_NCF_Gas!H23
ADDED,Project_NCF,H24,,=CIT_NCF_Oil!H24+CIT_NCF_Gas!H24
ADDED,Project_NCF,H25,,=CIT_NCF_Oil!H25+CIT_NCF_Gas!H25
ADDED,Project_NCF,H26,,=CIT_NCF_Oil!H26+CIT_NCF_Gas!H26
ADDED,Project_NCF,H27,,=CIT_NCF_Oil!H27+CIT_NCF_Gas!H27
ADDED,Project_NCF,H28,,=CIT_NCF_Oil!H28+CIT_NCF_Gas!H28
ADDED,Project_NCF,H29,,=CIT_NCF_Oil!H29+CIT_NCF_Gas!H29
ADDED,Project_NCF,H3,,=FLGT!AC3
ADDED,Project_NCF,H30,,=CIT_NCF_Oil!H30+CIT_NCF_Gas!H30
ADDED,Project_NCF,H31,,=CIT_NCF_Oil!H31+CIT_NCF_Gas!H31
ADDED,Project_NCF,H32,,=CIT_NCF_Oil!H32+CIT_NCF_Gas!H32
ADDED,Project_NCF,H33,,=CIT_NCF_Oil!H33+CIT_NCF_Gas!H33
ADDED,Project_NCF,H34,,=CIT_NCF_Oil!H34+CIT_NCF_Gas!H34
ADDED,Project_NCF,H35,,=CIT_NCF_Oil!H35+CIT_NCF_Gas!H35
ADDED,Project_NCF,H36,,=CIT_NCF_Oil!H36+CIT_NCF_Gas!H36
ADDED,Project_NCF,H37,,=CIT_NCF_Oil!H37+CIT_NCF_Gas!H37
ADDED,Project_NCF,H38,,=CIT_NCF_Oil!H38+CIT_NCF_Gas!H38
ADDED,Project_NCF,H39,,=CIT_NCF_Oil!H39+CIT_NCF_Gas!H39
ADDED,Project_NCF,H4,,=FLGT!AC4
ADDED,Project_NCF,H40,,=CIT_NCF_Oil!H40+CIT_NCF_Gas!H40
ADDED,Project_NCF,H41,,=CIT_NCF_Oil!H41+CIT_NCF_Gas!H41
ADDED,Project_NCF,H42,,=CIT_NCF_Oil!H42+CIT_NCF_Gas!H42
ADDED,Project_NCF,H43,,=CIT_NCF_Oil!H43+CIT_NCF_Gas!H43
ADDED,Project_NCF,H44,,=CIT_NCF_Oil!H44+CIT_NCF_Gas!H44
ADDED,Project_NCF,H45,,=CIT_NCF_Oil!H45+CIT_NCF_Gas!H45
ADDED,Project_NCF,H46,,=CIT_NCF_Oil!H46+CIT_NCF_Gas!H46
ADDED,Project_NCF,H47,,=CIT_NCF_Oil!H47+CIT_NCF_Gas!H47
ADDED,Project_NCF,H48,,=CIT_NCF_Oil!H48+CIT_NCF_Gas!H48
ADDED,Project_NCF,H49,,=CIT_NCF_Oil!H49+CIT_NCF_Gas!H49
ADDED,Project_NCF,H5,,=CIT_NCF_Oil!H5+CIT_NCF_Gas!H5
ADDED,Project_NCF,H51,,=SUM(H5:H49)
ADDED,Project_NCF,H6,,=CIT_NCF_Oil!H6+CIT_NCF_Gas!H6
ADDED,Project_NCF,H7,,=CIT_NCF_Oil!H7+CIT_NCF_Gas!H7
ADDED,Project_NCF,H8,,=CIT_NCF_Oil!H8+CIT_NCF_Gas!H8
ADDED,Project_NCF,H9,,=CIT_NCF_Oil!H9+CIT_NCF_Gas!H9
ADDED,Project_NCF,I10,,=CIT_NCF_Oil!I10+CIT_NCF_Gas!I10
ADDED,Project_NCF,I11,,=CIT_NCF_Oil!I11+CIT_NCF_Gas!I11
ADDED,Project_NCF,I12,,=CIT_NCF_Oil!I12+CIT_NCF_Gas!I12
ADDED,Project_NCF,I13,,=CIT_NCF_Oil!I13+CIT_NCF_Gas!I13
ADDED,Project_NCF,I14,,=CIT_NCF_Oil!I14+CIT_NCF_Gas!I14
ADDED,Project_NCF,I15,,=CIT_NCF_Oil!I15+CIT_NCF_Gas!I15
ADDED,Project_NCF,I16,,=CIT_NCF_Oil!I16+CIT_NCF_Gas!I16
ADDED,Project_NCF,I17,,=CIT_NCF_Oil!I17+CIT_NCF_Gas!I17
ADDED,Project_NCF,I18,,=CIT_NCF_Oil!I18+CIT_NCF_Gas!I18
ADDED,Project_NCF,I19,,=CIT_NCF_Oil!I19+CIT_NCF_Gas!I19
ADDED,Project_NCF,I20,,=CIT_NCF_Oil!I20+CIT_NCF_Gas!I20
ADDED,Project_NCF,I21,,=CIT_NCF_Oil!I21+CIT_NCF_Gas!I21
ADDED,Project_NCF,I22,,=CIT_NCF_Oil!I22+CIT_NCF_Gas!I22
ADDED,Project_NCF,I23,,=CIT_NCF_Oil!I23+CIT_NCF_Gas!I23
ADDED,Project_NCF,I24,,=CIT_NCF_Oil!I24+CIT_NCF_Gas!I24
ADDED,Project_NCF,I25,,=CIT_NCF_Oil!I25+CIT_NCF_Gas!I25
ADDED,Project_NCF,I26,,=CIT_NCF_Oil!I26+CIT_NCF_Gas!I26
ADDED,Project_NCF,I27,,=CIT_NCF_Oil!I27+CIT_NCF_Gas!I27
ADDED,Project_NCF,I28,,=CIT_NCF_Oil!I28+CIT_NCF_Gas!I28
ADDED,Project_NCF,I29,,=CIT_NCF_Oil!I29+CIT_NCF_Gas!I29
ADDED,Project_NCF,I3,,=FLGT!AD3
ADDED,Project_NCF,I30,,=CIT_NCF_Oil!I30+CIT_NCF_Gas!I30
ADDED,Project_NCF,I31,,=CIT_NCF_Oil!I31+CIT_NCF_Gas!I31
ADDED,Project_NCF,I32,,=CIT_NCF_Oil!I32+CIT_NCF_Gas!I32
ADDED,Project_NCF,I33,,=CIT_NCF_Oil!I33+CIT_NCF_Gas!I33
ADDED,Project_NCF,I34,,=CIT_NCF_Oil!I34+CIT_NCF_Gas!I34
ADDED,Project_NCF,I35,,=CIT_NCF_Oil!I35+CIT_NCF_Gas!I35
ADDED,Project_NCF,I36,,=CIT_NCF_Oil!I36+CIT_NCF_Gas!I36
ADDED,Project_NCF,I37,,=CIT_NCF_Oil!I37+CIT_NCF_Gas!I37
ADDED,Project_NCF,I38,,=CIT_NCF_Oil!I38+CIT_NCF_Gas!I38
ADDED,Project_NCF,I39,,=CIT_NCF_Oil!I39+CIT_NCF_Gas!I39
ADDED,Project_NCF,I4,,=FLGT!AD4
ADDED,Project_NCF,I40,,=CIT_NCF_Oil!I40+CIT_NCF_Gas!I40
ADDED,Project_NCF,I41,,=CIT_NCF_Oil!I41+CIT_NCF_Gas!I41
ADDED,Project_NCF,I42,,=CIT_NCF_Oil!I42+CIT_NCF_Gas!I42
ADDED,Project_NCF,I43,,=CIT_NCF_Oil!I43+CIT_NCF_Gas!I43
ADDED,Project_NCF,I44,,=CIT_NCF_Oil!I44+CIT_NCF_Gas!I44
ADDED,Project_NCF,I45,,=CIT_NCF_Oil!I45+CIT_NCF_Gas!I45
ADDED,Project_NCF,I46,,=CIT_NCF_Oil!I46+CIT_NCF_Gas!I46
ADDED,Project_NCF,I47,,=CIT_NCF_Oil!I47+CIT_NCF_Gas!I47
ADDED,Project_NCF,I48,,=CIT_NCF_Oil!I48+CIT_NCF_Gas!I48
ADDED,Project_NCF,I49,,=CIT_NCF_Oil!I49+CIT_NCF_Gas!I49
ADDED,Project_NCF,I5,,=CIT_NCF_Oil!I5+CIT_NCF_Gas!I5
ADDED,Project_NCF,I51,,=SUM(I5:I49)
ADDED,Project_NCF,I6,,=CIT_NCF_Oil!I6+CIT_NCF_Gas!I6
ADDED,Project_NCF,I7,,=CIT_NCF_Oil!I7+CIT_NCF_Gas!I7
ADDED,Project_NCF,I8,,=CIT_NCF_Oil!I8+CIT_NCF_Gas!I8
ADDED,Project_NCF,I9,,=CIT_NCF_Oil!I9+CIT_NCF_Gas!I9
ADDED,Project_NCF,J10,,=CIT_NCF_Oil!J10+CIT_NCF_Gas!J10
ADDED,Project_NCF,J11,,=CIT_NCF_Oil!J11+CIT_NCF_Gas!J11
ADDED,Project_NCF,J12,,=CIT_NCF_Oil!J12+CIT_NCF_Gas!J12
ADDED,Project_NCF,J13,,=CIT_NCF_Oil!J13+CIT_NCF_Gas!J13
ADDED,Project_NCF,J14,,=CIT_NCF_Oil!J14+CIT_NCF_Gas!J14
ADDED,Project_NCF,J15,,=CIT_NCF_Oil!J15+CIT_NCF_Gas!J15
ADDED,Project_NCF,J16,,=CIT_NCF_Oil!J16+CIT_NCF_Gas!J16
ADDED,Project_NCF,J17,,=CIT_NCF_Oil!J17+CIT_NCF_Gas!J17
ADDED,Project_NCF,J18,,=CIT_NCF_Oil!J18+CIT_NCF_Gas!J18
ADDED,Project_NCF,J19,,=CIT_NCF_Oil!J19+CIT_NCF_Gas!J19
ADDED,Project_NCF,J20,,=CIT_NCF_Oil!J20+CIT_NCF_Gas!J20
ADDED,Project_NCF,J21,,=CIT_NCF_Oil!J21+CIT_NCF_Gas!J21
ADDED,Project_NCF,J22,,=CIT_NCF_Oil!J22+CIT_NCF_Gas!J22
ADDED,Project_NCF,J23,,=CIT_NCF_Oil!J23+CIT_NCF_Gas!J23
ADDED,Project_NCF,J24,,=CIT_NCF_Oil!J24+CIT_NCF_Gas!J24
ADDED,Project_NCF,J25,,=CIT_NCF_Oil!J25+CIT_NCF_Gas!J25
ADDED,Project_NCF,J26,,=CIT_NCF_Oil!J26+CIT_NCF_Gas!J26
ADDED,Project_NCF,J27,,=CIT_NCF_Oil!J27+CIT_NCF_Gas!J27
ADDED,Project_NCF,J28,,=CIT_NCF_Oil!J28+CIT_NCF_Gas!J28
ADDED,Project_NCF,J29,,=CIT_NCF_Oil!J29+CIT_NCF_Gas!J29
ADDED,Project_NCF,J30,,=CIT_NCF_Oil!J30+CIT_NCF_Gas!J30
ADDED,Project_NCF,J31,,=CIT_NCF_Oil!J31+CIT_NCF_Gas!J31
ADDED,Project_NCF,J32,,=CIT_NCF_Oil!J32+CIT_NCF_Gas!J32
ADDED,Project_NCF,J33,,=CIT_NCF_Oil!J33+CIT_NCF_Gas!J33
ADDED,Project_NCF,J34,,=CIT_NCF_Oil!J34+CIT_NCF_Gas!J34
ADDED,Project_NCF,J35,,=CIT_NCF_Oil!J35+CIT_NCF_Gas!J35
ADDED,Project_NCF,J36,,=CIT_NCF_Oil!J36+CIT_NCF_Gas!J36
ADDED,Project_NCF,J37,,=CIT_NCF_Oil!J37+CIT_NCF_Gas!J37
ADDED,Project_NCF,J38,,=CIT_NCF_Oil!J38+CIT_NCF_Gas!J38
ADDED,Project_NCF,J39,,=CIT_NCF_Oil!J39+CIT_NCF_Gas!J39
ADDED,Project_NCF,J4,,=FLGT!AE4
ADDED,Project_NCF,J40,,=CIT_NCF_Oil!J40+CIT_NCF_Gas!J40
ADDED,Project_NCF,J41,,=CIT_NCF_Oil!J41+CIT_NCF_Gas!J41
ADDED,Project_NCF,J42,,=CIT_NCF_Oil!J42+CIT_NCF_Gas!J42
ADDED,Project_NCF,J43,,=CIT_NCF_Oil!J43+CIT_NCF_Gas!J43
ADDED,Project_NCF,J44,,=CIT_NCF_Oil!J44+CIT_NCF_Gas!J44
ADDED,Project_NCF,J45,,=CIT_NCF_Oil!J45+CIT_NCF_Gas!J45
ADDED,Project_NCF,J46,,=CIT_NCF_Oil!J46+CIT_NCF_Gas!J46
ADDED,Project_NCF,J47,,=CIT_NCF_Oil!J47+CIT_NCF_Gas!J47
ADDED,Project_NCF,J48,,=CIT_NCF_Oil!J48+CIT_NCF_Gas!J48
ADDED,Project_NCF,J49,,=CIT_NCF_Oil!J49+CIT_NCF_Gas!J49
ADDED,Project_NCF,J5,,=CIT_NCF_Oil!J5+CIT_NCF_Gas!J5
ADDED,Project_NCF,J51,,=SUM(J5:J49)
ADDED,Project_NCF,J6,,=CIT_NCF_Oil!J6+CIT_NCF_Gas!J6
ADDED,Project_NCF,J7,,=CIT_NCF_Oil!J7+CIT_NCF_Gas!J7
ADDED,Project_NCF,J8,,=CIT_NCF_Oil!J8+CIT_NCF_Gas!J8
ADDED,Project_NCF,J9,,=CIT_NCF_Oil!J9+CIT_NCF_Gas!J9
ADDED,Project_NCF,K10,,=CIT_NCF_Oil!K10+CIT_NCF_Gas!K10
ADDED,Project_NCF,K11,,=CIT_NCF_Oil!K11+CIT_NCF_Gas!K11
ADDED,Project_NCF,K12,,=CIT_NCF_Oil!K12+CIT_NCF_Gas!K12
ADDED,Project_NCF,K13,,=CIT_NCF_Oil!K13+CIT_NCF_Gas!K13
ADDED,Project_NCF,K14,,=CIT_NCF_Oil!K14+CIT_NCF_Gas!K14
ADDED,Project_NCF,K15,,=CIT_NCF_Oil!K15+CIT_NCF_Gas!K15
ADDED,Project_NCF,K16,,=CIT_NCF_Oil!K16+CIT_NCF_Gas!K16
ADDED,Project_NCF,K17,,=CIT_NCF_Oil!K17+CIT_NCF_Gas!K17
ADDED,Project_NCF,K18,,=CIT_NCF_Oil!K18+CIT_NCF_Gas!K18
ADDED,Project_NCF,K19,,=CIT_NCF_Oil!K19+CIT_NCF_Gas!K19
ADDED,Project_NCF,K20,,=CIT_NCF_Oil!K20+CIT_NCF_Gas!K20
ADDED,Project_NCF,K21,,=CIT_NCF_Oil!K21+CIT_NCF_Gas!K21
ADDED,Project_NCF,K22,,=CIT_NCF_Oil!K22+CIT_NCF_Gas!K22
ADDED,Project_NCF,K23,,=CIT_NCF_Oil!K23+CIT_NCF_Gas!K23
ADDED,Project_NCF,K24,,=CIT_NCF_Oil!K24+CIT_NCF_Gas!K24
ADDED,Project_NCF,K25,,=CIT_NCF_Oil!K25+CIT_NCF_Gas!K25
ADDED,Project_NCF,K26,,=CIT_NCF_Oil!K26+CIT_NCF_Gas!K26
ADDED,Project_NCF,K27,,=CIT_NCF_Oil!K27+CIT_NCF_Gas!K27
ADDED,Project_NCF,K28,,=CIT_NCF_Oil!K28+CIT_NCF_Gas!K28
ADDED,Project_NCF,K29,,=CIT_NCF_Oil!K29+CIT_NCF_Gas!K29
ADDED,Project_NCF,K30,,=CIT_NCF_Oil!K30+CIT_NCF_Gas!K30
ADDED,Project_NCF,K31,,=CIT_NCF_Oil!K31+CIT_NCF_Gas!K31
ADDED,Project_NCF,K32,,=CIT_NCF_Oil!K32+CIT_NCF_Gas!K32
ADDED,Project_NCF,K33,,=CIT_NCF_Oil!K33+CIT_NCF_Gas!K33
ADDED,Project_NCF,K34,,=CIT_NCF_Oil!K34+CIT_NCF_Gas!K34
ADDED,Project_NCF,K35,,=CIT_NCF_Oil!K35+CIT_NCF_Gas!K35
ADDED,Project_NCF,K36,,=CIT_NCF_Oil!K36+CIT_NCF_Gas!K36
ADDED,Project_NCF,K37,,=CIT_NCF_Oil!K37+CIT_NCF_Gas!K37
ADDED,Project_NCF,K38,,=CIT_NCF_Oil!K38+CIT_NCF_Gas!K38
ADDED,Project_NCF,K39,,=CIT_NCF_Oil!K39+CIT_NCF_Gas!K39
ADDED,Project_NCF,K4,,=FLGT!AF4
ADDED,Project_NCF,K40,,=CIT_NCF_Oil!K40+CIT_NCF_Gas!K40
ADDED,Project_NCF,K41,,=CIT_NCF_Oil!K41+CIT_NCF_Gas!K41
ADDED,Project_NCF,K42,,=CIT_NCF_Oil!K42+CIT_NCF_Gas!K42
ADDED,Project_NCF,K43,,=CIT_NCF_Oil!K43+CIT_NCF_Gas!K43
ADDED,Project_NCF,K44,,=CIT_NCF_Oil!K44+CIT_NCF_Gas!K44
ADDED,Project_NCF,K45,,=CIT_NCF_Oil!K45+CIT_NCF_Gas!K45
ADDED,Project_NCF,K46,,=CIT_NCF_Oil!K46+CIT_NCF_Gas!K46
ADDED,Project_NCF,K47,,=CIT_NCF_Oil!K47+CIT_NCF_Gas!K47
ADDED,Project_NCF,K48,,=CIT_NCF_Oil!K48+CIT_NCF_Gas!K48
ADDED,Project_NCF,K49,,=CIT_NCF_Oil!K49+CIT_NCF_Gas!K49
ADDED,Project_NCF,K5,,=CIT_NCF_Oil!K5+CIT_NCF_Gas!K5
ADDED,Project_NCF,K51,,=SUM(K5:K49)
ADDED,Project_NCF,K6,,=CIT_NCF_Oil!K6+CIT_NCF_Gas!K6
ADDED,Project_NCF,K7,,=CIT_NCF_Oil!K7+CIT_NCF_Gas!K7
ADDED,Project_NCF,K8,,=CIT_NCF_Oil!K8+CIT_NCF_Gas!K8
ADDED,Project_NCF,K9,,=CIT_NCF_Oil!K9+CIT_NCF_Gas!K9
ADDED,Project_NCF,L10,,=CIT_NCF_Oil!L10+CIT_NCF_Gas!L10
ADDED,Project_NCF,L11,,=CIT_NCF_Oil!L11+CIT_NCF_Gas!L11
ADDED,Project_NCF,L12,,=CIT_NCF_Oil!L12+CIT_NCF_Gas!L12
ADDED,Project_NCF,L13,,=CIT_NCF_Oil!L13+CIT_NCF_Gas!L13
ADDED,Project_NCF,L14,,=CIT_NCF_Oil!L14+CIT_NCF_Gas!L14
ADDED,Project_NCF,L15,,=CIT_NCF_Oil!L15+CIT_NCF_Gas!L15
ADDED,Project_NCF,L16,,=CIT_NCF_Oil!L16+CIT_NCF_Gas!L16
ADDED,Project_NCF,L17,,=CIT_NCF_Oil!L17+CIT_NCF_Gas!L17
ADDED,Project_NCF,L18,,=CIT_NCF_Oil!L18+CIT_NCF_Gas!L18
ADDED,Project_NCF,L19,,=CIT_NCF_Oil!L19+CIT_NCF_Gas!L19
ADDED,Project_NCF,L20,,=CIT_NCF_Oil!L20+CIT_NCF_Gas!L20
ADDED,Project_NCF,L21,,=CIT_NCF_Oil!L21+CIT_NCF_Gas!L21
ADDED,Project_NCF,L22,,=CIT_NCF_Oil!L22+CIT_NCF_Gas!L22
ADDED,Project_NCF,L23,,=CIT_NCF_Oil!L23+CIT_NCF_Gas!L23
ADDED,Project_NCF,L24,,=CIT_NCF_Oil!L24+CIT_NCF_Gas!L24
ADDED,Project_NCF,L25,,=CIT_NCF_Oil!L25+CIT_NCF_Gas!L25
ADDED,Project_NCF,L26,,=CIT_NCF_Oil!L26+CIT_NCF_Gas!L26
ADDED,Project_NCF,L27,,=CIT_NCF_Oil!L27+CIT_NCF_Gas!L27
ADDED,Project_NCF,L28,,=CIT_NCF_Oil!L28+CIT_NCF_Gas!L28
ADDED,Project_NCF,L29,,=CIT_NCF_Oil!L29+CIT_NCF_Gas!L29
ADDED,Project_NCF,L30,,=CIT_NCF_Oil!L30+CIT_NCF_Gas!L30
ADDED,Project_NCF,L31,,=CIT_NCF_Oil!L31+CIT_NCF_Gas!L31
ADDED,Project_NCF,L32,,=CIT_NCF_Oil!L32+CIT_NCF_Gas!L32
ADDED,Project_NCF,L33,,=CIT_NCF_Oil!L33+CIT_NCF_Gas!L33
ADDED,Project_NCF,L34,,=CIT_NCF_Oil!L34+CIT_NCF_Gas!L34
ADDED,Project_NCF,L35,,=CIT_NCF_Oil!L35+CIT_NCF_Gas!L35
ADDED,Project_NCF,L36,,=CIT_NCF_Oil!L36+CIT_NCF_Gas!L36
ADDED,Project_NCF,L37,,=CIT_NCF_Oil!L37+CIT_NCF_Gas!L37
ADDED,Project_NCF,L38,,=CIT_NCF_Oil!L38+CIT_NCF_Gas!L38
ADDED,Project_NCF,L39,,=CIT_NCF_Oil!L39+CIT_NCF_Gas!L39
ADDED,Project_NCF,L40,,=CIT_NCF_Oil!L40+CIT_NCF_Gas!L40
ADDED,Project_NCF,L41,,=CIT_NCF_Oil!L41+CIT_NCF_Gas!L41
ADDED,Project_NCF,L42,,=CIT_NCF_Oil!L42+CIT_NCF_Gas!L42
ADDED,Project_NCF,L43,,=CIT_NCF_Oil!L43+CIT_NCF_Gas!L43
ADDED,Project_NCF,L44,,=CIT_NCF_Oil!L44+CIT_NCF_Gas!L44
ADDED,Project_NCF,L45,,=CIT_NCF_Oil!L45+CIT_NCF_Gas!L45
ADDED,Project_NCF,L46,,=CIT_NCF_Oil!L46+CIT_NCF_Gas!L46
ADDED,Project_NCF,L47,,=CIT_NCF_Oil!L47+CIT_NCF_Gas!L47
ADDED,Project_NCF,L48,,=CIT_NCF_Oil!L48+CIT_NCF_Gas!L48
ADDED,Project_NCF,L49,,=CIT_NCF_Oil!L49+CIT_NCF_Gas!L49
ADDED,Project_NCF,L5,,=CIT_NCF_Oil!L5+CIT_NCF_Gas!L5
ADDED,Project_NCF,L51,,=SUM(L5:L49)
ADDED,Project_NCF,L6,,=CIT_NCF_Oil!L6+CIT_NCF_Gas!L6
ADDED,Project_NCF,L7,,=CIT_NCF_Oil!L7+CIT_NCF_Gas!L7
ADDED,Project_NCF,L8,,=CIT_NCF_Oil!L8+CIT_NCF_Gas!L8
ADDED,Project_NCF,L9,,=CIT_NCF_Oil!L9+CIT_NCF_Gas!L9
ADDED,Project_NCF,M10,,=CIT_NCF_Oil!M10+CIT_NCF_Gas!M10
ADDED,Project_NCF,M11,,=CIT_NCF_Oil!M11+CIT_NCF_Gas!M11
ADDED,Project_NCF,M12,,=CIT_NCF_Oil!M12+CIT_NCF_Gas!M12
ADDED,Project_NCF,M13,,=CIT_NCF_Oil!M13+CIT_NCF_Gas!M13
ADDED,Project_NCF,M14,,=CIT_NCF_Oil!M14+CIT_NCF_Gas!M14
ADDED,Project_NCF,M15,,=CIT_NCF_Oil!M15+CIT_NCF_Gas!M15
ADDED,Project_NCF,M16,,=CIT_NCF_Oil!M16+CIT_NCF_Gas!M16
ADDED,Project_NCF,M17,,=CIT_NCF_Oil!M17+CIT_NCF_Gas!M17
ADDED,Project_NCF,M18,,=CIT_NCF_Oil!M18+CIT_NCF_Gas!M18
ADDED,Project_NCF,M19,,=CIT_NCF_Oil!M19+CIT_NCF_Gas!M19
ADDED,Project_NCF,M20,,=CIT_NCF_Oil!M20+CIT_NCF_Gas!M20
ADDED,Project_NCF,M21,,=CIT_NCF_Oil!M21+CIT_NCF_Gas!M21
ADDED,Project_NCF,M22,,=CIT_NCF_Oil!M22+CIT_NCF_Gas!M22
ADDED,Project_NCF,M23,,=CIT_NCF_Oil!M23+CIT_NCF_Gas!M23
ADDED,Project_NCF,M24,,=CIT_NCF_Oil!M24+CIT_NCF_Gas!M24
ADDED,Project_NCF,M25,,=CIT_NCF_Oil!M25+CIT_NCF_Gas!M25
ADDED,Project_NCF,M26,,=CIT_NCF_Oil!M26+CIT_NCF_Gas!M26
ADDED,Project_NCF,M27,,=CIT_NCF_Oil!M27+CIT_NCF_Gas!M27
ADDED,Project_NCF,M28,,=CIT_NCF_Oil!M28+CIT_NCF_Gas!M28
ADDED,Project_NCF,M29,,=CIT_NCF_Oil!M29+CIT_NCF_Gas!M29
ADDED,Project_NCF,M30,,=CIT_NCF_Oil!M30+CIT_NCF_Gas!M30
ADDED,Project_NCF,M31,,=CIT_NCF_Oil!M31+CIT_NCF_Gas!M31
ADDED,Project_NCF,M32,,=CIT_NCF_Oil!M32+CIT_NCF_Gas!M32
ADDED,Project_NCF,M33,,=CIT_NCF_Oil!M33+CIT_NCF_Gas!M33
ADDED,Project_NCF,M34,,=CIT_NCF_Oil!M34+CIT_NCF_Gas!M34
ADDED,Project_NCF,M35,,=CIT_NCF_Oil!M35+CIT_NCF_Gas!M35
ADDED,Project_NCF,M36,,=CIT_NCF_Oil!M36+CIT_NCF_Gas!M36
ADDED,Project_NCF,M37,,=CIT_NCF_Oil!M37+CIT_NCF_Gas!M37
ADDED,Project_NCF,M38,,=CIT_NCF_Oil!M38+CIT_NCF_Gas!M38
ADDED,Project_NCF,M39,,=CIT_NCF_Oil!M39+CIT_NCF_Gas!M39
ADDED,Project_NCF,M40,,=CIT_NCF_Oil!M40+CIT_NCF_Gas!M40
ADDED,Project_NCF,M41,,=CIT_NCF_Oil!M41+CIT_NCF_Gas!M41
ADDED,Project_NCF,M42,,=CIT_NCF_Oil!M42+CIT_NCF_Gas!M42
ADDED,Project_NCF,M43,,=CIT_NCF_Oil!M43+CIT_NCF_Gas!M43
ADDED,Project_NCF,M44,,=CIT_NCF_Oil!M44+CIT_NCF_Gas!M44
ADDED,Project_NCF,M45,,=CIT_NCF_Oil!M45+CIT_NCF_Gas!M45
ADDED,Project_NCF,M46,,=CIT_NCF_Oil!M46+CIT_NCF_Gas!M46
ADDED,Project_NCF,M47,,=CIT_NCF_Oil!M47+CIT_NCF_Gas!M47
ADDED,Project_NCF,M48,,=CIT_NCF_Oil!M48+CIT_NCF_Gas!M48
ADDED,Project_NCF,M49,,=CIT_NCF_Oil!M49+CIT_NCF_Gas!M49
ADDED,Project_NCF,M5,,=CIT_NCF_Oil!M5+CIT_NCF_Gas!M5
ADDED,Project_NCF,M51,,=SUM(M5:M49)
ADDED,Project_NCF,M6,,=CIT_NCF_Oil!M6+CIT_NCF_Gas!M6
ADDED,Project_NCF,M7,,=CIT_NCF_Oil!M7+CIT_NCF_Gas!M7
ADDED,Project_NCF,M8,,=CIT_NCF_Oil!M8+CIT_NCF_Gas!M8
ADDED,Project_NCF,M9,,=CIT_NCF_Oil!M9+CIT_NCF_Gas!M9
ADDED,Project_NCF,N10,,=CIT_NCF_Oil!N10+CIT_NCF_Gas!N10
ADDED,Project_NCF,N11,,=CIT_NCF_Oil!N11+CIT_NCF_Gas!N11
ADDED,Project_NCF,N12,,=CIT_NCF_Oil!N12+CIT_NCF_Gas!N12
ADDED,Project_NCF,N13,,=CIT_NCF_Oil!N13+CIT_NCF_Gas!N13
ADDED,Project_NCF,N14,,=CIT_NCF_Oil!N14+CIT_NCF_Gas!N14
ADDED,Project_NCF,N15,,=CIT_NCF_Oil!N15+CIT_NCF_Gas!N15
ADDED,Project_NCF,N16,,=CIT_NCF_Oil!N16+CIT_NCF_Gas!N16
ADDED,Project_NCF,N17,,=CIT_NCF_Oil!N17+CIT_NCF_Gas!N17
ADDED,Project_NCF,N18,,=CIT_NCF_Oil!N18+CIT_NCF_Gas!N18
ADDED,Project_NCF,N19,,=CIT_NCF_Oil!N19+CIT_NCF_Gas!N19
ADDED,Project_NCF,N20,,=CIT_NCF_Oil!N20+CIT_NCF_Gas!N20
ADDED,Project_NCF,N21,,=CIT_NCF_Oil!N21+CIT_NCF_Gas!N21
ADDED,Project_NCF,N22,,=CIT_NCF_Oil!N22+CIT_NCF_Gas!N22
ADDED,Project_NCF,N23,,=CIT_NCF_Oil!N23+CIT_NCF_Gas!N23
ADDED,Project_NCF,N24,,=CIT_NCF_Oil!N24+CIT_NCF_Gas!N24
ADDED,Project_NCF,N25,,=CIT_NCF_Oil!N25+CIT_NCF_Gas!N25
ADDED,Project_NCF,N26,,=CIT_NCF_Oil!N26+CIT_NCF_Gas!N26
ADDED,Project_NCF,N27,,=CIT_NCF_Oil!N27+CIT_NCF_Gas!N27
ADDED,Project_NCF,N28,,=CIT_NCF_Oil!N28+CIT_NCF_Gas!N28
ADDED,Project_NCF,N29,,=CIT_NCF_Oil!N29+CIT_NCF_Gas!N29
ADDED,Project_NCF,N30,,=CIT_NCF_Oil!N30+CIT_NCF_Gas!N30
ADDED,Project_NCF,N31,,=CIT_NCF_Oil!N31+CIT_NCF_Gas!N31
ADDED,Project_NCF,N32,,=CIT_NCF_Oil!N32+CIT_NCF_Gas!N32
ADDED,Project_NCF,N33,,=CIT_NCF_Oil!N33+CIT_NCF_Gas!N33
ADDED,Project_NCF,N34,,=CIT_NCF_Oil!N34+CIT_NCF_Gas!N34
ADDED,Project_NCF,N35,,=CIT_NCF_Oil!N35+CIT_NCF_Gas!N35
ADDED,Project_NCF,N36,,=CIT_NCF_Oil!N36+CIT_NCF_Gas!N36
ADDED,Project_NCF,N37,,=CIT_NCF_Oil!N37+CIT_NCF_Gas!N37
ADDED,Project_NCF,N38,,=CIT_NCF_Oil!N38+CIT_NCF_Gas!N38
ADDED,Project_NCF,N39,,=CIT_NCF_Oil!N39+CIT_NCF_Gas!N39
ADDED,Project_NCF,N40,,=CIT_NCF_Oil!N40+CIT_NCF_Gas!N40
ADDED,Project_NCF,N41,,=CIT_NCF_Oil!N41+CIT_NCF_Gas!N41
ADDED,Project_NCF,N42,,=CIT_NCF_Oil!N42+CIT_NCF_Gas!N42
ADDED,Project_NCF,N43,,=CIT_NCF_Oil!N43+CIT_NCF_Gas!N43
ADDED,Project_NCF,N44,,=CIT_NCF_Oil!N44+CIT_NCF_Gas!N44
ADDED,Project_NCF,N45,,=CIT_NCF_Oil!N45+CIT_NCF_Gas!N45
ADDED,Project_NCF,N46,,=CIT_NCF_Oil!N46+CIT_NCF_Gas!N46
ADDED,Project_NCF,N47,,=CIT_NCF_Oil!N47+CIT_NCF_Gas!N47
ADDED,Project_NCF,N48,,=CIT_NCF_Oil!N48+CIT_NCF_Gas!N48
ADDED,Project_NCF,N49,,=CIT_NCF_Oil!N49+CIT_NCF_Gas!N49
ADDED,Project_NCF,N5,,=CIT_NCF_Oil!N5+CIT_NCF_Gas!N5
ADDED,Project_NCF,N51,,=SUM(N5:N49)
ADDED,Project_NCF,N6,,=CIT_NCF_Oil!N6+CIT_NCF_Gas!N6
ADDED,Project_NCF,N7,,=CIT_NCF_Oil!N7+CIT_NCF_Gas!N7
ADDED,Project_NCF,N8,,=CIT_NCF_Oil!N8+CIT_NCF_Gas!N8
ADDED,Project_NCF,N9,,=CIT_NCF_Oil!N9+CIT_NCF_Gas!N9
ADDED,Project_NCF,O10,,=CIT_NCF_Oil!O10+CIT_NCF_Gas!O10
ADDED,Project_NCF,O11,,=CIT_NCF_Oil!O11+CIT_NCF_Gas!O11
ADDED,Project_NCF,O12,,=CIT_NCF_Oil!O12+CIT_NCF_Gas!O12
ADDED,Project_NCF,O13,,=CIT_NCF_Oil!O13+CIT_NCF_Gas!O13
ADDED,Project_NCF,O14,,=CIT_NCF_Oil!O14+CIT_NCF_Gas!O14
ADDED,Project_NCF,O15,,=CIT_NCF_Oil!O15+CIT_NCF_Gas!O15
ADDED,Project_NCF,O16,,=CIT_NCF_Oil!O16+CIT_NCF_Gas!O16
ADDED,Project_NCF,O17,,=CIT_NCF_Oil!O17+CIT_NCF_Gas!O17
ADDED,Project_NCF,O18,,=CIT_NCF_Oil!O18+CIT_NCF_Gas!O18
ADDED,Project_NCF,O19,,=CIT_NCF_Oil!O19+CIT_NCF_Gas!O19
ADDED,Project_NCF,O20,,=CIT_NCF_Oil!O20+CIT_NCF_Gas!O20
ADDED,Project_NCF,O21,,=CIT_NCF_Oil!O21+CIT_NCF_Gas!O21
ADDED,Project_NCF,O22,,=CIT_NCF_Oil!O22+CIT_NCF_Gas!O22
ADDED,Project_NCF,O23,,=CIT_NCF_Oil!O23+CIT_NCF_Gas!O23
ADDED,Project_NCF,O24,,=CIT_NCF_Oil!O24+CIT_NCF_Gas!O24
ADDED,Project_NCF,O25,,=CIT_NCF_Oil!O25+CIT_NCF_Gas!O25
ADDED,Project_NCF,O26,,=CIT_NCF_Oil!O26+CIT_NCF_Gas!O26
ADDED,Project_NCF,O27,,=CIT_NCF_Oil!O27+CIT_NCF_Gas!O27
ADDED,Project_NCF,O28,,=CIT_NCF_Oil!O28+CIT_NCF_Gas!O28
ADDED,Project_NCF,O29,,=CIT_NCF_Oil!O29+CIT_NCF_Gas!O29
ADDED,Project_NCF,O3,,=FLGT!AF3
ADDED,Project_NCF,O30,,=CIT_NCF_Oil!O30+CIT_NCF_Gas!O30
ADDED,Project_NCF,O31,,=CIT_NCF_Oil!O31+CIT_NCF_Gas!O31
ADDED,Project_NCF,O32,,=CIT_NCF_Oil!O32+CIT_NCF_Gas!O32
ADDED,Project_NCF,O33,,=CIT_NCF_Oil!O33+CIT_NCF_Gas!O33
ADDED,Project_NCF,O34,,=CIT_NCF_Oil!O34+CIT_NCF_Gas!O34
ADDED,Project_NCF,O35,,=CIT_NCF_Oil!O35+CIT_NCF_Gas!O35
ADDED,Project_NCF,O36,,=CIT_NCF_Oil!O36+CIT_NCF_Gas!O36
ADDED,Project_NCF,O37,,=CIT_NCF_Oil!O37+CIT_NCF_Gas!O37
ADDED,Project_NCF,O38,,=CIT_NCF_Oil!O38+CIT_NCF_Gas!O38
ADDED,Project_NCF,O39,,=CIT_NCF_Oil!O39+CIT_NCF_Gas!O39
ADDED,Project_NCF,O4,,=FLGT!AF4
ADDED,Project_NCF,O40,,=CIT_NCF_Oil!O40+CIT_NCF_Gas!O40
ADDED,Project_NCF,O41,,=CIT_NCF_Oil!O41+CIT_NCF_Gas!O41
ADDED,Project_NCF,O42,,=CIT_NCF_Oil!O42+CIT_NCF_Gas!O42
ADDED,Project_NCF,O43,,=CIT_NCF_Oil!O43+CIT_NCF_Gas!O43
ADDED,Project_NCF,O44,,=CIT_NCF_Oil!O44+CIT_NCF_Gas!O44
ADDED,Project_NCF,O45,,=CIT_NCF_Oil!O45+CIT_NCF_Gas!O45
ADDED,Project_NCF,O46,,=CIT_NCF_Oil!O46+CIT_NCF_Gas!O46
ADDED,Project_NCF,O47,,=CIT_NCF_Oil!O47+CIT_NCF_Gas!O47
ADDED,Project_NCF,O48,,=CIT_NCF_Oil!O48+CIT_NCF_Gas!O48
ADDED,Project_NCF,O49,,=CIT_NCF_Oil!O49+CIT_NCF_Gas!O49
ADDED,Project_NCF,O5,,=CIT_NCF_Oil!O5+CIT_NCF_Gas!O5
ADDED,Project_NCF,O51,,=SUM(O5:O49)
ADDED,Project_NCF,O6,,=CIT_NCF_Oil!O6+CIT_NCF_Gas!O6
ADDED,Project_NCF,O7,,=CIT_NCF_Oil!O7+CIT_NCF_Gas!O7
ADDED,Project_NCF,O8,,=CIT_NCF_Oil!O8+CIT_NCF_Gas!O8
ADDED,Project_NCF,O9,,=CIT_NCF_Oil!O9+CIT_NCF_Gas!O9
ADDED,Project_NCF,P10,,=CIT_NCF_Oil!P10+CIT_NCF_Gas!P10
ADDED,Project_NCF,P11,,=CIT_NCF_Oil!P11+CIT_NCF_Gas!P11
ADDED,Project_NCF,P12,,=CIT_NCF_Oil!P12+CIT_NCF_Gas!P12
ADDED,Project_NCF,P13,,=CIT_NCF_Oil!P13+CIT_NCF_Gas!P13
ADDED,Project_NCF,P14,,=CIT_NCF_Oil!P14+CIT_NCF_Gas!P14
ADDED,Project_NCF,P15,,=CIT_NCF_Oil!P15+CIT_NCF_Gas!P15
ADDED,Project_NCF,P16,,=CIT_NCF_Oil!P16+CIT_NCF_Gas!P16
ADDED,Project_NCF,P17,,=CIT_NCF_Oil!P17+CIT_NCF_Gas!P17
ADDED,Project_NCF,P18,,=CIT_NCF_Oil!P18+CIT_NCF_Gas!P18
ADDED,Project_NCF,P19,,=CIT_NCF_Oil!P19+CIT_NCF_Gas!P19
ADDED,Project_NCF,P20,,=CIT_NCF_Oil!P20+CIT_NCF_Gas!P20
ADDED,Project_NCF,P21,,=CIT_NCF_Oil!P21+CIT_NCF_Gas!P21
ADDED,Project_NCF,P22,,=CIT_NCF_Oil!P22+CIT_NCF_Gas!P22
ADDED,Project_NCF,P23,,=CIT_NCF_Oil!P23+CIT_NCF_Gas!P23
ADDED,Project_NCF,P24,,=CIT_NCF_Oil!P24+CIT_NCF_Gas!P24
ADDED,Project_NCF,P25,,=CIT_NCF_Oil!P25+CIT_NCF_Gas!P25
ADDED,Project_NCF,P26,,=CIT_NCF_Oil!P26+CIT_NCF_Gas!P26
ADDED,Project_NCF,P27,,=CIT_NCF_Oil!P27+CIT_NCF_Gas!P27
ADDED,Project_NCF,P28,,=CIT_NCF_Oil!P28+CIT_NCF_Gas!P28
ADDED,Project_NCF,P29,,=CIT_NCF_Oil!P29+CIT_NCF_Gas!P29
ADDED,Project_NCF,P3,,=FLGT!AG3
ADDED,Project_NCF,P30,,=CIT_NCF_Oil!P30+CIT_NCF_Gas!P30
ADDED,Project_NCF,P31,,=CIT_NCF_Oil!P31+CIT_NCF_Gas!P31
ADDED,Project_NCF,P32,,=CIT_NCF_Oil!P32+CIT_NCF_Gas!P32
ADDED,Project_NCF,P33,,=CIT_NCF_Oil!P33+CIT_NCF_Gas!P33
ADDED,Project_NCF,P34,,=CIT_NCF_Oil!P34+CIT_NCF_Gas!P34
ADDED,Project_NCF,P35,,=CIT_NCF_Oil!P35+CIT_NCF_Gas!P35
ADDED,Project_NCF,P36,,=CIT_NCF_Oil!P36+CIT_NCF_Gas!P36
ADDED,Project_NCF,P37,,=CIT_NCF_Oil!P37+CIT_NCF_Gas!P37
ADDED,Project_NCF,P38,,=CIT_NCF_Oil!P38+CIT_NCF_Gas!P38
ADDED,Project_NCF,P39,,=CIT_NCF_Oil!P39+CIT_NCF_Gas!P39
ADDED,Project_NCF,P4,,=FLGT!AG4
ADDED,Project_NCF,P40,,=CIT_NCF_Oil!P40+CIT_NCF_Gas!P40
ADDED,Project_NCF,P41,,=CIT_NCF_Oil!P41+CIT_NCF_Gas!P41
ADDED,Project_NCF,P42,,=CIT_NCF_Oil!P42+CIT_NCF_Gas!P42
ADDED,Project_NCF,P43,,=CIT_NCF_Oil!P43+CIT_NCF_Gas!P43
ADDED,Project_NCF,P44,,=CIT_NCF_Oil!P44+CIT_NCF_Gas!P44
ADDED,Project_NCF,P45,,=CIT_NCF_Oil!P45+CIT_NCF_Gas!P45
ADDED,Project_NCF,P46,,=CIT_NCF_Oil!P46+CIT_NCF_Gas!P46
ADDED,Project_NCF,P47,,=CIT_NCF_Oil!P47+CIT_NCF_Gas!P47
ADDED,Project_NCF,P48,,=CIT_NCF_Oil!P48+CIT_NCF_Gas!P48
ADDED,Project_NCF,P49,,=CIT_NCF_Oil!P49+CIT_NCF_Gas!P49
ADDED,Project_NCF,P5,,=CIT_NCF_Oil!P5+CIT_NCF_Gas!P5
ADDED,Project_NCF,P51,,=SUM(P5:P49)
ADDED,Project_NCF,P6,,=CIT_NCF_Oil!P6+CIT_NCF_Gas!P6
ADDED,Project_NCF,P7,,=CIT_NCF_Oil!P7+CIT_NCF_Gas!P7
ADDED,Project_NCF,P8,,=CIT_NCF_Oil!P8+CIT_NCF_Gas!P8
ADDED,Project_NCF,P9,,=CIT_NCF_Oil!P9+CIT_NCF_Gas!P9
ADDED,Project_NCF,Q10,,=CIT_NCF_Oil!Q10+CIT_NCF_Gas!Q10
ADDED,Project_NCF,Q11,,=CIT_NCF_Oil!Q11+CIT_NCF_Gas!Q11
ADDED,Project_NCF,Q12,,=CIT_NCF_Oil!Q12+CIT_NCF_Gas!Q12
ADDED,Project_NCF,Q13,,=CIT_NCF_Oil!Q13+CIT_NCF_Gas!Q13
ADDED,Project_NCF,Q14,,=CIT_NCF_Oil!Q14+CIT_NCF_Gas!Q14
ADDED,Project_NCF,Q15,,=CIT_NCF_Oil!Q15+CIT_NCF_Gas!Q15
ADDED,Project_NCF,Q16,,=CIT_NCF_Oil!Q16+CIT_NCF_Gas!Q16
ADDED,Project_NCF,Q17,,=CIT_NCF_Oil!Q17+CIT_NCF_Gas!Q17
ADDED,Project_NCF,Q18,,=CIT_NCF_Oil!Q18+CIT_NCF_Gas!Q18
ADDED,Project_NCF,Q19,,=CIT_NCF_Oil!Q19+CIT_NCF_Gas!Q19
ADDED,Project_NCF,Q20,,=CIT_NCF_Oil!Q20+CIT_NCF_Gas!Q20
ADDED,Project_NCF,Q21,,=CIT_NCF_Oil!Q21+CIT_NCF_Gas!Q21
ADDED,Project_NCF,Q22,,=CIT_NCF_Oil!Q22+CIT_NCF_Gas!Q22
ADDED,Project_NCF,Q23,,=CIT_NCF_Oil!Q23+CIT_NCF_Gas!Q23
ADDED,Project_NCF,Q24,,=CIT_NCF_Oil!Q24+CIT_NCF_Gas!Q24
ADDED,Project_NCF,Q25,,=CIT_NCF_Oil!Q25+CIT_NCF_Gas!Q25
ADDED,Project_NCF,Q26,,=CIT_NCF_Oil!Q26+CIT_NCF_Gas!Q26
ADDED,Project_NCF,Q27,,=CIT_NCF_Oil!Q27+CIT_NCF_Gas!Q27
ADDED,Project_NCF,Q28,,=CIT_NCF_Oil!Q28+CIT_NCF_Gas!Q28
ADDED,Project_NCF,Q29,,=CIT_NCF_Oil!Q29+CIT_NCF_Gas!Q29
ADDED,Project_NCF,Q3,,=FLGT!Z3
ADDED,Project_NCF,Q30,,=CIT_NCF_Oil!Q30+CIT_NCF_Gas!Q30
ADDED,Project_NCF,Q31,,=CIT_NCF_Oil!Q31+CIT_NCF_Gas!Q31
ADDED,Project_NCF,Q32,,=CIT_NCF_Oil!Q32+CIT_NCF_Gas!Q32
ADDED,Project_NCF,Q33,,=CIT_NCF_Oil!Q33+CIT_NCF_Gas!Q33
ADDED,Project_NCF,Q34,,=CIT_NCF_Oil!Q34+CIT_NCF_Gas!Q34
ADDED,Project_NCF,Q35,,=CIT_NCF_Oil!Q35+CIT_NCF_Gas!Q35
ADDED,Project_NCF,Q36,,=CIT_NCF_Oil!Q36+CIT_NCF_Gas!Q36
ADDED,Project_NCF,Q37,,=CIT_NCF_Oil!Q37+CIT_NCF_Gas!Q37
ADDED,Project_NCF,Q38,,=CIT_NCF_Oil!Q38+CIT_NCF_Gas!Q38
ADDED,Project_NCF,Q39,,=CIT_NCF_Oil!Q39+CIT_NCF_Gas!Q39
ADDED,Project_NCF,Q4,,=FLGT!Z4
ADDED,Project_NCF,Q40,,=CIT_NCF_Oil!Q40+CIT_NCF_Gas!Q40
ADDED,Project_NCF,Q41,,=CIT_NCF_Oil!Q41+CIT_NCF_Gas!Q41
ADDED,Project_NCF,Q42,,=CIT_NCF_Oil!Q42+CIT_NCF_Gas!Q42
ADDED,Project_NCF,Q43,,=CIT_NCF_Oil!Q43+CIT_NCF_Gas!Q43
ADDED,Project_NCF,Q44,,=CIT_NCF_Oil!Q44+CIT_NCF_Gas!Q44
ADDED,Project_NCF,Q45,,=CIT_NCF_Oil!Q45+CIT_NCF_Gas!Q45
ADDED,Project_NCF,Q46,,=CIT_NCF_Oil!Q46+CIT_NCF_Gas!Q46
ADDED,Project_NCF,Q47,,=CIT_NCF_Oil!Q47+CIT_NCF_Gas!Q47
ADDED,Project_NCF,Q48,,=CIT_NCF_Oil!Q48+CIT_NCF_Gas!Q48
ADDED,Project_NCF,Q49,,=CIT_NCF_Oil!Q49+CIT_NCF_Gas!Q49
ADDED,Project_NCF,Q5,,=CIT_NCF_Oil!Q5+CIT_NCF_Gas!Q5
ADDED,Project_NCF,Q51,,=SUM(Q5:Q49)
ADDED,Project_NCF,Q6,,=CIT_NCF_Oil!Q6+CIT_NCF_Gas!Q6
ADDED,Project_NCF,Q7,,=CIT_NCF_Oil!Q7+CIT_NCF_Gas!Q7
ADDED,Project_NCF,Q8,,=CIT_NCF_Oil!Q8+CIT_NCF_Gas!Q8
ADDED,Project_NCF,Q9,,=CIT_NCF_Oil!Q9+CIT_NCF_Gas!Q9
ADDED,Project_NCF,R10,,=CIT_NCF_Oil!R10+CIT_NCF_Gas!R10
ADDED,Project_NCF,R11,,=CIT_NCF_Oil!R11+CIT_NCF_Gas!R11
ADDED,Project_NCF,R12,,=CIT_NCF_Oil!R12+CIT_NCF_Gas!R12
ADDED,Project_NCF,R13,,=CIT_NCF_Oil!R13+CIT_NCF_Gas!R13
ADDED,Project_NCF,R14,,=CIT_NCF_Oil!R14+CIT_NCF_Gas!R14
ADDED,Project_NCF,R15,,=CIT_NCF_Oil!R15+CIT_NCF_Gas!R15
ADDED,Project_NCF,R16,,=CIT_NCF_Oil!R16+CIT_NCF_Gas!R16
ADDED,Project_NCF,R17,,=CIT_NCF_Oil!R17+CIT_NCF_Gas!R17
ADDED,Project_NCF,R18,,=CIT_NCF_Oil!R18+CIT_NCF_Gas!R18
ADDED,Project_NCF,R19,,=CIT_NCF_Oil!R19+CIT_NCF_Gas!R19
ADDED,Project_NCF,R20,,=CIT_NCF_Oil!R20+CIT_NCF_Gas!R20
ADDED,Project_NCF,R21,,=CIT_NCF_Oil!R21+CIT_NCF_Gas!R21
ADDED,Project_NCF,R22,,=CIT_NCF_Oil!R22+CIT_NCF_Gas!R22
ADDED,Project_NCF,R23,,=CIT_NCF_Oil!R23+CIT_NCF_Gas!R23
ADDED,Project_NCF,R24,,=CIT_NCF_Oil!R24+CIT_NCF_Gas!R24
ADDED,Project_NCF,R25,,=CIT_NCF_Oil!R25+CIT_NCF_Gas!R25
ADDED,Project_NCF,R26,,=CIT_NCF_Oil!R26+CIT_NCF_Gas!R26
ADDED,Project_NCF,R27,,=CIT_NCF_Oil!R27+CIT_NCF_Gas!R27
ADDED,Project_NCF,R28,,=CIT_NCF_Oil!R28+CIT_NCF_Gas!R28
ADDED,Project_NCF,R29,,=CIT_NCF_Oil!R29+CIT_NCF_Gas!R29
ADDED,Project_NCF,R3,,=FLGT!AH3
ADDED,Project_NCF,R30,,=CIT_NCF_Oil!R30+CIT_NCF_Gas!R30
ADDED,Project_NCF,R31,,=CIT_NCF_Oil!R31+CIT_NCF_Gas!R31
ADDED,Project_NCF,R32,,=CIT_NCF_Oil!R32+CIT_NCF_Gas!R32
ADDED,Project_NCF,R33,,=CIT_NCF_Oil!R33+CIT_NCF_Gas!R33
ADDED,Project_NCF,R34,,=CIT_NCF_Oil!R34+CIT_NCF_Gas!R34
ADDED,Project_NCF,R35,,=CIT_NCF_Oil!R35+CIT_NCF_Gas!R35
ADDED,Project_NCF,R36,,=CIT_NCF_Oil!R36+CIT_NCF_Gas!R36
ADDED,Project_NCF,R37,,=CIT_NCF_Oil!R37+CIT_NCF_Gas!R37
ADDED,Project_NCF,R38,,=CIT_NCF_Oil!R38+CIT_NCF_Gas!R38
ADDED,Project_NCF,R39,,=CIT_NCF_Oil!R39+CIT_NCF_Gas!R39
ADDED,Project_NCF,R4,,=FLGT!AH4
ADDED,Project_NCF,R40,,=CIT_NCF_Oil!R40+CIT_NCF_Gas!R40
ADDED,Project_NCF,R41,,=CIT_NCF_Oil!R41+CIT_NCF_Gas!R41
ADDED,Project_NCF,R42,,=CIT_NCF_Oil!R42+CIT_NCF_Gas!R42
ADDED,Project_NCF,R43,,=CIT_NCF_Oil!R43+CIT_NCF_Gas!R43
ADDED,Project_NCF,R44,,=CIT_NCF_Oil!R44+CIT_NCF_Gas!R44
ADDED,Project_NCF,R45,,=CIT_NCF_Oil!R45+CIT_NCF_Gas!R45
ADDED,Project_NCF,R46,,=CIT_NCF_Oil!R46+CIT_NCF_Gas!R46
ADDED,Project_NCF,R47,,=CIT_NCF_Oil!R47+CIT_NCF_Gas!R47
ADDED,Project_NCF,R48,,=CIT_NCF_Oil!R48+CIT_NCF_Gas!R48
ADDED,Project_NCF,R49,,=CIT_NCF_Oil!R49+CIT_NCF_Gas!R49
ADDED,Project_NCF,R5,,=CIT_NCF_Oil!R5+CIT_NCF_Gas!R5
ADDED,Project_NCF,R51,,=SUM(R5:R49)
ADDED,Project_NCF,R6,,=CIT_NCF_Oil!R6+CIT_NCF_Gas!R6
ADDED,Project_NCF,R7,,=CIT_NCF_Oil!R7+CIT_NCF_Gas!R7
ADDED,Project_NCF,R8,,=CIT_NCF_Oil!R8+CIT_NCF_Gas!R8
ADDED,Project_NCF,R9,,=CIT_NCF_Oil!R9+CIT_NCF_Gas!R9
ADDED,Project_NCF,S10,,=SUM(E10:R10)
ADDED,Project_NCF,S11,,=SUM(E11:R11)
ADDED,Project_NCF,S12,,=SUM(E12:R12)
ADDED,Project_NCF,S13,,=SUM(E13:R13)
ADDED,Project_NCF,S14,,=SUM(E14:R14)
ADDED,Project_NCF,S15,,=SUM(E15:R15)
ADDED,Project_NCF,S16,,=SUM(E16:R16)
ADDED,Project_NCF,S17,,=SUM(E17:R17)
ADDED,Project_NCF,S18,,=SUM(E18:R18)
ADDED,Project_NCF,S19,,=SUM(E19:R19)
ADDED,Project_NCF,S20,,=SUM(E20:R20)
ADDED,Project_NCF,S21,,=SUM(E21:R21)
ADDED,Project_NCF,S22,,=SUM(E22:R22)
ADDED,Project_NCF,S23,,=SUM(E23:R23)
ADDED,Project_NCF,S24,,=SUM(E24:R24)
ADDED,Project_NCF,S25,,=SUM(E25:R25)
ADDED,Project_NCF,S26,,=SUM(E26:R26)
ADDED,Project_NCF,S27,,=SUM(E27:R27)
ADDED,Project_NCF,S28,,=SUM(E28:R28)
ADDED,Project_NCF,S29,,=SUM(E29:R29)
ADDED,Project_NCF,S30,,=SUM(E30:R30)
ADDED,Project_NCF,S31,,=SUM(E31:R31)
ADDED,Project_NCF,S32,,=SUM(E32:R32)
ADDED,Project_NCF,S33,,=SUM(E33:R33)
ADDED,Project_NCF,S34,,=SUM(E34:R34)
ADDED,Project_NCF,S35,,=SUM(E35:R35)
ADDED,Project_NCF,S36,,=SUM(E36:R36)
ADDED,Project_NCF,S37,,=SUM(E37:R37)
ADDED,Project_NCF,S38,,=SUM(E38:R38)
ADDED,Project_NCF,S39,,=SUM(E39:R39)
ADDED,Project_NCF,S4,,=FLGT!AI4
ADDED,Project_NCF,S40,,=SUM(E40:R40)
ADDED,Project_NCF,S41,,=SUM(E41:R41)
ADDED,Project_NCF,S42,,=SUM(E42:R42)
ADDED,Project_NCF,S43,,=SUM(E43:R43)
ADDED,Project_NCF,S44,,=SUM(E44:R44)
ADDED,Project_NCF,S45,,=SUM(E45:R45)
ADDED,Project_NCF,S46,,=SUM(E46:R46)
ADDED,Project_NCF,S47,,=SUM(E47:R47)
ADDED,Project_NCF,S48,,=SUM(E48:R48)
ADDED,Project_NCF,S49,,=SUM(E49:R49)
ADDED,Project_NCF,S5,,=SUM(E5:R5)
ADDED,Project_NCF,S51,,=SUM(S5:S49)
ADDED,Project_NCF,S6,,=SUM(E6:R6)
ADDED,Project_NCF,S7,,=SUM(E7:R7)
ADDED,Project_NCF,S8,,=SUM(E8:R8)
ADDED,Project_NCF,S9,,=SUM(E9:R9)
ADDED,Project_NCF,T10,,=B10-S10
ADDED,Project_NCF,T11,,=B11-S11
ADDED,Project_NCF,T12,,=B12-S12
ADDED,Project_NCF,T13,,=B13-S13
ADDED,Project_NCF,T14,,=B14-S14
ADDED,Project_NCF,T15,,=B15-S15
ADDED,Project_NCF,T16,,=B16-S16
ADDED,Project_NCF,T17,,=B17-S17
ADDED,Project_NCF,T18,,=B18-S18
ADDED,Project_NCF,T19,,=B19-S19
ADDED,Project_NCF,T20,,=B20-S20
ADDED,Project_NCF,T21,,=B21-S21
ADDED,Project_NCF,T22,,=B22-S22
ADDED,Project_NCF,T23,,=B23-S23
ADDED,Project_NCF,T24,,=B24-S24
ADDED,Project_NCF,T25,,=B25-S25
ADDED,Project_NCF,T26,,=B26-S26
ADDED,Project_NCF,T27,,=B27-S27
ADDED,Project_NCF,T28,,=B28-S28
ADDED,Project_NCF,T29,,=B29-S29
ADDED,Project_NCF,T30,,=B30-S30
ADDED,Project_NCF,T31,,=B31-S31
ADDED,Project_NCF,T32,,=B32-S32
ADDED,Project_NCF,T33,,=B33-S33
ADDED,Project_NCF,T34,,=B34-S34
ADDED,Project_NCF,T35,,=B35-S35
ADDED,Project_NCF,T36,,=B36-S36
ADDED,Project_NCF,T37,,=B37-S37
ADDED,Project_NCF,T38,,=B38-S38
ADDED,Project_NCF,T39,,=B39-S39
ADDED,Project_NCF,T40,,=B40-S40
ADDED,Project_NCF,T41,,=B41-S41
ADDED,Project_NCF,T42,,=B42-S42
ADDED,Project_NCF,T43,,=B43-S43
ADDED,Project_NCF,T44,,=B44-S44
ADDED,Project_NCF,T45,,=B45-S45
ADDED,Project_NCF,T46,,=B46-S46
ADDED,Project_NCF,T47,,=B47-S47
ADDED,Project_NCF,T48,,=B48-S48
ADDED,Project_NCF,T49,,=B49-S49
ADDED,Project_NCF,T5,,=B5-S5
ADDED,Project_NCF,T51,,=SUM(T5:T49)
ADDED,Project_NCF,T6,,=B6-S6
ADDED,Project_NCF,T7,,=B7-S7
ADDED,Project_NCF,T8,,=B8-S8
ADDED,Project_NCF,T9,,=B9-S9
ADDED,Project_NCF,U10,,"=IF(SUM(B10:D10)-S10+Q10+R10+U9<0,SUM(B10:D10)-S10+Q10+R10+U9,0)"
ADDED,Project_NCF,U11,,"=IF(SUM(B11:D11)-S11+Q11+R11+U10<0,SUM(B11:D11)-S11+Q11+R11+U10,0)"
ADDED,Project_NCF,U12,,"=IF(SUM(B12:D12)-S12+Q12+R12+U11<0,SUM(B12:D12)-S12+Q12+R12+U11,0)"
ADDED,Project_NCF,U13,,"=IF(SUM(B13:D13)-S13+Q13+R13+U12<0,SUM(B13:D13)-S13+Q13+R13+U12,0)"
ADDED,Project_NCF,U14,,"=IF(SUM(B14:D14)-S14+Q14+R14+U13<0,SUM(B14:D14)-S14+Q14+R14+U13,0)"
ADDED,Project_NCF,U15,,"=IF(SUM(B15:D15)-S15+Q15+R15+U14<0,SUM(B15:D15)-S15+Q15+R15+U14,0)"
ADDED,Project_NCF,U16,,"=IF(SUM(B16:D16)-S16+Q16+R16+U15<0,SUM(B16:D16)-S16+Q16+R16+U15,0)"
ADDED,Project_NCF,U17,,"=IF(SUM(B17:D17)-S17+Q17+R17+U16<0,SUM(B17:D17)-S17+Q17+R17+U16,0)"
ADDED,Project_NCF,U18,,"=IF(SUM(B18:D18)-S18+Q18+R18+U17<0,SUM(B18:D18)-S18+Q18+R18+U17,0)"
ADDED,Project_NCF,U19,,"=IF(SUM(B19:D19)-S19+Q19+R19+U18<0,SUM(B19:D19)-S19+Q19+R19+U18,0)"
ADDED,Project_NCF,U20,,"=IF(SUM(B20:D20)-S20+Q20+R20+U19<0,SUM(B20:D20)-S20+Q20+R20+U19,0)"
ADDED,Project_NCF,U21,,"=IF(SUM(B21:D21)-S21+Q21+R21+U20<0,SUM(B21:D21)-S21+Q21+R21+U20,0)"
ADDED,Project_NCF,U22,,"=IF(SUM(B22:D22)-S22+Q22+R22+U21<0,SUM(B22:D22)-S22+Q22+R22+U21,0)"
ADDED,Project_NCF,U23,,"=IF(SUM(B23:D23)-S23+Q23+R23+U22<0,SUM(B23:D23)-S23+Q23+R23+U22,0)"
ADDED,Project_NCF,U24,,"=IF(SUM(B24:D24)-S24+Q24+R24+U23<0,SUM(B24:D24)-S24+Q24+R24+U23,0)"
ADDED,Project_NCF,U25,,"=IF(SUM(B25:D25)-S25+Q25+R25+U24<0,SUM(B25:D25)-S25+Q25+R25+U24,0)"
ADDED,Project_NCF,U26,,"=IF(SUM(B26:D26)-S26+Q26+R26+U25<0,SUM(B26:D26)-S26+Q26+R26+U25,0)"
ADDED,Project_NCF,U27,,"=IF(SUM(B27:D27)-S27+Q27+R27+U26<0,SUM(B27:D27)-S27+Q27+R27+U26,0)"
ADDED,Project_NCF,U28,,"=IF(SUM(B28:D28)-S28+Q28+R28+U27<0,SUM(B28:D28)-S28+Q28+R28+U27,0)"
ADDED,Project_NCF,U29,,"=IF(SUM(B29:D29)-S29+Q29+R29+U28<0,SUM(B29:D29)-S29+Q29+R29+U28,0)"
ADDED,Project_NCF,U30,,"=IF(SUM(B30:D30)-S30+Q30+R30+U29<0,SUM(B30:D30)-S30+Q30+R30+U29,0)"
ADDED,Project_NCF,U31,,"=IF(SUM(B31:D31)-S31+Q31+R31+U30<0,SUM(B31:D31)-S31+Q31+R31+U30,0)"
ADDED,Project_NCF,U32,,"=IF(SUM(B32:D32)-S32+Q32+R32+U31<0,SUM(B32:D32)-S32+Q32+R32+U31,0)"
ADDED,Project_NCF,U33,,"=IF(SUM(B33:D33)-S33+Q33+R33+U32<0,SUM(B33:D33)-S33+Q33+R33+U32,0)"
ADDED,Project_NCF,U34,,"=IF(SUM(B34:D34)-S34+Q34+R34+U33<0,SUM(B34:D34)-S34+Q34+R34+U33,0)"
ADDED,Project_NCF,U35,,"=IF(SUM(B35:D35)-S35+Q35+R35+U34<0,SUM(B35:D35)-S35+Q35+R35+U34,0)"
ADDED,Project_NCF,U36,,"=IF(SUM(B36:D36)-S36+Q36+R36+U35<0,SUM(B36:D36)-S36+Q36+R36+U35,0)"
ADDED,Project_NCF,U37,,"=IF(SUM(B37:D37)-S37+Q37+R37+U36<0,SUM(B37:D37)-S37+Q37+R37+U36,0)"
ADDED,Project_NCF,U38,,"=IF(SUM(B38:D38)-S38+Q38+R38+U37<0,SUM(B38:D38)-S38+Q38+R38+U37,0)"
ADDED,Project_NCF,U39,,"=IF(SUM(B39:D39)-S39+Q39+R39+U38<0,SUM(B39:D39)-S39+Q39+R39+U38,0)"
ADDED,Project_NCF,U40,,"=IF(SUM(B40:D40)-S40+Q40+R40+U39<0,SUM(B40:D40)-S40+Q40+R40+U39,0)"
ADDED,Project_NCF,U41,,"=IF(SUM(B41:D41)-S41+Q41+R41+U40<0,SUM(B41:D41)-S41+Q41+R41+U40,0)"
ADDED,Project_NCF,U42,,"=IF(SUM(B42:D42)-S42+Q42+R42+U41<0,SUM(B42:D42)-S42+Q42+R42+U41,0)"
ADDED,Project_NCF,U43,,"=IF(SUM(B43:D43)-S43+Q43+R43+U42<0,SUM(B43:D43)-S43+Q43+R43+U42,0)"
ADDED,Project_NCF,U44,,"=IF(SUM(B44:D44)-S44+Q44+R44+U43<0,SUM(B44:D44)-S44+Q44+R44+U43,0)"
ADDED,Project_NCF,U45,,"=IF(SUM(B45:D45)-S45+Q45+R45+U44<0,SUM(B45:D45)-S45+Q45+R45+U44,0)"
ADDED,Project_NCF,U46,,"=IF(SUM(B46:D46)-S46+Q46+R46+U45<0,SUM(B46:D46)-S46+Q46+R46+U45,0)"
ADDED,Project_NCF,U47,,"=IF(SUM(B47:D47)-S47+Q47+R47+U46<0,SUM(B47:D47)-S47+Q47+R47+U46,0)"
ADDED,Project_NCF,U48,,"=IF(SUM(B48:D48)-S48+Q48+R48+U47<0,SUM(B48:D48)-S48+Q48+R48+U47,0)"
ADDED,Project_NCF,U49,,"=IF(SUM(B49:D49)-S49+Q49+R49+U48<0,SUM(B49:D49)-S49+Q49+R49+U48,0)"
ADDED,Project_NCF,U5,,"=IF(SUM(B5:D5)-S5+Q5+R5<0,SUM(B5:D5)-S5+Q5+R5,0)"
ADDED,Project_NCF,U51,,=SUM(U5:U49)
ADDED,Project_NCF,U6,,"=IF(SUM(B6:D6)-S6+Q6+R6+U5<0,SUM(B6:D6)-S6+Q6+R6+U5,0)"
ADDED,Project_NCF,U7,,"=IF(SUM(B7:D7)-S7+Q7+R7+U6<0,SUM(B7:D7)-S7+Q7+R7+U6,0)"
ADDED,Project_NCF,U8,,"=IF(SUM(B8:D8)-S8+Q8+R8+U7<0,SUM(B8:D8)-S8+Q8+R8+U7,0)"
ADDED,Project_NCF,U9,,"=IF(SUM(B9:D9)-S9+Q9+R9+U8<0,SUM(B9:D9)-S9+Q9+R9+U8,0)"
ADDED,Project_NCF,V10,,=T10-U10
ADDED,Project_NCF,V11,,=T11-U11
ADDED,Project_NCF,V12,,=T12-U12
ADDED,Project_NCF,V13,,=T13-U13
ADDED,Project_NCF,V14,,=T14-U14
ADDED,Project_NCF,V15,,=T15-U15
ADDED,Project_NCF,V16,,=T16-U16
ADDED,Project_NCF,V17,,=T17-U17
ADDED,Project_NCF,V18,,=T18-U18
ADDED,Project_NCF,V19,,=T19-U19
ADDED,Project_NCF,V20,,=T20-U20
ADDED,Project_NCF,V21,,=T21-U21
ADDED,Project_NCF,V22,,=T22-U22
ADDED,Project_NCF,V23,,=T23-U23
ADDED,Project_NCF,V24,,=T24-U24
ADDED,Project_NCF,V25,,=T25-U25
ADDED,Project_NCF,V26,,=T26-U26
ADDED,Project_NCF,V27,,=T27-U27
ADDED,Project_NCF,V28,,=T28-U28
ADDED,Project_NCF,V29,,=T29-U29
ADDED,Project_NCF,V30,,=T30-U30
ADDED,Project_NCF,V31,,=T31-U31
ADDED,Project_NCF,V32,,=T32-U32
ADDED,Project_NCF,V33,,=T33-U33
ADDED,Project_NCF,V34,,=T34-U34
ADDED,Project_NCF,V35,,=T35-U35
ADDED,Project_NCF,V36,,=T36-U36
ADDED,Project_NCF,V37,,=T37-U37
ADDED,Project_NCF,V38,,=T38-U38
ADDED,Project_NCF,V39,,=T39-U39
ADDED,Project_NCF,V40,,=T40-U40
ADDED,Project_NCF,V41,,=T41-U41
ADDED,Project_NCF,V42,,=T42-U42
ADDED,Project_NCF,V43,,=T43-U43
ADDED,Project_NCF,V44,,=T44-U44
ADDED,Project_NCF,V45,,=T45-U45
ADDED,Project_NCF,V46,,=T46-U46
ADDED,Project_NCF,V47,,=T47-U47
ADDED,Project_NCF,V48,,=T48-U48
ADDED,Project_NCF,V49,,=T49-U49
ADDED,Project_NCF,V5,,=T5-U5
ADDED,Project_NCF,V51,,=SUM(V5:V49)
ADDED,Project_NCF,V6,,=T6-U6
ADDED,Project_NCF,V7,,=T7-U7
ADDED,Project_NCF,V8,,=T8-U8
ADDED,Project_NCF,V9,,=T9-U9
ADDED,Project_NCF,W10,,=Cap_Allow!FP7+'Cap_Allow Gas'!FP7
ADDED,Project_NCF,W11,,=Cap_Allow!FP8+'Cap_Allow Gas'!FP8
ADDED,Project_NCF,W12,,=Cap_Allow!FP9+'Cap_Allow Gas'!FP9
ADDED,Project_NCF,W13,,=Cap_Allow!FP10+'Cap_Allow Gas'!FP10
ADDED,Project_NCF,W14,,=Cap_Allow!FP11+'Cap_Allow Gas'!FP11
ADDED,Project_NCF,W15,,=Cap_Allow!FP12+'Cap_Allow Gas'!FP12
ADDED,Project_NCF,W16,,=Cap_Allow!FP13+'Cap_Allow Gas'!FP13
ADDED,Project_NCF,W17,,=Cap_Allow!FP14+'Cap_Allow Gas'!FP14
ADDED,Project_NCF,W18,,=Cap_Allow!FP15+'Cap_Allow Gas'!FP15
ADDED,Project_NCF,W19,,=Cap_Allow!FP16+'Cap_Allow Gas'!FP16
ADDED,Project_NCF,W20,,=Cap_Allow!FP17+'Cap_Allow Gas'!FP17
ADDED,Project_NCF,W21,,=Cap_Allow!FP18+'Cap_Allow Gas'!FP18
ADDED,Project_NCF,W22,,=Cap_Allow!FP19+'Cap_Allow Gas'!FP19
ADDED,Project_NCF,W23,,=Cap_Allow!FP20+'Cap_Allow Gas'!FP20
ADDED,Project_NCF,W24,,=Cap_Allow!FP21+'Cap_Allow Gas'!FP21
ADDED,Project_NCF,W25,,=Cap_Allow!FP22+'Cap_Allow Gas'!FP22
ADDED,Project_NCF,W26,,=Cap_Allow!FP23+'Cap_Allow Gas'!FP23
ADDED,Project_NCF,W27,,=Cap_Allow!FP24+'Cap_Allow Gas'!FP24
ADDED,Project_NCF,W28,,=Cap_Allow!FP25+'Cap_Allow Gas'!FP25
ADDED,Project_NCF,W29,,=Cap_Allow!FP26+'Cap_Allow Gas'!FP26
ADDED,Project_NCF,W30,,=Cap_Allow!FP27+'Cap_Allow Gas'!FP27
ADDED,Project_NCF,W31,,=Cap_Allow!FP28+'Cap_Allow Gas'!FP28
ADDED,Project_NCF,W32,,=Cap_Allow!FP29+'Cap_Allow Gas'!FP29
ADDED,Project_NCF,W33,,=Cap_Allow!FP30+'Cap_Allow Gas'!FP30
ADDED,Project_NCF,W34,,=Cap_Allow!FP31+'Cap_Allow Gas'!FP31
ADDED,Project_NCF,W35,,=Cap_Allow!FP32+'Cap_Allow Gas'!FP32
ADDED,Project_NCF,W36,,=Cap_Allow!FP33+'Cap_Allow Gas'!FP33
ADDED,Project_NCF,W37,,=Cap_Allow!FP34+'Cap_Allow Gas'!FP34
ADDED,Project_NCF,W38,,=Cap_Allow!FP35+'Cap_Allow Gas'!FP35
ADDED,Project_NCF,W39,,=Cap_Allow!FP36+'Cap_Allow Gas'!FP36
ADDED,Project_NCF,W40,,=Cap_Allow!FP37+'Cap_Allow Gas'!FP37
ADDED,Project_NCF,W41,,=Cap_Allow!FP38+'Cap_Allow Gas'!FP38
ADDED,Project_NCF,W42,,=Cap_Allow!FP39+'Cap_Allow Gas'!FP39
ADDED,Project_NCF,W43,,=Cap_Allow!FP40+'Cap_Allow Gas'!FP40
ADDED,Project_NCF,W44,,=Cap_Allow!FP41+'Cap_Allow Gas'!FP41
ADDED,Project_NCF,W45,,=Cap_Allow!FP42+'Cap_Allow Gas'!FP42
ADDED,Project_NCF,W46,,=Cap_Allow!FP43+'Cap_Allow Gas'!FP43
ADDED,Project_NCF,W47,,=Cap_Allow!FP44+'Cap_Allow Gas'!FP44
ADDED,Project_NCF,W48,,=Cap_Allow!FP45+'Cap_Allow Gas'!FP45
ADDED,Project_NCF,W49,,=Cap_Allow!FP46+'Cap_Allow Gas'!FP46
ADDED,Project_NCF,W51,,=SUM(W5:W49)
ADDED,Project_NCF,W8,,=Cap_Allow!FP5+'Cap_Allow Gas'!FP5
ADDED,Project_NCF,W9,,=Cap_Allow!FP6+'Cap_Allow Gas'!FP6
ADDED,Project_NCF,X10,,=Cap_Allow!FQ7+'Cap_Allow Gas'!FQ7+'Equity Dash'!L6
ADDED,Project_NCF,X11,,=Cap_Allow!FQ8+'Cap_Allow Gas'!FQ8+'Equity Dash'!L7
ADDED,Project_NCF,X12,,=Cap_Allow!FQ9+'Cap_Allow Gas'!FQ9+'Equity Dash'!L8
ADDED,Project_NCF,X13,,=Cap_Allow!FQ10+'Cap_Allow Gas'!FQ10+'Equity Dash'!L9
ADDED,Project_NCF,X14,,=Cap_Allow!FQ11+'Cap_Allow Gas'!FQ11+'Equity Dash'!L10
ADDED,Project_NCF,X15,,=Cap_Allow!FQ12+'Cap_Allow Gas'!FQ12+'Equity Dash'!L11
ADDED,Project_NCF,X16,,=Cap_Allow!FQ13+'Cap_Allow Gas'!FQ13+'Equity Dash'!L12
ADDED,Project_NCF,X17,,=Cap_Allow!FQ14+'Cap_Allow Gas'!FQ14+'Equity Dash'!L13
ADDED,Project_NCF,X18,,=Cap_Allow!FQ15+'Cap_Allow Gas'!FQ15+'Equity Dash'!L14
ADDED,Project_NCF,X19,,=Cap_Allow!FQ16+'Cap_Allow Gas'!FQ16+'Equity Dash'!L15
ADDED,Project_NCF,X20,,=Cap_Allow!FQ17+'Cap_Allow Gas'!FQ17+'Equity Dash'!L16
ADDED,Project_NCF,X21,,=Cap_Allow!FQ18+'Cap_Allow Gas'!FQ18+'Equity Dash'!L17
ADDED,Project_NCF,X22,,=Cap_Allow!FQ19+'Cap_Allow Gas'!FQ19+'Equity Dash'!L18
ADDED,Project_NCF,X23,,=Cap_Allow!FQ20+'Cap_Allow Gas'!FQ20+'Equity Dash'!L19
ADDED,Project_NCF,X24,,=Cap_Allow!FQ21+'Cap_Allow Gas'!FQ21+'Equity Dash'!L20
ADDED,Project_NCF,X25,,=Cap_Allow!FQ22+'Cap_Allow Gas'!FQ22+'Equity Dash'!L21
ADDED,Project_NCF,X26,,=Cap_Allow!FQ23+'Cap_Allow Gas'!FQ23+'Equity Dash'!L22
ADDED,Project_NCF,X27,,=Cap_Allow!FQ24+'Cap_Allow Gas'!FQ24+'Equity Dash'!L23
ADDED,Project_NCF,X28,,=Cap_Allow!FQ25+'Cap_Allow Gas'!FQ25+'Equity Dash'!L24
ADDED,Project_NCF,X29,,=Cap_Allow!FQ26+'Cap_Allow Gas'!FQ26+'Equity Dash'!L25
ADDED,Project_NCF,X30,,=Cap_Allow!FQ27+'Cap_Allow Gas'!FQ27+'Equity Dash'!L26
ADDED,Project_NCF,X31,,=Cap_Allow!FQ28+'Cap_Allow Gas'!FQ28+'Equity Dash'!L27
ADDED,Project_NCF,X32,,=Cap_Allow!FQ29+'Cap_Allow Gas'!FQ29+'Equity Dash'!L28
ADDED,Project_NCF,X33,,=Cap_Allow!FQ30+'Cap_Allow Gas'!FQ30+'Equity Dash'!L29
ADDED,Project_NCF,X34,,=Cap_Allow!FQ31+'Cap_Allow Gas'!FQ31+'Equity Dash'!L30
ADDED,Project_NCF,X35,,=Cap_Allow!FQ32+'Cap_Allow Gas'!FQ32+'Equity Dash'!L31
ADDED,Project_NCF,X36,,=Cap_Allow!FQ33+'Cap_Allow Gas'!FQ33+'Equity Dash'!L32
ADDED,Project_NCF,X37,,=Cap_Allow!FQ34+'Cap_Allow Gas'!FQ34+'Equity Dash'!L33
ADDED,Project_NCF,X38,,=Cap_Allow!FQ35+'Cap_Allow Gas'!FQ35+'Equity Dash'!L34
ADDED,Project_NCF,X39,,=Cap_Allow!FQ36+'Cap_Allow Gas'!FQ36+'Equity Dash'!L35
ADDED,Project_NCF,X40,,=Cap_Allow!FQ37+'Cap_Allow Gas'!FQ37+'Equity Dash'!L36
ADDED,Project_NCF,X41,,=Cap_Allow!FQ38+'Cap_Allow Gas'!FQ38+'Equity Dash'!L37
ADDED,Project_NCF,X42,,=Cap_Allow!FQ39+'Cap_Allow Gas'!FQ39+'Equity Dash'!L38
ADDED,Project_NCF,X43,,=Cap_Allow!FQ40+'Cap_Allow Gas'!FQ40+'Equity Dash'!L39
ADDED,Project_NCF,X44,,=Cap_Allow!FQ41+'Cap_Allow Gas'!FQ41+'Equity Dash'!L40
ADDED,Project_NCF,X45,,=Cap_Allow!FQ42+'Cap_Allow Gas'!FQ42+'Equity Dash'!L41
ADDED,Project_NCF,X46,,=Cap_Allow!FQ43+'Cap_Allow Gas'!FQ43+'Equity Dash'!L42
ADDED,Project_NCF,X47,,=Cap_Allow!FQ44+'Cap_Allow Gas'!FQ44+'Equity Dash'!L43
ADDED,Project_NCF,X48,,=Cap_Allow!FQ45+'Cap_Allow Gas'!FQ45+'Equity Dash'!L44
ADDED,Project_NCF,X49,,=Cap_Allow!FQ46+'Cap_Allow Gas'!FQ46+'Equity Dash'!L45
ADDED,Project_NCF,X51,,=SUM(X5:X49)
ADDED,Project_NCF,X7,,=Cap_Allow!FQ4+'Cap_Allow Gas'!FQ4
ADDED,Project_NCF,X8,,=Cap_Allow!FQ5+'Cap_Allow Gas'!FQ5+'Equity Dash'!L4
ADDED,Project_NCF,X9,,=Cap_Allow!FQ6+'Cap_Allow Gas'!FQ6+'Equity Dash'!L5
ADDED,Project_NCF,Y10,,=CIT_NCF_Oil!AC10+CIT_NCF_Gas!AC10
ADDED,Project_NCF,Y11,,=CIT_NCF_Oil!AC11+CIT_NCF_Gas!AC11
ADDED,Project_NCF,Y12,,=CIT_NCF_Oil!AC12+CIT_NCF_Gas!AC12
ADDED,Project_NCF,Y13,,=CIT_NCF_Oil!AC13+CIT_NCF_Gas!AC13
ADDED,Project_NCF,Y14,,=CIT_NCF_Oil!AC14+CIT_NCF_Gas!AC14
ADDED,Project_NCF,Y15,,=CIT_NCF_Oil!AC15+CIT_NCF_Gas!AC15
ADDED,Project_NCF,Y16,,=CIT_NCF_Oil!AC16+CIT_NCF_Gas!AC16
ADDED,Project_NCF,Y17,,=CIT_NCF_Oil!AC17+CIT_NCF_Gas!AC17
ADDED,Project_NCF,Y18,,=CIT_NCF_Oil!AC18+CIT_NCF_Gas!AC18
ADDED,Project_NCF,Y19,,=CIT_NCF_Oil!AC19+CIT_NCF_Gas!AC19
ADDED,Project_NCF,Y20,,=CIT_NCF_Oil!AC20+CIT_NCF_Gas!AC20
ADDED,Project_NCF,Y21,,=CIT_NCF_Oil!AC21+CIT_NCF_Gas!AC21
ADDED,Project_NCF,Y22,,=CIT_NCF_Oil!AC22+CIT_NCF_Gas!AC22
ADDED,Project_NCF,Y23,,=CIT_NCF_Oil!AC23+CIT_NCF_Gas!AC23
ADDED,Project_NCF,Y24,,=CIT_NCF_Oil!AC24+CIT_NCF_Gas!AC24
ADDED,Project_NCF,Y25,,=CIT_NCF_Oil!AC25+CIT_NCF_Gas!AC25
ADDED,Project_NCF,Y26,,=CIT_NCF_Oil!AC26+CIT_NCF_Gas!AC26
ADDED,Project_NCF,Y27,,=CIT_NCF_Oil!AC27+CIT_NCF_Gas!AC27
ADDED,Project_NCF,Y28,,=CIT_NCF_Oil!AC28+CIT_NCF_Gas!AC28
ADDED,Project_NCF,Y29,,=CIT_NCF_Oil!AC29+CIT_NCF_Gas!AC29
ADDED,Project_NCF,Y30,,=CIT_NCF_Oil!AC30+CIT_NCF_Gas!AC30
ADDED,Project_NCF,Y31,,=CIT_NCF_Oil!AC31+CIT_NCF_Gas!AC31
ADDED,Project_NCF,Y32,,=CIT_NCF_Oil!AC32+CIT_NCF_Gas!AC32
ADDED,Project_NCF,Y33,,=CIT_NCF_Oil!AC33+CIT_NCF_Gas!AC33
ADDED,Project_NCF,Y34,,=CIT_NCF_Oil!AC34+CIT_NCF_Gas!AC34
ADDED,Project_NCF,Y35,,=CIT_NCF_Oil!AC35+CIT_NCF_Gas!AC35
ADDED,Project_NCF,Y36,,=CIT_NCF_Oil!AC36+CIT_NCF_Gas!AC36
ADDED,Project_NCF,Y37,,=CIT_NCF_Oil!AC37+CIT_NCF_Gas!AC37
ADDED,Project_NCF,Y38,,=CIT_NCF_Oil!AC38+CIT_NCF_Gas!AC38
ADDED,Project_NCF,Y39,,=CIT_NCF_Oil!AC39+CIT_NCF_Gas!AC39
ADDED,Project_NCF,Y40,,=CIT_NCF_Oil!AC40+CIT_NCF_Gas!AC40
ADDED,Project_NCF,Y41,,=CIT_NCF_Oil!AC41+CIT_NCF_Gas!AC41
ADDED,Project_NCF,Y42,,=CIT_NCF_Oil!AC42+CIT_NCF_Gas!AC42
ADDED,Project_NCF,Y43,,=CIT_NCF_Oil!AC43+CIT_NCF_Gas!AC43
ADDED,Project_NCF,Y44,,=CIT_NCF_Oil!AC44+CIT_NCF_Gas!AC44
ADDED,Project_NCF,Y45,,=CIT_NCF_Oil!AC45+CIT_NCF_Gas!AC45
ADDED,Project_NCF,Y46,,=CIT_NCF_Oil!AC46+CIT_NCF_Gas!AC46
ADDED,Project_NCF,Y47,,=CIT_NCF_Oil!AC47+CIT_NCF_Gas!AC47
ADDED,Project_NCF,Y48,,=CIT_NCF_Oil!AC48+CIT_NCF_Gas!AC48
ADDED,Project_NCF,Y49,,=CIT_NCF_Oil!AC49+CIT_NCF_Gas!AC49
ADDED,Project_NCF,Y5,,=CIT_NCF_Oil!AC5+CIT_NCF_Gas!AC5
ADDED,Project_NCF,Y51,,=SUM(Y5:Y49)
ADDED,Project_NCF,Y6,,=CIT_NCF_Oil!AC6+CIT_NCF_Gas!AC6
ADDED,Project_NCF,Y7,,=CIT_NCF_Oil!AC7+CIT_NCF_Gas!AC7
ADDED,Project_NCF,Y8,,=CIT_NCF_Oil!AC8+CIT_NCF_Gas!AC8
ADDED,Project_NCF,Y9,,=CIT_NCF_Oil!AC9+CIT_NCF_Gas!AC9
ADDED,Project_NCF,Z10,,=V10-X10
ADDED,Project_NCF,Z11,,=V11-X11
ADDED,Project_NCF,Z12,,=V12-X12
ADDED,Project_NCF,Z13,,=V13-X13
ADDED,Project_NCF,Z14,,=V14-X14
ADDED,Project_NCF,Z15,,=V15-X15
ADDED,Project_NCF,Z16,,=V16-X16
ADDED,Project_NCF,Z17,,=V17-X17
ADDED,Project_NCF,Z18,,=V18-X18
ADDED,Project_NCF,Z19,,=V19-X19
ADDED,Project_NCF,Z20,,=V20-X20
ADDED,Project_NCF,Z21,,=V21-X21
ADDED,Project_NCF,Z22,,=V22-X22
ADDED,Project_NCF,Z23,,=V23-X23
ADDED,Project_NCF,Z24,,=V24-X24
ADDED,Project_NCF,Z25,,=V25-X25
ADDED,Project_NCF,Z26,,=V26-X26
ADDED,Project_NCF,Z27,,=V27-X27
ADDED,Project_NCF,Z28,,=V28-X28
ADDED,Project_NCF,Z29,,=V29-X29
ADDED,Project_NCF,Z30,,=V30-X30
ADDED,Project_NCF,Z31,,=V31-X31
ADDED,Project_NCF,Z32,,=V32-X32
ADDED,Project_NCF,Z33,,=V33-X33
ADDED,Project_NCF,Z34,,=V34-X34
ADDED,Project_NCF,Z35,,=V35-X35
ADDED,Project_NCF,Z36,,=V36-X36
ADDED,Project_NCF,Z37,,=V37-X37
ADDED,Project_NCF,Z38,,=V38-X38
ADDED,Project_NCF,Z39,,=V39-X39
ADDED,Project_NCF,Z40,,=V40-X40
ADDED,Project_NCF,Z41,,=V41-X41
ADDED,Project_NCF,Z42,,=V42-X42
ADDED,Project_NCF,Z43,,=V43-X43
ADDED,Project_NCF,Z44,,=V44-X44
ADDED,Project_NCF,Z45,,=V45-X45
ADDED,Project_NCF,Z46,,=V46-X46
ADDED,Project_NCF,Z47,,=V47-X47
ADDED,Project_NCF,Z48,,=V48-X48
ADDED,Project_NCF,Z49,,=V49-X49
ADDED,Project_NCF,Z5,,=CIT_NCF_Oil!AD5+CIT_NCF_Gas!AD5
ADDED,Project_NCF,Z51,,=SUM(Z5:Z49)
ADDED,Project_NCF,Z6,,=CIT_NCF_Oil!AD6+CIT_NCF_Gas!AD6
ADDED,Project_NCF,Z7,,=V7-X7
ADDED,Project_NCF,Z8,,=V8-X8
ADDED,Project_NCF,Z9,,=V9-X9
REMOVED,Block_TC,A54,=A53+1,
REMOVED,Block_TC,A55,=A54+1,
REMOVED,Block_TC,A56,=A55+1,
REMOVED,Block_TC,A57,=A56+1,
REMOVED,Block_TC,A58,=A57+1,
REMOVED,Block_TC,A59,=A58+1,
REMOVED,Block_TC,A60,=A59+1,
REMOVED,Block_TC,AE54,=AJ54,
REMOVED,Block_TC,AE55,=AJ55,
REMOVED,Block_TC,AE56,=AJ56,
REMOVED,Block_TC,AE57,=AJ57,
REMOVED,Block_TC,AE58,=AJ58,
REMOVED,Block_TC,AE59,=AJ59,
REMOVED,Block_TC,AE60,=AJ60,
REMOVED,Block_TC,AJ54,=AO54,
REMOVED,Block_TC,AJ55,=AO55,
REMOVED,Block_TC,AJ56,=AO56,
REMOVED,Block_TC,AJ57,=AO57,
REMOVED,Block_TC,AJ58,=AO58,
REMOVED,Block_TC,AJ59,=AO59,
REMOVED,Block_TC,AJ60,=AO60,
REMOVED,Block_TC,AO54,=AT54,
REMOVED,Block_TC,AO55,=AT55,
REMOVED,Block_TC,AO56,=AT56,
REMOVED,Block_TC,AO57,=AT57,
REMOVED,Block_TC,AO58,=AT58,
REMOVED,Block_TC,AO59,=AT59,
REMOVED,Block_TC,AO60,=AT60,
REMOVED,Block_TC,AT54,=AY54,
REMOVED,Block_TC,AT55,=AY55,
REMOVED,Block_TC,AT56,=AY56,
REMOVED,Block_TC,AT57,=AY57,
REMOVED,Block_TC,AT58,=AY58,
REMOVED,Block_TC,AT59,=AY59,
REMOVED,Block_TC,AT60,=AY60,
REMOVED,Block_TC,AY54,=BD54,
REMOVED,Block_TC,AY55,=BD55,
REMOVED,Block_TC,AY56,=BD56,
REMOVED,Block_TC,AY57,=BD57,
REMOVED,Block_TC,AY58,=BD58,
REMOVED,Block_TC,AY59,=BD59,
REMOVED,Block_TC,AY60,=BD60,
REMOVED,Block_TC,BD54,=BI54,
REMOVED,Block_TC,BD55,=BI55,
REMOVED,Block_TC,BD56,=BI56,
REMOVED,Block_TC,BD57,=BI57,
REMOVED,Block_TC,BD58,=BI58,
REMOVED,Block_TC,BD59,=BI59,
REMOVED,Block_TC,BD60,=BI60,
REMOVED,Block_TC,BI54,=BN65,
REMOVED,Block_TC,BI55,=BN66,
REMOVED,Block_TC,BI56,=BN67,
REMOVED,Block_TC,BI57,=BN68,
REMOVED,Block_TC,BI58,=BN69,
REMOVED,Block_TC,BI59,=BN70,
REMOVED,Block_TC,BI60,=BN71,
REMOVED,Block_TC,BN54,=BS54,
REMOVED,Block_TC,BN55,=BS55,
REMOVED,Block_TC,BN56,=BS56,
REMOVED,Block_TC,BN57,=BS57,
REMOVED,Block_TC,BN58,=BS58,
REMOVED,Block_TC,BN59,=BS59,
REMOVED,Block_TC,BN60,=BS60,
REMOVED,Block_TC,BS54,=BX54,
REMOVED,Block_TC,BS55,=BX55,
REMOVED,Block_TC,BS56,=BX56,
REMOVED,Block_TC,BS57,=BX57,
REMOVED,Block_TC,BS58,=BX58,
REMOVED,Block_TC,BS59,=BX59,
REMOVED,Block_TC,BS60,=BX60,
REMOVED,Block_TC,BX54,=CC54,
REMOVED,Block_TC,BX55,=CC55,
REMOVED,Block_TC,BX56,=CC56,
REMOVED,Block_TC,BX57,=CC57,
REMOVED,Block_TC,BX58,=CC58,
REMOVED,Block_TC,BX59,=CC59,
REMOVED,Block_TC,BX60,=CC60,
REMOVED,Block_TC,CC54,=CH54,
REMOVED,Block_TC,CC55,=CH55,
REMOVED,Block_TC,CC56,=CH56,
REMOVED,Block_TC,CC57,=CH57,
REMOVED,Block_TC,CC58,=CH58,
REMOVED,Block_TC,CC59,=CH59,
REMOVED,Block_TC,CC60,=CH60,
REMOVED,Block_TC,CH54,=CM54,
REMOVED,Block_TC,CH55,=CM55,
REMOVED,Block_TC,CH56,=CM56,
REMOVED,Block_TC,CH57,=CM57,
REMOVED,Block_TC,CH58,=CM58,
REMOVED,Block_TC,CH59,=CM59,
REMOVED,Block_TC,CM54,=CR54,
REMOVED,Block_TC,CM55,=CR55,
REMOVED,Block_TC,CM56,=CR56,
REMOVED,Block_TC,CM57,=CR57,
REMOVED,Block_TC,CM58,=CR58,
REMOVED,Block_TC,CM59,=CR59,
REMOVED,Block_TC,CR54,=CW54,
REMOVED,Block_TC,CR55,=CW55,
REMOVED,Block_TC,CR56,=CW56,
REMOVED,Block_TC,CR57,=CW57,
REMOVED,Block_TC,CR58,=CW58,
REMOVED,Block_TC,CR59,=CW59,
REMOVED,Block_TC,CW54,=DB54,
REMOVED,Block_TC,CW55,=DB55,
REMOVED,Block_TC,CW56,=DB56,
REMOVED,Block_TC,CW57,=DB57,
REMOVED,Block_TC,CW58,=DB58,
REMOVED,Block_TC,CW59,=DB59,
REMOVED,Block_TC,DB54,=DG54,
REMOVED,Block_TC,DB55,=DG55,
REMOVED,Block_TC,DB56,=DG56,
REMOVED,Block_TC,DB57,=DG57,
REMOVED,Block_TC,DB58,=DG58,
REMOVED,Block_TC,DB59,=DG59,
REMOVED,Block_TC,DG54,=DL54,
REMOVED,Block_TC,DG55,=DL55,
REMOVED,Block_TC,DG56,=DL56,
REMOVED,Block_TC,DG57,=DL57,
REMOVED,Block_TC,DG58,=DL58,
REMOVED,Block_TC,DG59,=DL59,
REMOVED,Block_TC,DL54,=DQ54,
REMOVED,Block_TC,DL55,=DQ55,
REMOVED,Block_TC,DL56,=DQ56,
REMOVED,Block_TC,DL57,=DQ57,
REMOVED,Block_TC,DL58,=DQ58,
REMOVED,Block_TC,DL59,=DQ59,
REMOVED,Block_TC,DL60,=DQ60,
REMOVED,Block_TC,DQ54,=DV54,
REMOVED,Block_TC,DQ55,=DV55,
REMOVED,Block_TC,DQ56,=DV56,
REMOVED,Block_TC,DQ57,=DV57,
REMOVED,Block_TC,DQ58,=DV58,
REMOVED,Block_TC,DQ59,=DV59,
REMOVED,Block_TC,DQ60,=DV60,
REMOVED,Block_TC,DV54,=EA54,
REMOVED,Block_TC,DV55,=EA55,
REMOVED,Block_TC,DV56,=EA56,
REMOVED,Block_TC,DV57,=EA57,
REMOVED,Block_TC,DV58,=EA58,
REMOVED,Block_TC,DV59,=EA59,
REMOVED,Block_TC,DV60,=EA60,
REMOVED,Block_TC,EA54,=EF54,
REMOVED,Block_TC,EA55,=EF55,
REMOVED,Block_TC,EA56,=EF56,
REMOVED,Block_TC,EA57,=EF57,
REMOVED,Block_TC,EA58,=EF58,
REMOVED,Block_TC,EA59,=EF59,
REMOVED,Block_TC,EA60,=EF60,
REMOVED,Block_TC,EF54,=A54,
REMOVED,Block_TC,EF55,=A55,
REMOVED,Block_TC,EF56,=A56,
REMOVED,Block_TC,EF57,=A57,
REMOVED,Block_TC,EF58,=A58,
REMOVED,Block_TC,EF59,=A59,
REMOVED,Block_TC,EF60,=A60,
REMOVED,Block_TC,EK54,=EF54,
REMOVED,Block_TC,EK55,=EF55,
REMOVED,Block_TC,EK56,=EF56,
REMOVED,Block_TC,EK57,=EF57,
REMOVED,Block_TC,EK58,=EF58,
REMOVED,Block_TC,EK59,=EF59,
REMOVED,Block_TC,EK60,=EF60,
REMOVED,Block_TC,EP54,=EZ54,
REMOVED,Block_TC,EP55,=EZ55,
REMOVED,Block_TC,EP56,=EZ56,
REMOVED,Block_TC,EP57,=EZ57,
REMOVED,Block_TC,EP58,=EZ58,
REMOVED,Block_TC,EP59,=EZ59,
REMOVED,Block_TC,EP60,=EZ60,
REMOVED,Block_TC,EQ54,=$ET$1*(C55+D55)*Royalties!Q52,
REMOVED,Block_TC,EQ55,=$ET$1*(C56+D56)*Royalties!Q53,
REMOVED,Block_TC,EQ56,=$ET$1*(C57+D57)*Royalties!Q54,
REMOVED,Block_TC,EQ57,=$ET$1*(C58+D58)*Royalties!Q55,
REMOVED,Block_TC,EQ58,=$ET$1*(C59+D59)*Royalties!Q56,
REMOVED,Block_TC,EQ59,=$ET$1*(C60+D60)*Royalties!Q57,
REMOVED,Block_TC,EQ60,=$ET$1*(C61+D61)*Royalties!Q58,
REMOVED,Block_TC,EQ62,=SUM(EQ4:EQ45),
REMOVED,Block_TC,EU54,=EZ54,
REMOVED,Block_TC,EU55,=EZ55,
REMOVED,Block_TC,EU56,=EZ56,
REMOVED,Block_TC,EU57,=EZ57,
REMOVED,Block_TC,EU58,=EZ58,
REMOVED,Block_TC,EU59,=EZ59,
REMOVED,Block_TC,EU60,=EZ60,
REMOVED,Block_TC,EZ54,=FK54,
REMOVED,Block_TC,EZ55,=FK55,
REMOVED,Block_TC,EZ56,=FK56,
REMOVED,Block_TC,EZ57,=FK57,
REMOVED,Block_TC,EZ58,=FK58,
REMOVED,Block_TC,EZ59,=FK59,
REMOVED,Block_TC,EZ60,=FK60,
REMOVED,Block_TC,FE54,=EZ54,
REMOVED,Block_TC,FE55,=EZ55,
REMOVED,Block_TC,FE56,=EZ56,
REMOVED,Block_TC,FE57,=EZ57,
REMOVED,Block_TC,FE58,=EZ58,
REMOVED,Block_TC,FE59,=EZ59,
REMOVED,Block_TC,FE60,=EZ60,
REMOVED,Block_TC,FK54,=A54,
REMOVED,Block_TC,FK55,=A55,
REMOVED,Block_TC,FK56,=A56,
REMOVED,Block_TC,FK57,=A57,
REMOVED,Block_TC,FK58,=A58,
REMOVED,Block_TC,FK59,=A59,
REMOVED,Block_TC,FK60,=A60,
REMOVED,Block_TC,FQ54,=A54,
REMOVED,Block_TC,FQ55,=A55,
REMOVED,Block_TC,FQ56,=A56,
REMOVED,Block_TC,FQ57,=A57,
REMOVED,Block_TC,FQ58,=A58,
REMOVED,Block_TC,FQ59,=A59,
REMOVED,Block_TC,G54,=M54,
REMOVED,Block_TC,G55,=M55,
REMOVED,Block_TC,G56,=M56,
REMOVED,Block_TC,G57,=M57,
REMOVED,Block_TC,G58,=M58,
REMOVED,Block_TC,G59,=M59,
REMOVED,Block_TC,G60,=M60,
REMOVED,Block_TC,GB49,=3%*GB47,
REMOVED,Block_TC,GB51,=GB49+Block_TC_Gas!FX50,
REMOVED,Block_TC,M54,=S54,
REMOVED,Block_TC,M55,=S55,
REMOVED,Block_TC,M56,=S56,
REMOVED,Block_TC,M57,=S57,
REMOVED,Block_TC,M58,=S58,
REMOVED,Block_TC,M59,=S59,
REMOVED,Block_TC,M60,=S60,
REMOVED,Block_TC,S54,=Y54,
REMOVED,Block_TC,S55,=Y55,
REMOVED,Block_TC,S56,=Y56,
REMOVED,Block_TC,S57,=Y57,
REMOVED,Block_TC,S58,=Y58,
REMOVED,Block_TC,S59,=Y59,
REMOVED,Block_TC,S60,=Y60,
REMOVED,Block_TC,Y54,=AE54,
REMOVED,Block_TC,Y55,=AE55,
REMOVED,Block_TC,Y56,=AE56,
REMOVED,Block_TC,Y57,=AE57,
REMOVED,Block_TC,Y58,=AE58,
REMOVED,Block_TC,Y59,=AE59,
REMOVED,Block_TC,Y60,=AE60,
REMOVED,Block_TC_Gas,A54,=A53+1,
REMOVED,Block_TC_Gas,A55,=A54+1,
REMOVED,Block_TC_Gas,A56,=A55+1,
REMOVED,Block_TC_Gas,A57,=A56+1,
REMOVED,Block_TC_Gas,A58,=A57+1,
REMOVED,Block_TC_Gas,A59,=A58+1,
REMOVED,Block_TC_Gas,A60,=A59+1,
REMOVED,Block_TC_Gas,AA54,=AF54,
REMOVED,Block_TC_Gas,AA55,=AF55,
REMOVED,Block_TC_Gas,AA56,=AF56,
REMOVED,Block_TC_Gas,AA57,=AF57,
REMOVED,Block_TC_Gas,AA58,=AF58,
REMOVED,Block_TC_Gas,AA59,=AF59,
REMOVED,Block_TC_Gas,AA60,=AF60,
REMOVED,Block_TC_Gas,AF54,=AK54,
REMOVED,Block_TC_Gas,AF55,=AK55,
REMOVED,Block_TC_Gas,AF56,=AK56,
REMOVED,Block_TC_Gas,AF57,=AK57,
REMOVED,Block_TC_Gas,AF58,=AK58,
REMOVED,Block_TC_Gas,AF59,=AK59,
REMOVED,Block_TC_Gas,AF60,=AK60,
REMOVED,Block_TC_Gas,AK54,=AP54,
REMOVED,Block_TC_Gas,AK55,=AP55,
REMOVED,Block_TC_Gas,AK56,=AP56,
REMOVED,Block_TC_Gas,AK57,=AP57,
REMOVED,Block_TC_Gas,AK58,=AP58,
REMOVED,Block_TC_Gas,AK59,=AP59,
REMOVED,Block_TC_Gas,AK60,=AP60,
REMOVED,Block_TC_Gas,AP54,=AU54,
REMOVED,Block_TC_Gas,AP55,=AU55,
REMOVED,Block_TC_Gas,AP56,=AU56,
REMOVED,Block_TC_Gas,AP57,=AU57,
REMOVED,Block_TC_Gas,AP58,=AU58,
REMOVED,Block_TC_Gas,AP59,=AU59,
REMOVED,Block_TC_Gas,AP60,=AU60,
REMOVED,Block_TC_Gas,AU54,=AZ54,
REMOVED,Block_TC_Gas,AU55,=AZ55,
REMOVED,Block_TC_Gas,AU56,=AZ56,
REMOVED,Block_TC_Gas,AU57,=AZ57,
REMOVED,Block_TC_Gas,AU58,=AZ58,
REMOVED,Block_TC_Gas,AU59,=AZ59,
REMOVED,Block_TC_Gas,AU60,=AZ60,
REMOVED,Block_TC_Gas,AZ54,=BE54,
REMOVED,Block_TC_Gas,AZ55,=BE55,
REMOVED,Block_TC_Gas,AZ56,=BE56,
REMOVED,Block_TC_Gas,AZ57,=BE57,
REMOVED,Block_TC_Gas,AZ58,=BE58,
REMOVED,Block_TC_Gas,AZ59,=BE59,
REMOVED,Block_TC_Gas,AZ60,=BE60,
REMOVED,Block_TC_Gas,BE54,=BJ65,
REMOVED,Block_TC_Gas,BE55,=BJ66,
REMOVED,Block_TC_Gas,BE56,=BJ67,
REMOVED,Block_TC_Gas,BE57,=BJ68,
REMOVED,Block_TC_Gas,BE58,=BJ69,
REMOVED,Block_TC_Gas,BE59,=BJ70,
REMOVED,Block_TC_Gas,BE60,=BJ71,
REMOVED,Block_TC_Gas,BJ54,=BO54,
REMOVED,Block_TC_Gas,BJ55,=BO55,
REMOVED,Block_TC_Gas,BJ56,=BO56,
REMOVED,Block_TC_Gas,BJ57,=BO57,
REMOVED,Block_TC_Gas,BJ58,=BO58,
REMOVED,Block_TC_Gas,BJ59,=BO59,
REMOVED,Block_TC_Gas,BJ60,=BO60,
REMOVED,Block_TC_Gas,BO54,=BT54,
REMOVED,Block_TC_Gas,BO55,=BT55,
REMOVED,Block_TC_Gas,BO56,=BT56,
REMOVED,Block_TC_Gas,BO57,=BT57,
REMOVED,Block_TC_Gas,BO58,=BT58,
REMOVED,Block_TC_Gas,BO59,=BT59,
REMOVED,Block_TC_Gas,BO60,=BT60,
REMOVED,Block_TC_Gas,BT54,=BY54,
REMOVED,Block_TC_Gas,BT55,=BY55,
REMOVED,Block_TC_Gas,BT56,=BY56,
REMOVED,Block_TC_Gas,BT57,=BY57,
REMOVED,Block_TC_Gas,BT58,=BY58,
REMOVED,Block_TC_Gas,BT59,=BY59,
REMOVED,Block_TC_Gas,BT60,=BY60,
REMOVED,Block_TC_Gas,BY54,=CD54,
REMOVED,Block_TC_Gas,BY55,=CD55,
REMOVED,Block_TC_Gas,BY56,=CD56,
REMOVED,Block_TC_Gas,BY57,=CD57,
REMOVED,Block_TC_Gas,BY58,=CD58,
REMOVED,Block_TC_Gas,BY59,=CD59,
REMOVED,Block_TC_Gas,BY60,=CD60,
REMOVED,Block_TC_Gas,CD54,=CI54,
REMOVED,Block_TC_Gas,CD55,=CI55,
REMOVED,Block_TC_Gas,CD56,=CI56,
REMOVED,Block_TC_Gas,CD57,=CI57,
REMOVED,Block_TC_Gas,CD58,=CI58,
REMOVED,Block_TC_Gas,CD59,=CI59,
REMOVED,Block_TC_Gas,CI54,=CN54,
REMOVED,Block_TC_Gas,CI55,=CN55,
REMOVED,Block_TC_Gas,CI56,=CN56,
REMOVED,Block_TC_Gas,CI57,=CN57,
REMOVED,Block_TC_Gas,CI58,=CN58,
REMOVED,Block_TC_Gas,CI59,=CN59,
REMOVED,Block_TC_Gas,CN54,=CS54,
REMOVED,Block_TC_Gas,CN55,=CS55,
REMOVED,Block_TC_Gas,CN56,=CS56,
REMOVED,Block_TC_Gas,CN57,=CS57,
REMOVED,Block_TC_Gas,CN58,=CS58,
REMOVED,Block_TC_Gas,CN59,=CS59,
REMOVED,Block_TC_Gas,CS54,=CX54,
REMOVED,Block_TC_Gas,CS55,=CX55,
REMOVED,Block_TC_Gas,CS56,=CX56,
REMOVED,Block_TC_Gas,CS57,=CX57,
REMOVED,Block_TC_Gas,CS58,=CX58,
REMOVED,Block_TC_Gas,CS59,=CX59,
REMOVED,Block_TC_Gas,CX54,=DC54,
REMOVED,Block_TC_Gas,CX55,=DC55,
REMOVED,Block_TC_Gas,CX56,=DC56,
REMOVED,Block_TC_Gas,CX57,=DC57,
REMOVED,Block_TC_Gas,CX58,=DC58,
REMOVED,Block_TC_Gas,CX59,=DC59,
REMOVED,Block_TC_Gas,DC54,=DH54,
REMOVED,Block_TC_Gas,DC55,=DH55,
REMOVED,Block_TC_Gas,DC56,=DH56,
REMOVED,Block_TC_Gas,DC57,=DH57,
REMOVED,Block_TC_Gas,DC58,=DH58,
REMOVED,Block_TC_Gas,DC59,=DH59,
REMOVED,Block_TC_Gas,DH54,=DM54,
REMOVED,Block_TC_Gas,DH55,=DM55,
REMOVED,Block_TC_Gas,DH56,=DM56,
REMOVED,Block_TC_Gas,DH57,=DM57,
REMOVED,Block_TC_Gas,DH58,=DM58,
REMOVED,Block_TC_Gas,DH59,=DM59,
REMOVED,Block_TC_Gas,DH60,=DM60,
REMOVED,Block_TC_Gas,DM54,=DR54,
REMOVED,Block_TC_Gas,DM55,=DR55,
REMOVED,Block_TC_Gas,DM56,=DR56,
REMOVED,Block_TC_Gas,DM57,=DR57,
REMOVED,Block_TC_Gas,DM58,=DR58,
REMOVED,Block_TC_Gas,DM59,=DR59,
REMOVED,Block_TC_Gas,DM60,=DR60,
REMOVED,Block_TC_Gas,DR54,=DW54,
REMOVED,Block_TC_Gas,DR55,=DW55,
REMOVED,Block_TC_Gas,DR56,=DW56,
REMOVED,Block_TC_Gas,DR57,=DW57,
REMOVED,Block_TC_Gas,DR58,=DW58,
REMOVED,Block_TC_Gas,DR59,=DW59,
REMOVED,Block_TC_Gas,DR60,=DW60,
REMOVED,Block_TC_Gas,DW54,=EB54,
REMOVED,Block_TC_Gas,DW55,=EB55,
REMOVED,Block_TC_Gas,DW56,=EB56,
REMOVED,Block_TC_Gas,DW57,=EB57,
REMOVED,Block_TC_Gas,DW58,=EB58,
REMOVED,Block_TC_Gas,DW59,=EB59,
REMOVED,Block_TC_Gas,DW60,=EB60,
REMOVED,Block_TC_Gas,EB54,=A54,
REMOVED,Block_TC_Gas,EB55,=A55,
REMOVED,Block_TC_Gas,EB56,=A56,
REMOVED,Block_TC_Gas,EB57,=A57,
REMOVED,Block_TC_Gas,EB58,=A58,
REMOVED,Block_TC_Gas,EB59,=A59,
REMOVED,Block_TC_Gas,EB60,=A60,
REMOVED,Block_TC_Gas,EG54,=EB54,
REMOVED,Block_TC_Gas,EG55,=EB55,
REMOVED,Block_TC_Gas,EG56,=EB56,
REMOVED,Block_TC_Gas,EG57,=EB57,
REMOVED,Block_TC_Gas,EG58,=EB58,
REMOVED,Block_TC_Gas,EG59,=EB59,
REMOVED,Block_TC_Gas,EG60,=EB60,
REMOVED,Block_TC_Gas,EL54,=EV54,
REMOVED,Block_TC_Gas,EL55,=EV55,
REMOVED,Block_TC_Gas,EL56,=EV56,
REMOVED,Block_TC_Gas,EL57,=EV57,
REMOVED,Block_TC_Gas,EL58,=EV58,
REMOVED,Block_TC_Gas,EL59,=EV59,
REMOVED,Block_TC_Gas,EL60,=EV60,
REMOVED,Block_TC_Gas,EQ54,=EV54,
REMOVED,Block_TC_Gas,EQ55,=EV55,
REMOVED,Block_TC_Gas,EQ56,=EV56,
REMOVED,Block_TC_Gas,EQ57,=EV57,
REMOVED,Block_TC_Gas,EQ58,=EV58,
REMOVED,Block_TC_Gas,EQ59,=EV59,
REMOVED,Block_TC_Gas,EQ60,=EV60,
REMOVED,Block_TC_Gas,EV54,=FG54,
REMOVED,Block_TC_Gas,EV55,=FG55,
REMOVED,Block_TC_Gas,EV56,=FG56,
REMOVED,Block_TC_Gas,EV57,=FG57,
REMOVED,Block_TC_Gas,EV58,=FG58,
REMOVED,Block_TC_Gas,EV59,=FG59,
REMOVED,Block_TC_Gas,EV60,=FG60,
REMOVED,Block_TC_Gas,FA54,=EV54,
REMOVED,Block_TC_Gas,FA55,=EV55,
REMOVED,Block_TC_Gas,FA56,=EV56,
REMOVED,Block_TC_Gas,FA57,=EV57,
REMOVED,Block_TC_Gas,FA58,=EV58,
REMOVED,Block_TC_Gas,FA59,=EV59,
REMOVED,Block_TC_Gas,FA60,=EV60,
REMOVED,Block_TC_Gas,FG54,=A54,
REMOVED,Block_TC_Gas,FG55,=A55,
REMOVED,Block_TC_Gas,FG56,=A56,
REMOVED,Block_TC_Gas,FG57,=A57,
REMOVED,Block_TC_Gas,FG58,=A58,
REMOVED,Block_TC_Gas,FG59,=A59,
REMOVED,Block_TC_Gas,FG60,=A60,
REMOVED,Block_TC_Gas,FS47,=(1+$FS$3)^(FT47-$FT$5),
REMOVED,Block_TC_Gas,FS48,=(1+$FS$3)^(FT48-$FT$5),
REMOVED,Block_TC_Gas,FS49,=(1+$FS$3)^(FT49-$FT$5),
REMOVED,Block_TC_Gas,FS50,=(1+$FS$3)^(FT50-$FT$5),
REMOVED,Block_TC_Gas,FS51,=(1+$FS$3)^(FT51-$FT$5),
REMOVED,Block_TC_Gas,FS52,=(1+$FS$3)^(FT52-$FT$5),
REMOVED,Block_TC_Gas,FS53,=(1+$FS$3)^(FT53-$FT$5),
REMOVED,Block_TC_Gas,FS54,=(1+$FS$3)^(FT54-$FT$5),
REMOVED,Block_TC_Gas,FS55,=(1+$FS$3)^(FT55-$FT$5),
REMOVED,Block_TC_Gas,FS56,=(1+$FS$3)^(FT56-$FT$5),
REMOVED,Block_TC_Gas,FS57,=(1+$FS$3)^(FT57-$FT$5),
REMOVED,Block_TC_Gas,FS58,=(1+$FS$3)^(FT58-$FT$5),
REMOVED,Block_TC_Gas,FS59,=(1+$FS$3)^(FT59-$FT$5),
REMOVED,Block_TC_Gas,FS60,=(1+$FS$3)^(FT60-$FT$5),
REMOVED,Block_TC_Gas,FX50,=3%*FX47,
REMOVED,Block_TC_Gas,G54,=L54,
REMOVED,Block_TC_Gas,G55,=L55,
REMOVED,Block_TC_Gas,G56,=L56,
REMOVED,Block_TC_Gas,G57,=L57,
REMOVED,Block_TC_Gas,G58,=L58,
REMOVED,Block_TC_Gas,G59,=L59,
REMOVED,Block_TC_Gas,G60,=L60,
REMOVED,Block_TC_Gas,L54,=Q54,
REMOVED,Block_TC_Gas,L55,=Q55,
REMOVED,Block_TC_Gas,L56,=Q56,
REMOVED,Block_TC_Gas,L57,=Q57,
REMOVED,Block_TC_Gas,L58,=Q58,
REMOVED,Block_TC_Gas,L59,=Q59,
REMOVED,Block_TC_Gas,L60,=Q60,
REMOVED,Block_TC_Gas,Q54,=V54,
REMOVED,Block_TC_Gas,Q55,=V55,
REMOVED,Block_TC_Gas,Q56,=V56,
REMOVED,Block_TC_Gas,Q57,=V57,
REMOVED,Block_TC_Gas,Q58,=V58,
REMOVED,Block_TC_Gas,Q59,=V59,
REMOVED,Block_TC_Gas,Q60,=V60,
REMOVED,Block_TC_Gas,V54,=AA54,
REMOVED,Block_TC_Gas,V55,=AA55,
REMOVED,Block_TC_Gas,V56,=AA56,
REMOVED,Block_TC_Gas,V57,=AA57,
REMOVED,Block_TC_Gas,V58,=AA58,
REMOVED,Block_TC_Gas,V59,=AA59,
REMOVED,Block_TC_Gas,V60,=AA60,
REMOVED,CIT_NCF_Gas,AF54,=AF51-AF53,
REMOVED,CIT_NCF_Gas,AG53,=B51-AH51-AI51,
REMOVED,CIT_NCF_Gas,F52,=B51-E51-Q51-R51-AB51,
REMOVED,CIT_NCF_Gas Equity,AG53,=B51-AH51-AI51,
REMOVED,CIT_NCF_Gas Equity,AK55,=AK51/'Equity Dash'!C4,
REMOVED,CIT_NCF_Oil,AC54,=AC51-E51,
REMOVED,CIT_NCF_Oil,AC55,=30%*AC54,
REMOVED,CIT_NCF_Oil,AD54,=AD51-AD53,
REMOVED,CIT_NCF_Oil,AF54,=AF51-AF53,
REMOVED,CIT_NCF_Oil,AF55,=AF51+CIT_NCF_Gas!AF51,
REMOVED,CIT_NCF_Oil,AG53,=B51-AH51-AI51,
REMOVED,CIT_NCF_Oil,AG55,=AG51+CIT_NCF_Gas!AG51,
REMOVED,CIT_NCF_Oil,AH55,=AH51+CIT_NCF_Gas!AH51,
REMOVED,CIT_NCF_Oil,AI54,"=IFERROR(IF(IRR(CIT_NCF_Oil!AI5:AI50)>0,IRR(CIT_NCF_Oil!AI5:AI50),""GRR""),""GRR"")",
REMOVED,CIT_NCF_Oil,AI55,=AI51+CIT_NCF_Gas!AI51,
REMOVED,CIT_NCF_Oil,AJ55,=AJ51+CIT_NCF_Gas!AJ51,
REMOVED,CIT_NCF_Oil,AK55,=AK51+CIT_NCF_Gas!AK51,
REMOVED,CIT_NCF_Oil,AK58,=AG53+CIT_NCF_Gas!AG53,
REMOVED,CIT_NCF_Oil,AL58,=AK58/(1+25%)^Ec_IO!C6,
REMOVED,CIT_NCF_Oil Equity,AC54,=AC51-E51,
REMOVED,CIT_NCF_Oil Equity,AC55,=30%*AC54,
REMOVED,CIT_NCF_Oil Equity,AD54,=AD51-AD53,
REMOVED,CIT_NCF_Oil Equity,AG53,=B51-AH51-AI51,
REMOVED,CIT_NCF_Oil Equity,AI54,"=IFERROR(IF(IRR('CIT_NCF_Oil Equity'!AI5:AI50)>0,IRR('CIT_NCF_Oil Equity'!AI5:AI50),""GRR""),""GRR"")",
REMOVED,CIT_NCF_Oil Equity,AK58,=AG53+'CIT_NCF_Gas Equity'!AG53,
REMOVED,CIT_NCF_Oil Equity,AL58,=AK58/(1+25%)^Ec_IO!C6,
REMOVED,Equity_NCF_Con,AC53,=B51-AE51-AF51,
REMOVED,Equity_NCF_Con,AE53,=CIT_NCF_Oil!AH51+CIT_NCF_Gas!AH51,
REMOVED,Equity_NCF_Con,AE55,=F51+G51+H51+I51+O51+P51+Q51+R51+AA51+AC51+HT_NCF_Oil!AO51,
REMOVED,Equity_NCF_Con,AF57,=IRR(AF5:AF49),
REMOVED,Equity_NCF_Con,AH55,=AH51/'Equity Dash'!C4,
REMOVED,Equity_NCF_Con,AI57,=AH57-AH51,
REMOVED,Equity_NCF_Con,AI58,=AI57*(1+Ec_IO!$C$15*(100%+Analysis!$N$14))^(A9-$A$7),
REMOVED,GIIP,H2,=B2*40%,
REMOVED,HT_NCF_Oil,AF54,=AL51-AE51,
REMOVED,HT_NCF_Oil,AH56,=AH54-AH51,
REMOVED,HT_NCF_Oil,AK56,=AH54-AK51,
REMOVED,HT_NCF_Oil,AL54,=AL51-AF51,
REMOVED,HT_NCF_Oil,AN54,=AN51-E51,
REMOVED,HT_NCF_Oil,AN55,=30%*AN54,
REMOVED,HT_NCF_Oil,AO54,=AO51-AO53,
REMOVED,HT_NCF_Oil,AO56,=AP55/30%,
REMOVED,HT_NCF_Oil,AP53,=B51-AQ51-AR51,
REMOVED,HT_NCF_Oil,AP56,=2001.3/0.3,
REMOVED,HT_NCF_Oil,AQ56,=AP56-AN51,
REMOVED,HT_NCF_Oil,AR54,"=IFERROR(IF(IRR(HT_NCF_Oil!AR5:AR50)>0,IRR(HT_NCF_Oil!AR5:AR50),""GRR""),""GRR"")",
REMOVED,HT_NCF_Oil,AS59,=IRR(AR5:AR49),
REMOVED,HT_NCF_Oil,D54,=B51-AO56,
REMOVED,HT_NCF_Oil,V53,=V51-T51,
REMOVED,HT_NCF_Oil Equity,AH56,=AH54-AH51,
REMOVED,HT_NCF_Oil Equity,AK56,=AH54-AK51,
REMOVED,HT_NCF_Oil Equity,AL54,=AL51-AE51,
REMOVED,HT_NCF_Oil Equity,AN54,=AN51-E51,
REMOVED,HT_NCF_Oil Equity,AN55,=30%*AN54,
REMOVED,HT_NCF_Oil Equity,AO54,=AO51-AO53,
REMOVED,HT_NCF_Oil Equity,AP53,=B51-AQ51-AR51,
REMOVED,HT_NCF_Oil Equity,AR54,"=IFERROR(IF(IRR('HT_NCF_Oil Equity'!AR5:AR50)>0,IRR('HT_NCF_Oil Equity'!AR5:AR50),""GRR""),""GRR"")",
REMOVED,HT_NCF_Oil Equity,X53,=X26/'Equity Dash'!C4,
REMOVED,Prod_Summary,AA48,=V47+Y48,
REMOVED,Prod_Summary,Y48,=MAX(Y5:Y46)/5.804,
REMOVED,Project_NCF_Con (2),A10,='CR Econ'!A10,
REMOVED,Project_NCF_Con (2),A11,='CR Econ'!A11,
REMOVED,Project_NCF_Con (2),A12,='CR Econ'!A12,
REMOVED,Project_NCF_Con (2),A13,='CR Econ'!A13,
REMOVED,Project_NCF_Con (2),A14,='CR Econ'!A14,
REMOVED,Project_NCF_Con (2),A15,='CR Econ'!A15,
REMOVED,Project_NCF_Con (2),A16,='CR Econ'!A16,
REMOVED,Project_NCF_Con (2),A17,='CR Econ'!A17,
REMOVED,Project_NCF_Con (2),A18,='CR Econ'!A18,
REMOVED,Project_NCF_Con (2),A19,='CR Econ'!A19,
REMOVED,Project_NCF_Con (2),A20,='CR Econ'!A20,
REMOVED,Project_NCF_Con (2),A21,='CR Econ'!A21,
REMOVED,Project_NCF_Con (2),A22,='CR Econ'!A22,
REMOVED,Project_NCF_Con (2),A23,='CR Econ'!A23,
REMOVED,Project_NCF_Con (2),A24,='CR Econ'!A24,
REMOVED,Project_NCF_Con (2),A25,='CR Econ'!A25,
REMOVED,Project_NCF_Con (2),A26,='CR Econ'!A26,
REMOVED,Project_NCF_Con (2),A27,='CR Econ'!A27,
REMOVED,Project_NCF_Con (2),A28,='CR Econ'!A28,
REMOVED,Project_NCF_Con (2),A29,='CR Econ'!A29,
REMOVED,Project_NCF_Con (2),A3,='CR Econ'!A3,
REMOVED,Project_NCF_Con (2),A30,='CR Econ'!A30,
REMOVED,Project_NCF_Con (2),A31,='CR Econ'!A31,
REMOVED,Project_NCF_Con (2),A32,='CR Econ'!A32,
REMOVED,Project_NCF_Con (2),A33,='CR Econ'!A33,
REMOVED,Project_NCF_Con (2),A34,='CR Econ'!A34,
REMOVED,Project_NCF_Con (2),A35,='CR Econ'!A35,
REMOVED,Project_NCF_Con (2),A36,='CR Econ'!A36,
REMOVED,Project_NCF_Con (2),A37,='CR Econ'!A37,
REMOVED,Project_NCF_Con (2),A38,='CR Econ'!A38,
REMOVED,Project_NCF_Con (2),A39,='CR Econ'!A39,
REMOVED,Project_NCF_Con (2),A40,='CR Econ'!A40,
REMOVED,Project_NCF_Con (2),A41,='CR Econ'!A41,
REMOVED,Project_NCF_Con (2),A42,='CR Econ'!A42,
REMOVED,Project_NCF_Con (2),A43,='CR Econ'!A43,
REMOVED,Project_NCF_Con (2),A44,='CR Econ'!A44,
REMOVED,Project_NCF_Con (2),A45,='CR Econ'!A45,
REMOVED,Project_NCF_Con (2),A46,='CR Econ'!A46,
REMOVED,Project_NCF_Con (2),A47,='CR Econ'!A47,
REMOVED,Project_NCF_Con (2),A48,='CR Econ'!A48,
REMOVED,Project_NCF_Con (2),A49,='CR Econ'!A49,
REMOVED,Project_NCF_Con (2),A5,='CR Econ'!A5,
REMOVED,Project_NCF_Con (2),A6,='CR Econ'!A6,
REMOVED,Project_NCF_Con (2),A7,='CR Econ'!A7,
REMOVED,Project_NCF_Con (2),A8,='CR Econ'!A8,
REMOVED,Project_NCF_Con (2),A9,='CR Econ'!A9,
REMOVED,Project_NCF_Con (2),AA10,"=MAX(Y10,Z10)",
REMOVED,Project_NCF_Con (2),AA11,"=MAX(Y11,Z11)",
REMOVED,Project_NCF_Con (2),AA12,"=MAX(Y12,Z12)",
REMOVED,Project_NCF_Con (2),AA13,"=MAX(Y13,Z13)",
REMOVED,Project_NCF_Con (2),AA14,"=MAX(Y14,Z14)",
REMOVED,Project_NCF_Con (2),AA15,"=MAX(Y15,Z15)",
REMOVED,Project_NCF_Con (2),AA16,"=MAX(Y16,Z16)",
REMOVED,Project_NCF_Con (2),AA17,"=MAX(Y17,Z17)",
REMOVED,Project_NCF_Con (2),AA18,"=MAX(Y18,Z18)",
REMOVED,Project_NCF_Con (2),AA19,"=MAX(Y19,Z19)",
REMOVED,Project_NCF_Con (2),AA20,"=MAX(Y20,Z20)",
REMOVED,Project_NCF_Con (2),AA21,"=MAX(Y21,Z21)",
REMOVED,Project_NCF_Con (2),AA22,"=MAX(Y22,Z22)",
REMOVED,Project_NCF_Con (2),AA23,"=MAX(Y23,Z23)",
REMOVED,Project_NCF_Con (2),AA24,"=MAX(Y24,Z24)",
REMOVED,Project_NCF_Con (2),AA25,"=MAX(Y25,Z25)",
REMOVED,Project_NCF_Con (2),AA26,"=MAX(Y26,Z26)",
REMOVED,Project_NCF_Con (2),AA27,"=MAX(Y27,Z27)",
REMOVED,Project_NCF_Con (2),AA28,"=MAX(Y28,Z28)",
REMOVED,Project_NCF_Con (2),AA29,"=MAX(Y29,Z29)",
REMOVED,Project_NCF_Con (2),AA30,"=MAX(Y30,Z30)",
REMOVED,Project_NCF_Con (2),AA31,"=MAX(Y31,Z31)",
REMOVED,Project_NCF_Con (2),AA32,"=MAX(Y32,Z32)",
REMOVED,Project_NCF_Con (2),AA33,"=MAX(Y33,Z33)",
REMOVED,Project_NCF_Con (2),AA34,"=MAX(Y34,Z34)",
REMOVED,Project_NCF_Con (2),AA35,"=MAX(Y35,Z35)",
REMOVED,Project_NCF_Con (2),AA36,"=MAX(Y36,Z36)",
REMOVED,Project_NCF_Con (2),AA37,"=MAX(Y37,Z37)",
REMOVED,Project_NCF_Con (2),AA38,"=MAX(Y38,Z38)",
REMOVED,Project_NCF_Con (2),AA39,"=MAX(Y39,Z39)",
REMOVED,Project_NCF_Con (2),AA40,"=MAX(Y40,Z40)",
REMOVED,Project_NCF_Con (2),AA41,"=MAX(Y41,Z41)",
REMOVED,Project_NCF_Con (2),AA42,"=MAX(Y42,Z42)",
REMOVED,Project_NCF_Con (2),AA43,"=MAX(Y43,Z43)",
REMOVED,Project_NCF_Con (2),AA44,"=MAX(Y44,Z44)",
REMOVED,Project_NCF_Con (2),AA45,"=MAX(Y45,Z45)",
REMOVED,Project_NCF_Con (2),AA46,"=MAX(Y46,Z46)",
REMOVED,Project_NCF_Con (2),AA47,"=MAX(Y47,Z47)",
REMOVED,Project_NCF_Con (2),AA48,"=MAX(Y48,Z48)",
REMOVED,Project_NCF_Con (2),AA49,"=MAX(Y49,Z49)",
REMOVED,Project_NCF_Con (2),AA5,"=MAX(Y5,Z5)",
REMOVED,Project_NCF_Con (2),AA51,=SUM(AA5:AA49),
REMOVED,Project_NCF_Con (2),AA6,"=MAX(Y6,Z6)",
REMOVED,Project_NCF_Con (2),AA7,"=MAX(Y7,Z7)",
REMOVED,Project_NCF_Con (2),AA8,"=MAX(Y8,Z8)",
REMOVED,Project_NCF_Con (2),AA9,"=MAX(Y9,Z9)",
REMOVED,Project_NCF_Con (2),AB10,=(CIT_NCF_Gas!AF10+CIT_NCF_Oil!AF10)*(A10<=Ec_IO!$D$22),
REMOVED,Project_NCF_Con (2),AB11,=(CIT_NCF_Gas!AF11+CIT_NCF_Oil!AF11)*(A11<=Ec_IO!$D$22),
REMOVED,Project_NCF_Con (2),AB12,=(CIT_NCF_Gas!AF12+CIT_NCF_Oil!AF12)*(A12<=Ec_IO!$D$22),
REMOVED,Project_NCF_Con (2),AB13,=(CIT_NCF_Gas!AF13+CIT_NCF_Oil!AF13)*(A13<=Ec_IO!$D$22),
REMOVED,Project_NCF_Con (2),AB14,=(CIT_NCF_Gas!AF14+CIT_NCF_Oil!AF14)*(A14<=Ec_IO!$D$22),
REMOVED,Project_NCF_Con (2),AB15,=(CIT_NCF_Gas!AF15+CIT_NCF_Oil!AF15)*(A15<=Ec_IO!$D$22),
REMOVED,Project_NCF_Con (2),AB16,=(CIT_NCF_Gas!AF16+CIT_NCF_Oil!AF16)*(A16<=Ec_IO!$D$22),
REMOVED,Project_NCF_Con (2),AB17,=(CIT_NCF_Gas!AF17+CIT_NCF_Oil!AF17)*(A17<=Ec_IO!$D$22),
REMOVED,Project_NCF_Con (2),AB18,=(CIT_NCF_Gas!AF18+CIT_NCF_Oil!AF18)*(A18<=Ec_IO!$D$22),
REMOVED,Project_NCF_Con (2),AB19,=(CIT_NCF_Gas!AF19+CIT_NCF_Oil!AF19)*(A19<=Ec_IO!$D$22),
REMOVED,Project_NCF_Con (2),AB20,=(CIT_NCF_Gas!AF20+CIT_NCF_Oil!AF20)*(A20<=Ec_IO!$D$22),
REMOVED,Project_NCF_Con (2),AB21,=(CIT_NCF_Gas!AF21+CIT_NCF_Oil!AF21)*(A21<=Ec_IO!$D$22),
REMOVED,Project_NCF_Con (2),AB22,=(CIT_NCF_Gas!AF22+CIT_NCF_Oil!AF22)*(A22<=Ec_IO!$D$22),
REMOVED,Project_NCF_Con (2),AB23,=(CIT_NCF_Gas!AF23+CIT_NCF_Oil!AF23)*(A23<=Ec_IO!$D$22),
REMOVED,Project_NCF_Con (2),AB24,=(CIT_NCF_Gas!AF24+CIT_NCF_Oil!AF24)*(A24<=Ec_IO!$D$22),
REMOVED,Project_NCF_Con (2),AB25,=(CIT_NCF_Gas!AF25+CIT_NCF_Oil!AF25)*(A25<=Ec_IO!$D$22),
REMOVED,Project_NCF_Con (2),AB26,=(CIT_NCF_Gas!AF26+CIT_NCF_Oil!AF26)*(A26<=Ec_IO!$D$22),
REMOVED,Project_NCF_Con (2),AB27,=(CIT_NCF_Gas!AF27+CIT_NCF_Oil!AF27)*(A27<=Ec_IO!$D$22),
REMOVED,Project_NCF_Con (2),AB28,=(CIT_NCF_Gas!AF28+CIT_NCF_Oil!AF28)*(A28<=Ec_IO!$D$22),
REMOVED,Project_NCF_Con (2),AB29,=(CIT_NCF_Gas!AF29+CIT_NCF_Oil!AF29)*(A29<=Ec_IO!$D$22),
REMOVED,Project_NCF_Con (2),AB30,=(CIT_NCF_Gas!AF30+CIT_NCF_Oil!AF30)*(A30<=Ec_IO!$D$22),
REMOVED,Project_NCF_Con (2),AB31,=(CIT_NCF_Gas!AF31+CIT_NCF_Oil!AF31)*(A31<=Ec_IO!$D$22),
REMOVED,Project_NCF_Con (2),AB32,=(CIT_NCF_Gas!AF32+CIT_NCF_Oil!AF32)*(A32<=Ec_IO!$D$22),
REMOVED,Project_NCF_Con (2),AB33,=(CIT_NCF_Gas!AF33+CIT_NCF_Oil!AF33)*(A33<=Ec_IO!$D$22),
REMOVED,Project_NCF_Con (2),AB34,=(CIT_NCF_Gas!AF34+CIT_NCF_Oil!AF34)*(A34<=Ec_IO!$D$22),
REMOVED,Project_NCF_Con (2),AB35,=(CIT_NCF_Gas!AF35+CIT_NCF_Oil!AF35)*(A35<=Ec_IO!$D$22),
REMOVED,Project_NCF_Con (2),AB36,=(CIT_NCF_Gas!AF36+CIT_NCF_Oil!AF36)*(A36<=Ec_IO!$D$22),
REMOVED,Project_NCF_Con (2),AB37,=(CIT_NCF_Gas!AF37+CIT_NCF_Oil!AF37)*(A37<=Ec_IO!$D$22),
REMOVED,Project_NCF_Con (2),AB38,=(CIT_NCF_Gas!AF38+CIT_NCF_Oil!AF38)*(A38<=Ec_IO!$D$22),
REMOVED,Project_NCF_Con (2),AB39,=(CIT_NCF_Gas!AF39+CIT_NCF_Oil!AF39)*(A39<=Ec_IO!$D$22),
REMOVED,Project_NCF_Con (2),AB40,=(CIT_NCF_Gas!AF40+CIT_NCF_Oil!AF40)*(A40<=Ec_IO!$D$22),
REMOVED,Project_NCF_Con (2),AB41,=(CIT_NCF_Gas!AF41+CIT_NCF_Oil!AF41)*(A41<=Ec_IO!$D$22),
REMOVED,Project_NCF_Con (2),AB42,=(CIT_NCF_Gas!AF42+CIT_NCF_Oil!AF42)*(A42<=Ec_IO!$D$22),
REMOVED,Project_NCF_Con (2),AB43,=(CIT_NCF_Gas!AF43+CIT_NCF_Oil!AF43)*(A43<=Ec_IO!$D$22),
REMOVED,Project_NCF_Con (2),AB44,=(CIT_NCF_Gas!AF44+CIT_NCF_Oil!AF44)*(A44<=Ec_IO!$D$22),
REMOVED,Project_NCF_Con (2),AB5,=(CIT_NCF_Gas!AF5+CIT_NCF_Oil!AF5)*(A5<=Ec_IO!$D$22),
REMOVED,Project_NCF_Con (2),AB51,=SUM(AB5:AB49),
REMOVED,Project_NCF_Con (2),AB56,=1777.66+545.06,
REMOVED,Project_NCF_Con (2),AB6,=(CIT_NCF_Gas!AF6+CIT_NCF_Oil!AF6)*(A6<=Ec_IO!$D$22),
REMOVED,Project_NCF_Con (2),AB7,=(CIT_NCF_Gas!AF7+CIT_NCF_Oil!AF7)*(A7<=Ec_IO!$D$22),
REMOVED,Project_NCF_Con (2),AB8,=(CIT_NCF_Gas!AF8+CIT_NCF_Oil!AF8)*(A8<=Ec_IO!$D$22),
REMOVED,Project_NCF_Con (2),AB9,=(CIT_NCF_Gas!AF9+CIT_NCF_Oil!AF9)*(A9<=Ec_IO!$D$22),
REMOVED,Project_NCF_Con (2),AC10,=(CIT_NCF_Oil!AG10+CIT_NCF_Gas!AG10)*(A10<=Ec_IO!$D$22),
REMOVED,Project_NCF_Con (2),AC11,=(CIT_NCF_Oil!AG11+CIT_NCF_Gas!AG11)*(A11<=Ec_IO!$D$22),
REMOVED,Project_NCF_Con (2),AC12,=(CIT_NCF_Oil!AG12+CIT_NCF_Gas!AG12)*(A12<=Ec_IO!$D$22),
REMOVED,Project_NCF_Con (2),AC13,=(CIT_NCF_Oil!AG13+CIT_NCF_Gas!AG13)*(A13<=Ec_IO!$D$22),
REMOVED,Project_NCF_Con (2),AC14,=(CIT_NCF_Oil!AG14+CIT_NCF_Gas!AG14)*(A14<=Ec_IO!$D$22),
REMOVED,Project_NCF_Con (2),AC15,=(CIT_NCF_Oil!AG15+CIT_NCF_Gas!AG15)*(A15<=Ec_IO!$D$22),
REMOVED,Project_NCF_Con (2),AC16,=(CIT_NCF_Oil!AG16+CIT_NCF_Gas!AG16)*(A16<=Ec_IO!$D$22),
REMOVED,Project_NCF_Con (2),AC17,=(CIT_NCF_Oil!AG17+CIT_NCF_Gas!AG17)*(A17<=Ec_IO!$D$22),
REMOVED,Project_NCF_Con (2),AC18,=(CIT_NCF_Oil!AG18+CIT_NCF_Gas!AG18)*(A18<=Ec_IO!$D$22),
REMOVED,Project_NCF_Con (2),AC19,=(CIT_NCF_Oil!AG19+CIT_NCF_Gas!AG19)*(A19<=Ec_IO!$D$22),
REMOVED,Project_NCF_Con (2),AC20,=(CIT_NCF_Oil!AG20+CIT_NCF_Gas!AG20)*(A20<=Ec_IO!$D$22),
REMOVED,Project_NCF_Con (2),AC21,=(CIT_NCF_Oil!AG21+CIT_NCF_Gas!AG21)*(A21<=Ec_IO!$D$22),
REMOVED,Project_NCF_Con (2),AC22,=(CIT_NCF_Oil!AG22+CIT_NCF_Gas!AG22)*(A22<=Ec_IO!$D$22),
REMOVED,Project_NCF_Con (2),AC23,=(CIT_NCF_Oil!AG23+CIT_NCF_Gas!AG23)*(A23<=Ec_IO!$D$22),
REMOVED,Project_NCF_Con (2),AC24,=(CIT_NCF_Oil!AG24+CIT_NCF_Gas!AG24)*(A24<=Ec_IO!$D$22),
REMOVED,Project_NCF_Con (2),AC25,=(CIT_NCF_Oil!AG25+CIT_NCF_Gas!AG25)*(A25<=Ec_IO!$D$22),
REMOVED,Project_NCF_Con (2),AC26,=(CIT_NCF_Oil!AG26+CIT_NCF_Gas!AG26)*(A26<=Ec_IO!$D$22),
REMOVED,Project_NCF_Con (2),AC27,=(CIT_NCF_Oil!AG27+CIT_NCF_Gas!AG27)*(A27<=Ec_IO!$D$22),
REMOVED,Project_NCF_Con (2),AC28,=(CIT_NCF_Oil!AG28+CIT_NCF_Gas!AG28)*(A28<=Ec_IO!$D$22),
REMOVED,Project_NCF_Con (2),AC29,=(CIT_NCF_Oil!AG29+CIT_NCF_Gas!AG29)*(A29<=Ec_IO!$D$22),
REMOVED,Project_NCF_Con (2),AC30,=(CIT_NCF_Oil!AG30+CIT_NCF_Gas!AG30)*(A30<=Ec_IO!$D$22),
REMOVED,Project_NCF_Con (2),AC31,=(CIT_NCF_Oil!AG31+CIT_NCF_Gas!AG31)*(A31<=Ec_IO!$D$22),
REMOVED,Project_NCF_Con (2),AC32,=(CIT_NCF_Oil!AG32+CIT_NCF_Gas!AG32)*(A32<=Ec_IO!$D$22),
REMOVED,Project_NCF_Con (2),AC33,=(CIT_NCF_Oil!AG33+CIT_NCF_Gas!AG33)*(A33<=Ec_IO!$D$22),
REMOVED,Project_NCF_Con (2),AC34,=(CIT_NCF_Oil!AG34+CIT_NCF_Gas!AG34)*(A34<=Ec_IO!$D$22),
REMOVED,Project_NCF_Con (2),AC35,=(CIT_NCF_Oil!AG35+CIT_NCF_Gas!AG35)*(A35<=Ec_IO!$D$22),
REMOVED,Project_NCF_Con (2),AC36,=(CIT_NCF_Oil!AG36+CIT_NCF_Gas!AG36)*(A36<=Ec_IO!$D$22),
REMOVED,Project_NCF_Con (2),AC37,=(CIT_NCF_Oil!AG37+CIT_NCF_Gas!AG37)*(A37<=Ec_IO!$D$22),
REMOVED,Project_NCF_Con (2),AC38,=(CIT_NCF_Oil!AG38+CIT_NCF_Gas!AG38)*(A38<=Ec_IO!$D$22),
REMOVED,Project_NCF_Con (2),AC39,=(CIT_NCF_Oil!AG39+CIT_NCF_Gas!AG39)*(A39<=Ec_IO!$D$22),
REMOVED,Project_NCF_Con (2),AC40,=(CIT_NCF_Oil!AG40+CIT_NCF_Gas!AG40)*(A40<=Ec_IO!$D$22),
REMOVED,Project_NCF_Con (2),AC41,=(CIT_NCF_Oil!AG41+CIT_NCF_Gas!AG41)*(A41<=Ec_IO!$D$22),
REMOVED,Project_NCF_Con (2),AC42,=(CIT_NCF_Oil!AG42+CIT_NCF_Gas!AG42)*(A42<=Ec_IO!$D$22),
REMOVED,Project_NCF_Con (2),AC43,=(CIT_NCF_Oil!AG43+CIT_NCF_Gas!AG43)*(A43<=Ec_IO!$D$22),
REMOVED,Project_NCF_Con (2),AC44,=(CIT_NCF_Oil!AG44+CIT_NCF_Gas!AG44)*(A44<=Ec_IO!$D$22),
REMOVED,Project_NCF_Con (2),AC45,=(CIT_NCF_Oil!AG45+CIT_NCF_Gas!AG45)*(A45<=Ec_IO!$D$22),
REMOVED,Project_NCF_Con (2),AC46,=(CIT_NCF_Oil!AG46+CIT_NCF_Gas!AG46)*(A46<=Ec_IO!$D$22),
REMOVED,Project_NCF_Con (2),AC47,=(CIT_NCF_Oil!AG47+CIT_NCF_Gas!AG47)*(A47<=Ec_IO!$D$22),
REMOVED,Project_NCF_Con (2),AC48,=(CIT_NCF_Oil!AG48+CIT_NCF_Gas!AG48)*(A48<=Ec_IO!$D$22),
REMOVED,Project_NCF_Con (2),AC49,=(CIT_NCF_Oil!AG49+CIT_NCF_Gas!AG49)*(A49<=Ec_IO!$D$22),
REMOVED,Project_NCF_Con (2),AC5,=(CIT_NCF_Oil!AG5+CIT_NCF_Gas!AG5)*(A5<=Ec_IO!$D$22),
REMOVED,Project_NCF_Con (2),AC51,=SUM(AC5:AC49),
REMOVED,Project_NCF_Con (2),AC53,=B51-AE51-AF51,
REMOVED,Project_NCF_Con (2),AC6,=(CIT_NCF_Oil!AG6+CIT_NCF_Gas!AG6)*(A6<=Ec_IO!$D$22),
REMOVED,Project_NCF_Con (2),AC7,=(CIT_NCF_Oil!AG7+CIT_NCF_Gas!AG7)*(A7<=Ec_IO!$D$22),
REMOVED,Project_NCF_Con (2),AC8,=(CIT_NCF_Oil!AG8+CIT_NCF_Gas!AG8)*(A8<=Ec_IO!$D$22),
REMOVED,Project_NCF_Con (2),AC9,=(CIT_NCF_Oil!AG9+CIT_NCF_Gas!AG9)*(A9<=Ec_IO!$D$22),
REMOVED,Project_NCF_Con (2),AD10,=HT_NCF_Oil!AO10,
REMOVED,Project_NCF_Con (2),AD11,=HT_NCF_Oil!AO11,
REMOVED,Project_NCF_Con (2),AD12,=HT_NCF_Oil!AO12,
REMOVED,Project_NCF_Con (2),AD13,=HT_NCF_Oil!AO13,
REMOVED,Project_NCF_Con (2),AD14,=HT_NCF_Oil!AO14,
REMOVED,Project_NCF_Con (2),AD15,=HT_NCF_Oil!AO15,
REMOVED,Project_NCF_Con (2),AD16,=HT_NCF_Oil!AO16,
REMOVED,Project_NCF_Con (2),AD17,=HT_NCF_Oil!AO17,
REMOVED,Project_NCF_Con (2),AD18,=HT_NCF_Oil!AO18,
REMOVED,Project_NCF_Con (2),AD19,=HT_NCF_Oil!AO19,
REMOVED,Project_NCF_Con (2),AD20,=HT_NCF_Oil!AO20,
REMOVED,Project_NCF_Con (2),AD21,=HT_NCF_Oil!AO21,
REMOVED,Project_NCF_Con (2),AD22,=HT_NCF_Oil!AO22,
REMOVED,Project_NCF_Con (2),AD23,=HT_NCF_Oil!AO23,
REMOVED,Project_NCF_Con (2),AD24,=HT_NCF_Oil!AO24,
REMOVED,Project_NCF_Con (2),AD25,=HT_NCF_Oil!AO25,
REMOVED,Project_NCF_Con (2),AD26,=HT_NCF_Oil!AO26,
REMOVED,Project_NCF_Con (2),AD27,=HT_NCF_Oil!AO27,
REMOVED,Project_NCF_Con (2),AD28,=HT_NCF_Oil!AO28,
REMOVED,Project_NCF_Con (2),AD29,=HT_NCF_Oil!AO29,
REMOVED,Project_NCF_Con (2),AD30,=HT_NCF_Oil!AO30,
REMOVED,Project_NCF_Con (2),AD31,=HT_NCF_Oil!AO31,
REMOVED,Project_NCF_Con (2),AD32,=HT_NCF_Oil!AO32,
REMOVED,Project_NCF_Con (2),AD33,=HT_NCF_Oil!AO33,
REMOVED,Project_NCF_Con (2),AD34,=HT_NCF_Oil!AO34,
REMOVED,Project_NCF_Con (2),AD35,=HT_NCF_Oil!AO35,
REMOVED,Project_NCF_Con (2),AD36,=HT_NCF_Oil!AO36,
REMOVED,Project_NCF_Con (2),AD37,=HT_NCF_Oil!AO37,
REMOVED,Project_NCF_Con (2),AD38,=HT_NCF_Oil!AO38,
REMOVED,Project_NCF_Con (2),AD39,=HT_NCF_Oil!AO39,
REMOVED,Project_NCF_Con (2),AD40,=HT_NCF_Oil!AO40,
REMOVED,Project_NCF_Con (2),AD41,=HT_NCF_Oil!AO41,
REMOVED,Project_NCF_Con (2),AD42,=HT_NCF_Oil!AO42,
REMOVED,Project_NCF_Con (2),AD43,=HT_NCF_Oil!AO43,
REMOVED,Project_NCF_Con (2),AD44,=HT_NCF_Oil!AO44,
REMOVED,Project_NCF_Con (2),AD45,=HT_NCF_Oil!AO45,
REMOVED,Project_NCF_Con (2),AD46,=HT_NCF_Oil!AO46,
REMOVED,Project_NCF_Con (2),AD47,=HT_NCF_Oil!AO47,
REMOVED,Project_NCF_Con (2),AD48,=HT_NCF_Oil!AO48,
REMOVED,Project_NCF_Con (2),AD49,=HT_NCF_Oil!AO49,
REMOVED,Project_NCF_Con (2),AD5,=HT_NCF_Oil!AO5,
REMOVED,Project_NCF_Con (2),AD51,=SUM(AD5:AD49),
REMOVED,Project_NCF_Con (2),AD6,=HT_NCF_Oil!AO6,
REMOVED,Project_NCF_Con (2),AD7,=HT_NCF_Oil!AO7,
REMOVED,Project_NCF_Con (2),AD8,=HT_NCF_Oil!AO8,
REMOVED,Project_NCF_Con (2),AD9,=HT_NCF_Oil!AO9,
REMOVED,Project_NCF_Con (2),AE10,=(AD10+AC10+AB10+R10+Q10+P10+O10+I10+H10+G10+F10)*(A10<=Ec_IO!$D$22),
REMOVED,Project_NCF_Con (2),AE11,=(AD11+AC11+AB11+R11+Q11+P11+O11+I11+H11+G11+F11)*(A11<=Ec_IO!$D$22),
REMOVED,Project_NCF_Con (2),AE12,=(AD12+AC12+AB12+R12+Q12+P12+O12+I12+H12+G12+F12)*(A12<=Ec_IO!$D$22),
REMOVED,Project_NCF_Con (2),AE13,=(AD13+AC13+AB13+R13+Q13+P13+O13+I13+H13+G13+F13)*(A13<=Ec_IO!$D$22),
REMOVED,Project_NCF_Con (2),AE14,=(AD14+AC14+AB14+R14+Q14+P14+O14+I14+H14+G14+F14)*(A14<=Ec_IO!$D$22),
REMOVED,Project_NCF_Con (2),AE15,=(AD15+AC15+AB15+R15+Q15+P15+O15+I15+H15+G15+F15)*(A15<=Ec_IO!$D$22),
REMOVED,Project_NCF_Con (2),AE16,=(AD16+AC16+AB16+R16+Q16+P16+O16+I16+H16+G16+F16)*(A16<=Ec_IO!$D$22),
REMOVED,Project_NCF_Con (2),AE17,=(AD17+AC17+AB17+R17+Q17+P17+O17+I17+H17+G17+F17)*(A17<=Ec_IO!$D$22),
REMOVED,Project_NCF_Con (2),AE18,=(AD18+AC18+AB18+R18+Q18+P18+O18+I18+H18+G18+F18)*(A18<=Ec_IO!$D$22),
REMOVED,Project_NCF_Con (2),AE19,=(AD19+AC19+AB19+R19+Q19+P19+O19+I19+H19+G19+F19)*(A19<=Ec_IO!$D$22),
REMOVED,Project_NCF_Con (2),AE20,=(AD20+AC20+AB20+R20+Q20+P20+O20+I20+H20+G20+F20)*(A20<=Ec_IO!$D$22),
REMOVED,Project_NCF_Con (2),AE21,=(AD21+AC21+AB21+R21+Q21+P21+O21+I21+H21+G21+F21)*(A21<=Ec_IO!$D$22),
REMOVED,Project_NCF_Con (2),AE22,=(AD22+AC22+AB22+R22+Q22+P22+O22+I22+H22+G22+F22)*(A22<=Ec_IO!$D$22),
REMOVED,Project_NCF_Con (2),AE23,=(AD23+AC23+AB23+R23+Q23+P23+O23+I23+H23+G23+F23)*(A23<=Ec_IO!$D$22),
REMOVED,Project_NCF_Con (2),AE24,=(AD24+AC24+AB24+R24+Q24+P24+O24+I24+H24+G24+F24)*(A24<=Ec_IO!$D$22),
REMOVED,Project_NCF_Con (2),AE25,=(AD25+AC25+AB25+R25+Q25+P25+O25+I25+H25+G25+F25)*(A25<=Ec_IO!$D$22),
REMOVED,Project_NCF_Con (2),AE26,=(AD26+AC26+AB26+R26+Q26+P26+O26+I26+H26+G26+F26)*(A26<=Ec_IO!$D$22),
REMOVED,Project_NCF_Con (2),AE27,=(AD27+AC27+AB27+R27+Q27+P27+O27+I27+H27+G27+F27)*(A27<=Ec_IO!$D$22),
REMOVED,Project_NCF_Con (2),AE28,=(AD28+AC28+AB28+R28+Q28+P28+O28+I28+H28+G28+F28)*(A28<=Ec_IO!$D$22),
REMOVED,Project_NCF_Con (2),AE29,=(AD29+AC29+AB29+R29+Q29+P29+O29+I29+H29+G29+F29)*(A29<=Ec_IO!$D$22),
REMOVED,Project_NCF_Con (2),AE30,=(AD30+AC30+AB30+R30+Q30+P30+O30+I30+H30+G30+F30)*(A30<=Ec_IO!$D$22),
REMOVED,Project_NCF_Con (2),AE31,=(AD31+AC31+AB31+R31+Q31+P31+O31+I31+H31+G31+F31)*(A31<=Ec_IO!$D$22),
REMOVED,Project_NCF_Con (2),AE32,=(AD32+AC32+AB32+R32+Q32+P32+O32+I32+H32+G32+F32)*(A32<=Ec_IO!$D$22),
REMOVED,Project_NCF_Con (2),AE33,=(AD33+AC33+AB33+R33+Q33+P33+O33+I33+H33+G33+F33)*(A33<=Ec_IO!$D$22),
REMOVED,Project_NCF_Con (2),AE34,=(AD34+AC34+AB34+R34+Q34+P34+O34+I34+H34+G34+F34)*(A34<=Ec_IO!$D$22),
REMOVED,Project_NCF_Con (2),AE35,=(AD35+AC35+AB35+R35+Q35+P35+O35+I35+H35+G35+F35)*(A35<=Ec_IO!$D$22),
REMOVED,Project_NCF_Con (2),AE36,=(AD36+AC36+AB36+R36+Q36+P36+O36+I36+H36+G36+F36)*(A36<=Ec_IO!$D$22),
REMOVED,Project_NCF_Con (2),AE37,=(AD37+AC37+AB37+R37+Q37+P37+O37+I37+H37+G37+F37)*(A37<=Ec_IO!$D$22),
REMOVED,Project_NCF_Con (2),AE38,=(AD38+AC38+AB38+R38+Q38+P38+O38+I38+H38+G38+F38)*(A38<=Ec_IO!$D$22),
REMOVED,Project_NCF_Con (2),AE39,=(AD39+AC39+AB39+R39+Q39+P39+O39+I39+H39+G39+F39)*(A39<=Ec_IO!$D$22),
REMOVED,Project_NCF_Con (2),AE40,=(AD40+AC40+AB40+R40+Q40+P40+O40+I40+H40+G40+F40)*(A40<=Ec_IO!$D$22),
REMOVED,Project_NCF_Con (2),AE41,=(AD41+AC41+AB41+R41+Q41+P41+O41+I41+H41+G41+F41)*(A41<=Ec_IO!$D$22),
REMOVED,Project_NCF_Con (2),AE42,=(AD42+AC42+AB42+R42+Q42+P42+O42+I42+H42+G42+F42)*(A42<=Ec_IO!$D$22),
REMOVED,Project_NCF_Con (2),AE43,=(AD43+AC43+AB43+R43+Q43+P43+O43+I43+H43+G43+F43)*(A43<=Ec_IO!$D$22),
REMOVED,Project_NCF_Con (2),AE44,=(AD44+AC44+AB44+R44+Q44+P44+O44+I44+H44+G44+F44)*(A44<=Ec_IO!$D$22),
REMOVED,Project_NCF_Con (2),AE45,=(AD45+AC45+AB45+R45+Q45+P45+O45+I45+H45+G45+F45)*(A45<=Ec_IO!$D$22),
REMOVED,Project_NCF_Con (2),AE46,=(AD46+AC46+AB46+R46+Q46+P46+O46+I46+H46+G46+F46)*(A46<=Ec_IO!$D$22),
REMOVED,Project_NCF_Con (2),AE47,=(AD47+AC47+AB47+R47+Q47+P47+O47+I47+H47+G47+F47)*(A47<=Ec_IO!$D$22),
REMOVED,Project_NCF_Con (2),AE48,=(AD48+AC48+AB48+R48+Q48+P48+O48+I48+H48+G48+F48)*(A48<=Ec_IO!$D$22),
REMOVED,Project_NCF_Con (2),AE49,=(AD49+AC49+AB49+R49+Q49+P49+O49+I49+H49+G49+F49)*(A49<=Ec_IO!$D$22),
REMOVED,Project_NCF_Con (2),AE5,=(AD5+AC5+AB5+R5+Q5+P5+O5+I5+H5+G5+F5)*(A5<=Ec_IO!$D$22),
REMOVED,Project_NCF_Con (2),AE51,=SUM(AE5:AE49),
REMOVED,Project_NCF_Con (2),AE53,=CIT_NCF_Oil!AH51+CIT_NCF_Gas!AH51,
REMOVED,Project_NCF_Con (2),AE55,=F51+G51+H51+I51+O51+P51+Q51+R51+AB51+AC51+HT_NCF_Oil!AO51,
REMOVED,Project_NCF_Con (2),AE6,=(AD6+AC6+AB6+R6+Q6+P6+O6+I6+H6+G6+F6)*(A6<=Ec_IO!$D$22),
REMOVED,Project_NCF_Con (2),AE7,=(AD7+AC7+AB7+R7+Q7+P7+O7+I7+H7+G7+F7)*(A7<=Ec_IO!$D$22),
REMOVED,Project_NCF_Con (2),AE8,=(AD8+AC8+AB8+R8+Q8+P8+O8+I8+H8+G8+F8)*(A8<=Ec_IO!$D$22),
REMOVED,Project_NCF_Con (2),AE9,=(AD9+AC9+AB9+R9+Q9+P9+O9+I9+H9+G9+F9)*(A9<=Ec_IO!$D$22),
REMOVED,Project_NCF_Con (2),AF10,=(B10-AE10-W10-X10-E10-J10-FLGT!AO10-FLGT!AP10+FLGT!AN10-'Equity Dash'!L6)*(A10<=Ec_IO!$D$22),
REMOVED,Project_NCF_Con (2),AF11,=(B11-AE11-W11-X11-E11-J11-FLGT!AO11-FLGT!AP11+FLGT!AN11-'Equity Dash'!L7)*(A11<=Ec_IO!$D$22),
REMOVED,Project_NCF_Con (2),AF12,=(B12-AE12-W12-X12-E12-J12-FLGT!AO12-FLGT!AP12+FLGT!AN12-'Equity Dash'!L8)*(A12<=Ec_IO!$D$22),
REMOVED,Project_NCF_Con (2),AF13,=(B13-AE13-W13-X13-E13-J13-FLGT!AO13-FLGT!AP13+FLGT!AN13-'Equity Dash'!L9)*(A13<=Ec_IO!$D$22),
REMOVED,Project_NCF_Con (2),AF14,=(B14-AE14-W14-X14-E14-J14-FLGT!AO14-FLGT!AP14+FLGT!AN14-'Equity Dash'!L10)*(A14<=Ec_IO!$D$22),
REMOVED,Project_NCF_Con (2),AF15,=(B15-AE15-W15-X15-E15-J15-FLGT!AO15-FLGT!AP15+FLGT!AN15-'Equity Dash'!L11)*(A15<=Ec_IO!$D$22),
REMOVED,Project_NCF_Con (2),AF16,=(B16-AE16-W16-X16-E16-J16-FLGT!AO16-FLGT!AP16+FLGT!AN16-'Equity Dash'!L12)*(A16<=Ec_IO!$D$22),
REMOVED,Project_NCF_Con (2),AF17,=(B17-AE17-W17-X17-E17-J17-FLGT!AO17-FLGT!AP17+FLGT!AN17-'Equity Dash'!L13)*(A17<=Ec_IO!$D$22),
REMOVED,Project_NCF_Con (2),AF18,=(B18-AE18-W18-X18-E18-J18-FLGT!AO18-FLGT!AP18+FLGT!AN18-'Equity Dash'!L14)*(A18<=Ec_IO!$D$22),
REMOVED,Project_NCF_Con (2),AF19,=(B19-AE19-W19-X19-E19-J19-FLGT!AO19-FLGT!AP19+FLGT!AN19-'Equity Dash'!L15)*(A19<=Ec_IO!$D$22),
REMOVED,Project_NCF_Con (2),AF20,=(B20-AE20-W20-X20-E20-J20-FLGT!AO20-FLGT!AP20+FLGT!AN20-'Equity Dash'!L16)*(A20<=Ec_IO!$D$22),
REMOVED,Project_NCF_Con (2),AF21,=(B21-AE21-W21-X21-E21-J21-FLGT!AO21-FLGT!AP21+FLGT!AN21-'Equity Dash'!L17)*(A21<=Ec_IO!$D$22),
REMOVED,Project_NCF_Con (2),AF22,=(B22-AE22-W22-X22-E22-J22-FLGT!AO22-FLGT!AP22+FLGT!AN22-'Equity Dash'!L18)*(A22<=Ec_IO!$D$22),
REMOVED,Project_NCF_Con (2),AF23,=(B23-AE23-W23-X23-E23-J23-FLGT!AO23-FLGT!AP23+FLGT!AN23-'Equity Dash'!L19)*(A23<=Ec_IO!$D$22),
REMOVED,Project_NCF_Con (2),AF24,=(B24-AE24-W24-X24-E24-J24-FLGT!AO24-FLGT!AP24+FLGT!AN24-'Equity Dash'!L20)*(A24<=Ec_IO!$D$22),
REMOVED,Project_NCF_Con (2),AF25,=(B25-AE25-W25-X25-E25-J25-FLGT!AO25-FLGT!AP25+FLGT!AN25-'Equity Dash'!L21)*(A25<=Ec_IO!$D$22),
REMOVED,Project_NCF_Con (2),AF26,=(B26-AE26-W26-X26-E26-J26-FLGT!AO26-FLGT!AP26+FLGT!AN26-'Equity Dash'!L22)*(A26<=Ec_IO!$D$22),
REMOVED,Project_NCF_Con (2),AF27,=(B27-AE27-W27-X27-E27-J27-FLGT!AO27-FLGT!AP27+FLGT!AN27-'Equity Dash'!L23)*(A27<=Ec_IO!$D$22),
REMOVED,Project_NCF_Con (2),AF28,=(B28-AE28-W28-X28-E28-J28-FLGT!AO28-FLGT!AP28+FLGT!AN28-'Equity Dash'!L24)*(A28<=Ec_IO!$D$22),
REMOVED,Project_NCF_Con (2),AF29,=(B29-AE29-W29-X29-E29-J29-FLGT!AO29-FLGT!AP29+FLGT!AN29-'Equity Dash'!L25)*(A29<=Ec_IO!$D$22),
REMOVED,Project_NCF_Con (2),AF30,=(B30-AE30-W30-X30-E30-J30-FLGT!AO30-FLGT!AP30+FLGT!AN30-'Equity Dash'!L26)*(A30<=Ec_IO!$D$22),
REMOVED,Project_NCF_Con (2),AF31,=(B31-AE31-W31-X31-E31-J31-FLGT!AO31-FLGT!AP31+FLGT!AN31-'Equity Dash'!L27)*(A31<=Ec_IO!$D$22),
REMOVED,Project_NCF_Con (2),AF32,=(B32-AE32-W32-X32-E32-J32-FLGT!AO32-FLGT!AP32+FLGT!AN32-'Equity Dash'!L28)*(A32<=Ec_IO!$D$22),
REMOVED,Project_NCF_Con (2),AF33,=(B33-AE33-W33-X33-E33-J33-FLGT!AO33-FLGT!AP33+FLGT!AN33-'Equity Dash'!L29)*(A33<=Ec_IO!$D$22),
REMOVED,Project_NCF_Con (2),AF34,=(B34-AE34-W34-X34-E34-J34-FLGT!AO34-FLGT!AP34+FLGT!AN34-'Equity Dash'!L30)*(A34<=Ec_IO!$D$22),
REMOVED,Project_NCF_Con (2),AF35,=(B35-AE35-W35-X35-E35-J35-FLGT!AO35-FLGT!AP35+FLGT!AN35-'Equity Dash'!L31)*(A35<=Ec_IO!$D$22),
REMOVED,Project_NCF_Con (2),AF36,=(B36-AE36-W36-X36-E36-J36-FLGT!AO36-FLGT!AP36+FLGT!AN36-'Equity Dash'!L32)*(A36<=Ec_IO!$D$22),
REMOVED,Project_NCF_Con (2),AF37,=(B37-AE37-W37-X37-E37-J37-FLGT!AO37-FLGT!AP37+FLGT!AN37-'Equity Dash'!L33)*(A37<=Ec_IO!$D$22),
REMOVED,Project_NCF_Con (2),AF38,=(B38-AE38-W38-X38-E38-J38-FLGT!AO38-FLGT!AP38+FLGT!AN38-'Equity Dash'!L34)*(A38<=Ec_IO!$D$22),
REMOVED,Project_NCF_Con (2),AF39,=(B39-AE39-W39-X39-E39-J39-FLGT!AO39-FLGT!AP39+FLGT!AN39-'Equity Dash'!L35)*(A39<=Ec_IO!$D$22),
REMOVED,Project_NCF_Con (2),AF40,=(B40-AE40-W40-X40-E40-J40-FLGT!AO40-FLGT!AP40+FLGT!AN40-'Equity Dash'!L36)*(A40<=Ec_IO!$D$22),
REMOVED,Project_NCF_Con (2),AF41,=(B41-AE41-W41-X41-E41-J41-FLGT!AO41-FLGT!AP41+FLGT!AN41-'Equity Dash'!L37)*(A41<=Ec_IO!$D$22),
REMOVED,Project_NCF_Con (2),AF42,=(B42-AE42-W42-X42-E42-J42-FLGT!AO42-FLGT!AP42+FLGT!AN42-'Equity Dash'!L38)*(A42<=Ec_IO!$D$22),
REMOVED,Project_NCF_Con (2),AF43,=(B43-AE43-W43-X43-E43-J43-FLGT!AO43-FLGT!AP43+FLGT!AN43-'Equity Dash'!L39)*(A43<=Ec_IO!$D$22),
REMOVED,Project_NCF_Con (2),AF44,=(B44-AE44-W44-X44-E44-J44-FLGT!AO44-FLGT!AP44+FLGT!AN44-'Equity Dash'!L40)*(A44<=Ec_IO!$D$22),
REMOVED,Project_NCF_Con (2),AF45,=(B45-AE45-W45-X45-E45-J45-FLGT!AO45-FLGT!AP45+FLGT!AN45-'Equity Dash'!L41)*(A45<=Ec_IO!$D$22),
REMOVED,Project_NCF_Con (2),AF46,=(B46-AE46-W46-X46-E46-J46-FLGT!AO46-FLGT!AP46+FLGT!AN46-'Equity Dash'!L42)*(A46<=Ec_IO!$D$22),
REMOVED,Project_NCF_Con (2),AF47,=(B47-AE47-W47-X47-E47-J47-FLGT!AO47-FLGT!AP47+FLGT!AN47-'Equity Dash'!L43)*(A47<=Ec_IO!$D$22),
REMOVED,Project_NCF_Con (2),AF48,=(B48-AE48-W48-X48-E48-J48-FLGT!AO48-FLGT!AP48+FLGT!AN48-'Equity Dash'!L44)*(A48<=Ec_IO!$D$22),
REMOVED,Project_NCF_Con (2),AF49,=(B49-AE49-W49-X49-E49-J49-FLGT!AO49-FLGT!AP49+FLGT!AN49-'Equity Dash'!L45)*(A49<=Ec_IO!$D$22),
REMOVED,Project_NCF_Con (2),AF5,=(B5-AE5-W5-X5-E5-J5-FLGT!AO5-FLGT!AP5+FLGT!AN5-'Equity Dash'!L1)*(A5<=Ec_IO!$D$22),
REMOVED,Project_NCF_Con (2),AF51,=SUM(AF5:AF49),
REMOVED,Project_NCF_Con (2),AF55,=AE51-AF51,
REMOVED,Project_NCF_Con (2),AF6,=(B6-AE6-W6-X6-E6-J6-FLGT!AO6-FLGT!AP6+FLGT!AN6-'Equity Dash'!L2)*(A6<=Ec_IO!$D$22),
REMOVED,Project_NCF_Con (2),AF7,=(B7-AE7-W7-X7-E7-J7-FLGT!AO7-FLGT!AP7+FLGT!AN7-'Equity Dash'!L3)*(A7<=Ec_IO!$D$22),
REMOVED,Project_NCF_Con (2),AF8,=(B8-AE8-W8-X8-E8-J8-FLGT!AO8-FLGT!AP8+FLGT!AN8-'Equity Dash'!L4)*(A8<=Ec_IO!$D$22),
REMOVED,Project_NCF_Con (2),AF9,=(B9-AE9-W9-X9-E9-J9-FLGT!AO9-FLGT!AP9+FLGT!AN9-'Equity Dash'!L5)*(A9<=Ec_IO!$D$22),
REMOVED,Project_NCF_Con (2),AG10,=(AE10/(1+Ec_IO!$C$15*(100%+Analysis!$N$14))^(A10-Ec_IO!$C$5))*(A10<=Ec_IO!$D$22),
REMOVED,Project_NCF_Con (2),AG11,=(AE11/(1+Ec_IO!$C$15*(100%+Analysis!$N$14))^(A11-Ec_IO!$C$5))*(A11<=Ec_IO!$D$22),
REMOVED,Project_NCF_Con (2),AG12,=(AE12/(1+Ec_IO!$C$15*(100%+Analysis!$N$14))^(A12-Ec_IO!$C$5))*(A12<=Ec_IO!$D$22),
REMOVED,Project_NCF_Con (2),AG13,=(AE13/(1+Ec_IO!$C$15*(100%+Analysis!$N$14))^(A13-Ec_IO!$C$5))*(A13<=Ec_IO!$D$22),
REMOVED,Project_NCF_Con (2),AG14,=(AE14/(1+Ec_IO!$C$15*(100%+Analysis!$N$14))^(A14-Ec_IO!$C$5))*(A14<=Ec_IO!$D$22),
REMOVED,Project_NCF_Con (2),AG15,=(AE15/(1+Ec_IO!$C$15*(100%+Analysis!$N$14))^(A15-Ec_IO!$C$5))*(A15<=Ec_IO!$D$22),
REMOVED,Project_NCF_Con (2),AG16,=(AE16/(1+Ec_IO!$C$15*(100%+Analysis!$N$14))^(A16-Ec_IO!$C$5))*(A16<=Ec_IO!$D$22),
REMOVED,Project_NCF_Con (2),AG17,=(AE17/(1+Ec_IO!$C$15*(100%+Analysis!$N$14))^(A17-Ec_IO!$C$5))*(A17<=Ec_IO!$D$22),
REMOVED,Project_NCF_Con (2),AG18,=(AE18/(1+Ec_IO!$C$15*(100%+Analysis!$N$14))^(A18-Ec_IO!$C$5))*(A18<=Ec_IO!$D$22),
REMOVED,Project_NCF_Con (2),AG19,=(AE19/(1+Ec_IO!$C$15*(100%+Analysis!$N$14))^(A19-Ec_IO!$C$5))*(A19<=Ec_IO!$D$22),
REMOVED,Project_NCF_Con (2),AG20,=(AE20/(1+Ec_IO!$C$15*(100%+Analysis!$N$14))^(A20-Ec_IO!$C$5))*(A20<=Ec_IO!$D$22),
REMOVED,Project_NCF_Con (2),AG21,=(AE21/(1+Ec_IO!$C$15*(100%+Analysis!$N$14))^(A21-Ec_IO!$C$5))*(A21<=Ec_IO!$D$22),
REMOVED,Project_NCF_Con (2),AG22,=(AE22/(1+Ec_IO!$C$15*(100%+Analysis!$N$14))^(A22-Ec_IO!$C$5))*(A22<=Ec_IO!$D$22),
REMOVED,Project_NCF_Con (2),AG23,=(AE23/(1+Ec_IO!$C$15*(100%+Analysis!$N$14))^(A23-Ec_IO!$C$5))*(A23<=Ec_IO!$D$22),
REMOVED,Project_NCF_Con (2),AG24,=(AE24/(1+Ec_IO!$C$15*(100%+Analysis!$N$14))^(A24-Ec_IO!$C$5))*(A24<=Ec_IO!$D$22),
REMOVED,Project_NCF_Con (2),AG25,=(AE25/(1+Ec_IO!$C$15*(100%+Analysis!$N$14))^(A25-Ec_IO!$C$5))*(A25<=Ec_IO!$D$22),
REMOVED,Project_NCF_Con (2),AG26,=(AE26/(1+Ec_IO!$C$15*(100%+Analysis!$N$14))^(A26-Ec_IO!$C$5))*(A26<=Ec_IO!$D$22),
REMOVED,Project_NCF_Con (2),AG27,=(AE27/(1+Ec_IO!$C$15*(100%+Analysis!$N$14))^(A27-Ec_IO!$C$5))*(A27<=Ec_IO!$D$22),
REMOVED,Project_NCF_Con (2),AG28,=(AE28/(1+Ec_IO!$C$15*(100%+Analysis!$N$14))^(A28-Ec_IO!$C$5))*(A28<=Ec_IO!$D$22),
REMOVED,Project_NCF_Con (2),AG29,=(AE29/(1+Ec_IO!$C$15*(100%+Analysis!$N$14))^(A29-Ec_IO!$C$5))*(A29<=Ec_IO!$D$22),
REMOVED,Project_NCF_Con (2),AG30,=(AE30/(1+Ec_IO!$C$15*(100%+Analysis!$N$14))^(A30-Ec_IO!$C$5))*(A30<=Ec_IO!$D$22),
REMOVED,Project_NCF_Con (2),AG31,=(AE31/(1+Ec_IO!$C$15*(100%+Analysis!$N$14))^(A31-Ec_IO!$C$5))*(A31<=Ec_IO!$D$22),
REMOVED,Project_NCF_Con (2),AG32,=(AE32/(1+Ec_IO!$C$15*(100%+Analysis!$N$14))^(A32-Ec_IO!$C$5))*(A32<=Ec_IO!$D$22),
REMOVED,Project_NCF_Con (2),AG33,=(AE33/(1+Ec_IO!$C$15*(100%+Analysis!$N$14))^(A33-Ec_IO!$C$5))*(A33<=Ec_IO!$D$22),
REMOVED,Project_NCF_Con (2),AG34,=(AE34/(1+Ec_IO!$C$15*(100%+Analysis!$N$14))^(A34-Ec_IO!$C$5))*(A34<=Ec_IO!$D$22),
REMOVED,Project_NCF_Con (2),AG35,=(AE35/(1+Ec_IO!$C$15*(100%+Analysis!$N$14))^(A35-Ec_IO!$C$5))*(A35<=Ec_IO!$D$22),
REMOVED,Project_NCF_Con (2),AG36,=(AE36/(1+Ec_IO!$C$15*(100%+Analysis!$N$14))^(A36-Ec_IO!$C$5))*(A36<=Ec_IO!$D$22),
REMOVED,Project_NCF_Con (2),AG37,=(AE37/(1+Ec_IO!$C$15*(100%+Analysis!$N$14))^(A37-Ec_IO!$C$5))*(A37<=Ec_IO!$D$22),
REMOVED,Project_NCF_Con (2),AG38,=(AE38/(1+Ec_IO!$C$15*(100%+Analysis!$N$14))^(A38-Ec_IO!$C$5))*(A38<=Ec_IO!$D$22),
REMOVED,Project_NCF_Con (2),AG39,=(AE39/(1+Ec_IO!$C$15*(100%+Analysis!$N$14))^(A39-Ec_IO!$C$5))*(A39<=Ec_IO!$D$22),
REMOVED,Project_NCF_Con (2),AG40,=(AE40/(1+Ec_IO!$C$15*(100%+Analysis!$N$14))^(A40-Ec_IO!$C$5))*(A40<=Ec_IO!$D$22),
REMOVED,Project_NCF_Con (2),AG41,=(AE41/(1+Ec_IO!$C$15*(100%+Analysis!$N$14))^(A41-Ec_IO!$C$5))*(A41<=Ec_IO!$D$22),
REMOVED,Project_NCF_Con (2),AG42,=(AE42/(1+Ec_IO!$C$15*(100%+Analysis!$N$14))^(A42-Ec_IO!$C$5))*(A42<=Ec_IO!$D$22),
REMOVED,Project_NCF_Con (2),AG43,=(AE43/(1+Ec_IO!$C$15*(100%+Analysis!$N$14))^(A43-Ec_IO!$C$5))*(A43<=Ec_IO!$D$22),
REMOVED,Project_NCF_Con (2),AG44,=(AE44/(1+Ec_IO!$C$15*(100%+Analysis!$N$14))^(A44-Ec_IO!$C$5))*(A44<=Ec_IO!$D$22),
REMOVED,Project_NCF_Con (2),AG45,=(AE45/(1+Ec_IO!$C$15*(100%+Analysis!$N$14))^(A45-Ec_IO!$C$5))*(A45<=Ec_IO!$D$22),
REMOVED,Project_NCF_Con (2),AG46,=(AE46/(1+Ec_IO!$C$15*(100%+Analysis!$N$14))^(A46-Ec_IO!$C$5))*(A46<=Ec_IO!$D$22),
REMOVED,Project_NCF_Con (2),AG47,=(AE47/(1+Ec_IO!$C$15*(100%+Analysis!$N$14))^(A47-Ec_IO!$C$5))*(A47<=Ec_IO!$D$22),
REMOVED,Project_NCF_Con (2),AG48,=(AE48/(1+Ec_IO!$C$15*(100%+Analysis!$N$14))^(A48-Ec_IO!$C$5))*(A48<=Ec_IO!$D$22),
REMOVED,Project_NCF_Con (2),AG49,=(AE49/(1+Ec_IO!$C$15*(100%+Analysis!$N$14))^(A49-Ec_IO!$C$5))*(A49<=Ec_IO!$D$22),
REMOVED,Project_NCF_Con (2),AG5,=(AE5/(1+Ec_IO!$C$15*(100%+Analysis!$N$14))^(A5-Ec_IO!$C$5))*(A5<=Ec_IO!$D$22),
REMOVED,Project_NCF_Con (2),AG51,=SUM(AG5:AG49),
REMOVED,Project_NCF_Con (2),AG58,=IRR(AF5:AF49),
REMOVED,Project_NCF_Con (2),AG6,=(AE6/(1+Ec_IO!$C$15*(100%+Analysis!$N$14))^(A6-Ec_IO!$C$5))*(A6<=Ec_IO!$D$22),
REMOVED,Project_NCF_Con (2),AG7,=(AE7/(1+Ec_IO!$C$15*(100%+Analysis!$N$14))^(A7-Ec_IO!$C$5))*(A7<=Ec_IO!$D$22),
REMOVED,Project_NCF_Con (2),AG8,=(AE8/(1+Ec_IO!$C$15*(100%+Analysis!$N$14))^(A8-Ec_IO!$C$5))*(A8<=Ec_IO!$D$22),
REMOVED,Project_NCF_Con (2),AG9,=(AE9/(1+Ec_IO!$C$15*(100%+Analysis!$N$14))^(A9-Ec_IO!$C$5))*(A9<=Ec_IO!$D$22),
REMOVED,Project_NCF_Con (2),AH10,=(AF10/(1+Ec_IO!$C$15*(100%+Analysis!$N$14))^(A10-Ec_IO!$C$5))*(A10<=Ec_IO!$D$22),
REMOVED,Project_NCF_Con (2),AH11,=(AF11/(1+Ec_IO!$C$15*(100%+Analysis!$N$14))^(A11-Ec_IO!$C$5))*(A11<=Ec_IO!$D$22),
REMOVED,Project_NCF_Con (2),AH12,=(AF12/(1+Ec_IO!$C$15*(100%+Analysis!$N$14))^(A12-Ec_IO!$C$5))*(A12<=Ec_IO!$D$22),
REMOVED,Project_NCF_Con (2),AH13,=(AF13/(1+Ec_IO!$C$15*(100%+Analysis!$N$14))^(A13-Ec_IO!$C$5))*(A13<=Ec_IO!$D$22),
REMOVED,Project_NCF_Con (2),AH14,=(AF14/(1+Ec_IO!$C$15*(100%+Analysis!$N$14))^(A14-Ec_IO!$C$5))*(A14<=Ec_IO!$D$22),
REMOVED,Project_NCF_Con (2),AH15,=(AF15/(1+Ec_IO!$C$15*(100%+Analysis!$N$14))^(A15-Ec_IO!$C$5))*(A15<=Ec_IO!$D$22),
REMOVED,Project_NCF_Con (2),AH16,=(AF16/(1+Ec_IO!$C$15*(100%+Analysis!$N$14))^(A16-Ec_IO!$C$5))*(A16<=Ec_IO!$D$22),
REMOVED,Project_NCF_Con (2),AH17,=(AF17/(1+Ec_IO!$C$15*(100%+Analysis!$N$14))^(A17-Ec_IO!$C$5))*(A17<=Ec_IO!$D$22),
REMOVED,Project_NCF_Con (2),AH18,=(AF18/(1+Ec_IO!$C$15*(100%+Analysis!$N$14))^(A18-Ec_IO!$C$5))*(A18<=Ec_IO!$D$22),
REMOVED,Project_NCF_Con (2),AH19,=(AF19/(1+Ec_IO!$C$15*(100%+Analysis!$N$14))^(A19-Ec_IO!$C$5))*(A19<=Ec_IO!$D$22),
REMOVED,Project_NCF_Con (2),AH20,=(AF20/(1+Ec_IO!$C$15*(100%+Analysis!$N$14))^(A20-Ec_IO!$C$5))*(A20<=Ec_IO!$D$22),
REMOVED,Project_NCF_Con (2),AH21,=(AF21/(1+Ec_IO!$C$15*(100%+Analysis!$N$14))^(A21-Ec_IO!$C$5))*(A21<=Ec_IO!$D$22),
REMOVED,Project_NCF_Con (2),AH22,=(AF22/(1+Ec_IO!$C$15*(100%+Analysis!$N$14))^(A22-Ec_IO!$C$5))*(A22<=Ec_IO!$D$22),
REMOVED,Project_NCF_Con (2),AH23,=(AF23/(1+Ec_IO!$C$15*(100%+Analysis!$N$14))^(A23-Ec_IO!$C$5))*(A23<=Ec_IO!$D$22),
REMOVED,Project_NCF_Con (2),AH24,=(AF24/(1+Ec_IO!$C$15*(100%+Analysis!$N$14))^(A24-Ec_IO!$C$5))*(A24<=Ec_IO!$D$22),
REMOVED,Project_NCF_Con (2),AH25,=(AF25/(1+Ec_IO!$C$15*(100%+Analysis!$N$14))^(A25-Ec_IO!$C$5))*(A25<=Ec_IO!$D$22),
REMOVED,Project_NCF_Con (2),AH26,=(AF26/(1+Ec_IO!$C$15*(100%+Analysis!$N$14))^(A26-Ec_IO!$C$5))*(A26<=Ec_IO!$D$22),
REMOVED,Project_NCF_Con (2),AH27,=(AF27/(1+Ec_IO!$C$15*(100%+Analysis!$N$14))^(A27-Ec_IO!$C$5))*(A27<=Ec_IO!$D$22),
REMOVED,Project_NCF_Con (2),AH28,=(AF28/(1+Ec_IO!$C$15*(100%+Analysis!$N$14))^(A28-Ec_IO!$C$5))*(A28<=Ec_IO!$D$22),
REMOVED,Project_NCF_Con (2),AH29,=(AF29/(1+Ec_IO!$C$15*(100%+Analysis!$N$14))^(A29-Ec_IO!$C$5))*(A29<=Ec_IO!$D$22),
REMOVED,Project_NCF_Con (2),AH30,=(AF30/(1+Ec_IO!$C$15*(100%+Analysis!$N$14))^(A30-Ec_IO!$C$5))*(A30<=Ec_IO!$D$22),
REMOVED,Project_NCF_Con (2),AH31,=(AF31/(1+Ec_IO!$C$15*(100%+Analysis!$N$14))^(A31-Ec_IO!$C$5))*(A31<=Ec_IO!$D$22),
REMOVED,Project_NCF_Con (2),AH32,=(AF32/(1+Ec_IO!$C$15*(100%+Analysis!$N$14))^(A32-Ec_IO!$C$5))*(A32<=Ec_IO!$D$22),
REMOVED,Project_NCF_Con (2),AH33,=(AF33/(1+Ec_IO!$C$15*(100%+Analysis!$N$14))^(A33-Ec_IO!$C$5))*(A33<=Ec_IO!$D$22),
REMOVED,Project_NCF_Con (2),AH34,=(AF34/(1+Ec_IO!$C$15*(100%+Analysis!$N$14))^(A34-Ec_IO!$C$5))*(A34<=Ec_IO!$D$22),
REMOVED,Project_NCF_Con (2),AH35,=(AF35/(1+Ec_IO!$C$15*(100%+Analysis!$N$14))^(A35-Ec_IO!$C$5))*(A35<=Ec_IO!$D$22),
REMOVED,Project_NCF_Con (2),AH36,=(AF36/(1+Ec_IO!$C$15*(100%+Analysis!$N$14))^(A36-Ec_IO!$C$5))*(A36<=Ec_IO!$D$22),
REMOVED,Project_NCF_Con (2),AH37,=(AF37/(1+Ec_IO!$C$15*(100%+Analysis!$N$14))^(A37-Ec_IO!$C$5))*(A37<=Ec_IO!$D$22),
REMOVED,Project_NCF_Con (2),AH38,=(AF38/(1+Ec_IO!$C$15*(100%+Analysis!$N$14))^(A38-Ec_IO!$C$5))*(A38<=Ec_IO!$D$22),
REMOVED,Project_NCF_Con (2),AH39,=(AF39/(1+Ec_IO!$C$15*(100%+Analysis!$N$14))^(A39-Ec_IO!$C$5))*(A39<=Ec_IO!$D$22),
REMOVED,Project_NCF_Con (2),AH40,=(AF40/(1+Ec_IO!$C$15*(100%+Analysis!$N$14))^(A40-Ec_IO!$C$5))*(A40<=Ec_IO!$D$22),
REMOVED,Project_NCF_Con (2),AH41,=(AF41/(1+Ec_IO!$C$15*(100%+Analysis!$N$14))^(A41-Ec_IO!$C$5))*(A41<=Ec_IO!$D$22),
REMOVED,Project_NCF_Con (2),AH42,=(AF42/(1+Ec_IO!$C$15*(100%+Analysis!$N$14))^(A42-Ec_IO!$C$5))*(A42<=Ec_IO!$D$22),
REMOVED,Project_NCF_Con (2),AH43,=(AF43/(1+Ec_IO!$C$15*(100%+Analysis!$N$14))^(A43-Ec_IO!$C$5))*(A43<=Ec_IO!$D$22),
REMOVED,Project_NCF_Con (2),AH44,=(AF44/(1+Ec_IO!$C$15*(100%+Analysis!$N$14))^(A44-Ec_IO!$C$5))*(A44<=Ec_IO!$D$22),
REMOVED,Project_NCF_Con (2),AH45,=(AF45/(1+Ec_IO!$C$15*(100%+Analysis!$N$14))^(A45-Ec_IO!$C$5))*(A45<=Ec_IO!$D$22),
REMOVED,Project_NCF_Con (2),AH46,=(AF46/(1+Ec_IO!$C$15*(100%+Analysis!$N$14))^(A46-Ec_IO!$C$5))*(A46<=Ec_IO!$D$22),
REMOVED,Project_NCF_Con (2),AH47,=(AF47/(1+Ec_IO!$C$15*(100%+Analysis!$N$14))^(A47-Ec_IO!$C$5))*(A47<=Ec_IO!$D$22),
REMOVED,Project_NCF_Con (2),AH48,=(AF48/(1+Ec_IO!$C$15*(100%+Analysis!$N$14))^(A48-Ec_IO!$C$5))*(A48<=Ec_IO!$D$22),
REMOVED,Project_NCF_Con (2),AH49,=(AF49/(1+Ec_IO!$C$15*(100%+Analysis!$N$14))^(A49-Ec_IO!$C$5))*(A49<=Ec_IO!$D$22),
REMOVED,Project_NCF_Con (2),AH5,=(AF5/(1+Ec_IO!$C$15*(100%+Analysis!$N$14))^(A5-Ec_IO!$C$5))*(A5<=Ec_IO!$D$22),
REMOVED,Project_NCF_Con (2),AH51,=SUM(AH5:AH49),
REMOVED,Project_NCF_Con (2),AH55,=AH51-AH54,
REMOVED,Project_NCF_Con (2),AH6,=(AF6/(1+Ec_IO!$C$15*(100%+Analysis!$N$14))^(A6-Ec_IO!$C$5))*(A6<=Ec_IO!$D$22),
REMOVED,Project_NCF_Con (2),AH7,=(AF7/(1+Ec_IO!$C$15*(100%+Analysis!$N$14))^(A7-Ec_IO!$C$5))*(A7<=Ec_IO!$D$22),
REMOVED,Project_NCF_Con (2),AH8,=(AF8/(1+Ec_IO!$C$15*(100%+Analysis!$N$14))^(A8-Ec_IO!$C$5))*(A8<=Ec_IO!$D$22),
REMOVED,Project_NCF_Con (2),AH9,=(AF9/(1+Ec_IO!$C$15*(100%+Analysis!$N$14))^(A9-Ec_IO!$C$5))*(A9<=Ec_IO!$D$22),
REMOVED,Project_NCF_Con (2),AI10,=SUM(AH$5:$AH10)*(A10<=Ec_IO!$D$22),
REMOVED,Project_NCF_Con (2),AI11,=SUM(AH$5:$AH11)*(A11<=Ec_IO!$D$22),
REMOVED,Project_NCF_Con (2),AI12,=SUM(AH$5:$AH12)*(A12<=Ec_IO!$D$22),
REMOVED,Project_NCF_Con (2),AI13,=SUM(AH$5:$AH13)*(A13<=Ec_IO!$D$22),
REMOVED,Project_NCF_Con (2),AI14,=SUM(AH$5:$AH14)*(A14<=Ec_IO!$D$22),
REMOVED,Project_NCF_Con (2),AI15,=SUM(AH$5:$AH15)*(A15<=Ec_IO!$D$22),
REMOVED,Project_NCF_Con (2),AI16,=SUM(AH$5:$AH16)*(A16<=Ec_IO!$D$22),
REMOVED,Project_NCF_Con (2),AI17,=SUM(AH$5:$AH17)*(A17<=Ec_IO!$D$22),
REMOVED,Project_NCF_Con (2),AI18,=SUM(AH$5:$AH18)*(A18<=Ec_IO!$D$22),
REMOVED,Project_NCF_Con (2),AI19,=SUM(AH$5:$AH19)*(A19<=Ec_IO!$D$22),
REMOVED,Project_NCF_Con (2),AI20,=SUM(AH$5:$AH20)*(A20<=Ec_IO!$D$22),
REMOVED,Project_NCF_Con (2),AI21,=SUM(AH$5:$AH21)*(A21<=Ec_IO!$D$22),
REMOVED,Project_NCF_Con (2),AI22,=SUM(AH$5:$AH22)*(A22<=Ec_IO!$D$22),
REMOVED,Project_NCF_Con (2),AI23,=SUM(AH$5:$AH23)*(A23<=Ec_IO!$D$22),
REMOVED,Project_NCF_Con (2),AI24,=SUM(AH$5:$AH24)*(A24<=Ec_IO!$D$22),
REMOVED,Project_NCF_Con (2),AI25,=SUM(AH$5:$AH25)*(A25<=Ec_IO!$D$22),
REMOVED,Project_NCF_Con (2),AI26,=SUM(AH$5:$AH26)*(A26<=Ec_IO!$D$22),
REMOVED,Project_NCF_Con (2),AI27,=SUM(AH$5:$AH27)*(A27<=Ec_IO!$D$22),
REMOVED,Project_NCF_Con (2),AI28,=SUM(AH$5:$AH28)*(A28<=Ec_IO!$D$22),
REMOVED,Project_NCF_Con (2),AI29,=SUM(AH$5:$AH29)*(A29<=Ec_IO!$D$22),
REMOVED,Project_NCF_Con (2),AI30,=SUM(AH$5:$AH30)*(A30<=Ec_IO!$D$22),
REMOVED,Project_NCF_Con (2),AI31,=SUM(AH$5:$AH31)*(A31<=Ec_IO!$D$22),
REMOVED,Project_NCF_Con (2),AI32,=SUM(AH$5:$AH32)*(A32<=Ec_IO!$D$22),
REMOVED,Project_NCF_Con (2),AI33,=SUM(AH$5:$AH33)*(A33<=Ec_IO!$D$22),
REMOVED,Project_NCF_Con (2),AI34,=SUM(AH$5:$AH34)*(A34<=Ec_IO!$D$22),
REMOVED,Project_NCF_Con (2),AI35,=SUM(AH$5:$AH35)*(A35<=Ec_IO!$D$22),
REMOVED,Project_NCF_Con (2),AI36,=SUM(AH$5:$AH36)*(A36<=Ec_IO!$D$22),
REMOVED,Project_NCF_Con (2),AI37,=SUM(AH$5:$AH37)*(A37<=Ec_IO!$D$22),
REMOVED,Project_NCF_Con (2),AI38,=SUM(AH$5:$AH38)*(A38<=Ec_IO!$D$22),
REMOVED,Project_NCF_Con (2),AI39,=SUM(AH$5:$AH39)*(A39<=Ec_IO!$D$22),
REMOVED,Project_NCF_Con (2),AI40,=SUM(AH$5:$AH40)*(A40<=Ec_IO!$D$22),
REMOVED,Project_NCF_Con (2),AI41,=SUM(AH$5:$AH41)*(A41<=Ec_IO!$D$22),
REMOVED,Project_NCF_Con (2),AI42,=SUM(AH$5:$AH42)*(A42<=Ec_IO!$D$22),
REMOVED,Project_NCF_Con (2),AI43,=SUM(AH$5:$AH43)*(A43<=Ec_IO!$D$22),
REMOVED,Project_NCF_Con (2),AI44,=SUM(AH$5:$AH44)*(A44<=Ec_IO!$D$22),
REMOVED,Project_NCF_Con (2),AI45,=SUM(AH$5:$AH45)*(A45<=Ec_IO!$D$22),
REMOVED,Project_NCF_Con (2),AI46,=SUM(AH$5:$AH46)*(A46<=Ec_IO!$D$22),
REMOVED,Project_NCF_Con (2),AI47,=SUM(AH$5:$AH47)*(A47<=Ec_IO!$D$22),
REMOVED,Project_NCF_Con (2),AI48,=SUM(AH$5:$AH48)*(A48<=Ec_IO!$D$22),
REMOVED,Project_NCF_Con (2),AI49,=SUM(AH$5:$AH49)*(A49<=Ec_IO!$D$22),
REMOVED,Project_NCF_Con (2),AI5,=SUM(AH$5:$AH5)*(A5<=Ec_IO!$D$22),
REMOVED,Project_NCF_Con (2),AI53,=AH51-AH53,
REMOVED,Project_NCF_Con (2),AI6,=SUM(AH$5:$AH6)*(A6<=Ec_IO!$D$22),
REMOVED,Project_NCF_Con (2),AI7,=SUM(AH$5:$AH7)*(A7<=Ec_IO!$D$22),
REMOVED,Project_NCF_Con (2),AI8,=SUM(AH$5:$AH8)*(A8<=Ec_IO!$D$22),
REMOVED,Project_NCF_Con (2),AI9,=SUM(AH$5:$AH9)*(A9<=Ec_IO!$D$22),
REMOVED,Project_NCF_Con (2),AJ10,"=IF(AI10<0,1,IF(AND(AI9<0,AI10>0),(-AI9/(AI10-AI9)),0))",
REMOVED,Project_NCF_Con (2),AJ11,"=IF(AI11<0,1,IF(AND(AI10<0,AI11>0),(-AI10/(AI11-AI10)),0))",
REMOVED,Project_NCF_Con (2),AJ12,"=IF(AI12<0,1,IF(AND(AI11<0,AI12>0),(-AI11/(AI12-AI11)),0))",
REMOVED,Project_NCF_Con (2),AJ13,"=IF(AI13<0,1,IF(AND(AI12<0,AI13>0),(-AI12/(AI13-AI12)),0))",
REMOVED,Project_NCF_Con (2),AJ14,"=IF(AI14<0,1,IF(AND(AI13<0,AI14>0),(-AI13/(AI14-AI13)),0))",
REMOVED,Project_NCF_Con (2),AJ15,"=IF(AI15<0,1,IF(AND(AI14<0,AI15>0),(-AI14/(AI15-AI14)),0))",
REMOVED,Project_NCF_Con (2),AJ16,"=IF(AI16<0,1,IF(AND(AI15<0,AI16>0),(-AI15/(AI16-AI15)),0))",
REMOVED,Project_NCF_Con (2),AJ17,"=IF(AI17<0,1,IF(AND(AI16<0,AI17>0),(-AI16/(AI17-AI16)),0))",
REMOVED,Project_NCF_Con (2),AJ18,"=IF(AI18<0,1,IF(AND(AI17<0,AI18>0),(-AI17/(AI18-AI17)),0))",
REMOVED,Project_NCF_Con (2),AJ19,"=IF(AI19<0,1,IF(AND(AI18<0,AI19>0),(-AI18/(AI19-AI18)),0))",
REMOVED,Project_NCF_Con (2),AJ20,"=IF(AI20<0,1,IF(AND(AI19<0,AI20>0),(-AI19/(AI20-AI19)),0))",
REMOVED,Project_NCF_Con (2),AJ21,"=IF(AI21<0,1,IF(AND(AI20<0,AI21>0),(-AI20/(AI21-AI20)),0))",
REMOVED,Project_NCF_Con (2),AJ22,"=IF(AI22<0,1,IF(AND(AI21<0,AI22>0),(-AI21/(AI22-AI21)),0))",
REMOVED,Project_NCF_Con (2),AJ23,"=IF(AI23<0,1,IF(AND(AI22<0,AI23>0),(-AI22/(AI23-AI22)),0))",
REMOVED,Project_NCF_Con (2),AJ24,"=IF(AI24<0,1,IF(AND(AI23<0,AI24>0),(-AI23/(AI24-AI23)),0))",
REMOVED,Project_NCF_Con (2),AJ25,"=IF(AI25<0,1,IF(AND(AI24<0,AI25>0),(-AI24/(AI25-AI24)),0))",
REMOVED,Project_NCF_Con (2),AJ26,"=IF(AI26<0,1,IF(AND(AI25<0,AI26>0),(-AI25/(AI26-AI25)),0))",
REMOVED,Project_NCF_Con (2),AJ27,"=IF(AI27<0,1,IF(AND(AI26<0,AI27>0),(-AI26/(AI27-AI26)),0))",
REMOVED,Project_NCF_Con (2),AJ28,"=IF(AI28<0,1,IF(AND(AI27<0,AI28>0),(-AI27/(AI28-AI27)),0))",
REMOVED,Project_NCF_Con (2),AJ29,"=IF(AI29<0,1,IF(AND(AI28<0,AI29>0),(-AI28/(AI29-AI28)),0))",
REMOVED,Project_NCF_Con (2),AJ30,"=IF(AI30<0,1,IF(AND(AI29<0,AI30>0),(-AI29/(AI30-AI29)),0))",
REMOVED,Project_NCF_Con (2),AJ31,"=IF(AI31<0,1,IF(AND(AI30<0,AI31>0),(-AI30/(AI31-AI30)),0))",
REMOVED,Project_NCF_Con (2),AJ32,"=IF(AI32<0,1,IF(AND(AI31<0,AI32>0),(-AI31/(AI32-AI31)),0))",
REMOVED,Project_NCF_Con (2),AJ33,"=IF(AI33<0,1,IF(AND(AI32<0,AI33>0),(-AI32/(AI33-AI32)),0))",
REMOVED,Project_NCF_Con (2),AJ34,"=IF(AI34<0,1,IF(AND(AI33<0,AI34>0),(-AI33/(AI34-AI33)),0))",
REMOVED,Project_NCF_Con (2),AJ35,"=IF(AI35<0,1,IF(AND(AI34<0,AI35>0),(-AI34/(AI35-AI34)),0))",
REMOVED,Project_NCF_Con (2),AJ36,"=IF(AI36<0,1,IF(AND(AI35<0,AI36>0),(-AI35/(AI36-AI35)),0))",
REMOVED,Project_NCF_Con (2),AJ37,"=IF(AI37<0,1,IF(AND(AI36<0,AI37>0),(-AI36/(AI37-AI36)),0))",
REMOVED,Project_NCF_Con (2),AJ38,"=IF(AI38<0,1,IF(AND(AI37<0,AI38>0),(-AI37/(AI38-AI37)),0))",
REMOVED,Project_NCF_Con (2),AJ39,"=IF(AI39<0,1,IF(AND(AI38<0,AI39>0),(-AI38/(AI39-AI38)),0))",
REMOVED,Project_NCF_Con (2),AJ40,"=IF(AI40<0,1,IF(AND(AI39<0,AI40>0),(-AI39/(AI40-AI39)),0))",
REMOVED,Project_NCF_Con (2),AJ41,"=IF(AI41<0,1,IF(AND(AI40<0,AI41>0),(-AI40/(AI41-AI40)),0))",
REMOVED,Project_NCF_Con (2),AJ42,"=IF(AI42<0,1,IF(AND(AI41<0,AI42>0),(-AI41/(AI42-AI41)),0))",
REMOVED,Project_NCF_Con (2),AJ43,"=IF(AI43<0,1,IF(AND(AI42<0,AI43>0),(-AI42/(AI43-AI42)),0))",
REMOVED,Project_NCF_Con (2),AJ44,"=IF(AI44<0,1,IF(AND(AI43<0,AI44>0),(-AI43/(AI44-AI43)),0))",
REMOVED,Project_NCF_Con (2),AJ45,"=IF(AI45<0,1,IF(AND(AI44<0,AI45>0),(-AI44/(AI45-AI44)),0))",
REMOVED,Project_NCF_Con (2),AJ46,"=IF(AI46<0,1,IF(AND(AI45<0,AI46>0),(-AI45/(AI46-AI45)),0))",
REMOVED,Project_NCF_Con (2),AJ47,"=IF(AI47<0,1,IF(AND(AI46<0,AI47>0),(-AI46/(AI47-AI46)),0))",
REMOVED,Project_NCF_Con (2),AJ48,"=IF(AI48<0,1,IF(AND(AI47<0,AI48>0),(-AI47/(AI48-AI47)),0))",
REMOVED,Project_NCF_Con (2),AJ49,"=IF(AI49<0,1,IF(AND(AI48<0,AI49>0),(-AI48/(AI49-AI48)),0))",
REMOVED,Project_NCF_Con (2),AJ5,"=IF(AI5<0,1,IF(AND(AI4<0,AI5>0),(-AI4/(AI5-AI4)),0))",
REMOVED,Project_NCF_Con (2),AJ51,=SUM(AJ5:AJ49),
REMOVED,Project_NCF_Con (2),AJ6,"=IF(AI6<0,1,IF(AND(AI5<0,AI6>0),(-AI5/(AI6-AI5)),0))",
REMOVED,Project_NCF_Con (2),AJ7,"=IF(AI7<0,1,IF(AND(AI6<0,AI7>0),(-AI6/(AI7-AI6)),0))",
REMOVED,Project_NCF_Con (2),AJ8,"=IF(AI8<0,1,IF(AND(AI7<0,AI8>0),(-AI7/(AI8-AI7)),0))",
REMOVED,Project_NCF_Con (2),AJ9,"=IF(AI9<0,1,IF(AND(AI8<0,AI9>0),(-AI8/(AI9-AI8)),0))",
REMOVED,Project_NCF_Con (2),AM59,=AK59*(1+Ec_IO!$C$15*(100%+Analysis!$N$14))^(A9-$A$8),
REMOVED,Project_NCF_Con (2),AN43,=,
REMOVED,Project_NCF_Con (2),AN44,=,
REMOVED,Project_NCF_Con (2),AN45,=,
REMOVED,Project_NCF_Con (2),AN46,=,
REMOVED,Project_NCF_Con (2),AN47,=,
REMOVED,Project_NCF_Con (2),AN48,=,
REMOVED,Project_NCF_Con (2),AN49,=,
REMOVED,Project_NCF_Con (2),AN50,=,
REMOVED,Project_NCF_Con (2),AN51,=,
REMOVED,Project_NCF_Con (2),AN52,=,
REMOVED,Project_NCF_Con (2),AN53,=,
REMOVED,Project_NCF_Con (2),AN54,=,
REMOVED,Project_NCF_Con (2),AN55,=,
REMOVED,Project_NCF_Con (2),AN56,=,
REMOVED,Project_NCF_Con (2),AO43,=,
REMOVED,Project_NCF_Con (2),AO44,=,
REMOVED,Project_NCF_Con (2),AO45,=,
REMOVED,Project_NCF_Con (2),AO46,=,
REMOVED,Project_NCF_Con (2),AO47,=,
REMOVED,Project_NCF_Con (2),AO48,=,
REMOVED,Project_NCF_Con (2),AO49,=,
REMOVED,Project_NCF_Con (2),AO50,=,
REMOVED,Project_NCF_Con (2),AO51,=,
REMOVED,Project_NCF_Con (2),AO52,=,
REMOVED,Project_NCF_Con (2),AO53,=,
REMOVED,Project_NCF_Con (2),AO54,=,
REMOVED,Project_NCF_Con (2),AO55,=,
REMOVED,Project_NCF_Con (2),AO56,=,
REMOVED,Project_NCF_Con (2),AU12,=IRR(AF5:AF40),
REMOVED,Project_NCF_Con (2),AU14,=IRR(AK5:AK49),
REMOVED,Project_NCF_Con (2),B1,=FLGT!J3,
REMOVED,Project_NCF_Con (2),B10,=CIT_NCF_Oil!B10+CIT_NCF_Gas!B10,
REMOVED,Project_NCF_Con (2),B11,=CIT_NCF_Oil!B11+CIT_NCF_Gas!B11,
REMOVED,Project_NCF_Con (2),B12,=CIT_NCF_Oil!B12+CIT_NCF_Gas!B12,
REMOVED,Project_NCF_Con (2),B13,=CIT_NCF_Oil!B13+CIT_NCF_Gas!B13,
REMOVED,Project_NCF_Con (2),B14,=CIT_NCF_Oil!B14+CIT_NCF_Gas!B14,
REMOVED,Project_NCF_Con (2),B15,=CIT_NCF_Oil!B15+CIT_NCF_Gas!B15,
REMOVED,Project_NCF_Con (2),B16,=CIT_NCF_Oil!B16+CIT_NCF_Gas!B16,
REMOVED,Project_NCF_Con (2),B17,=CIT_NCF_Oil!B17+CIT_NCF_Gas!B17,
REMOVED,Project_NCF_Con (2),B18,=CIT_NCF_Oil!B18+CIT_NCF_Gas!B18,
REMOVED,Project_NCF_Con (2),B19,=CIT_NCF_Oil!B19+CIT_NCF_Gas!B19,
REMOVED,Project_NCF_Con (2),B20,=CIT_NCF_Oil!B20+CIT_NCF_Gas!B20,
REMOVED,Project_NCF_Con (2),B21,=CIT_NCF_Oil!B21+CIT_NCF_Gas!B21,
REMOVED,Project_NCF_Con (2),B22,=CIT_NCF_Oil!B22+CIT_NCF_Gas!B22,
REMOVED,Project_NCF_Con (2),B23,=CIT_NCF_Oil!B23+CIT_NCF_Gas!B23,
REMOVED,Project_NCF_Con (2),B24,=CIT_NCF_Oil!B24+CIT_NCF_Gas!B24,
REMOVED,Project_NCF_Con (2),B25,=CIT_NCF_Oil!B25+CIT_NCF_Gas!B25,
REMOVED,Project_NCF_Con (2),B26,=CIT_NCF_Oil!B26+CIT_NCF_Gas!B26,
REMOVED,Project_NCF_Con (2),B27,=CIT_NCF_Oil!B27+CIT_NCF_Gas!B27,
REMOVED,Project_NCF_Con (2),B28,=CIT_NCF_Oil!B28+CIT_NCF_Gas!B28,
REMOVED,Project_NCF_Con (2),B29,=CIT_NCF_Oil!B29+CIT_NCF_Gas!B29,
REMOVED,Project_NCF_Con (2),B30,=CIT_NCF_Oil!B30+CIT_NCF_Gas!B30,
REMOVED,Project_NCF_Con (2),B31,=CIT_NCF_Oil!B31+CIT_NCF_Gas!B31,
REMOVED,Project_NCF_Con (2),B32,=CIT_NCF_Oil!B32+CIT_NCF_Gas!B32,
REMOVED,Project_NCF_Con (2),B33,=CIT_NCF_Oil!B33+CIT_NCF_Gas!B33,
REMOVED,Project_NCF_Con (2),B34,=CIT_NCF_Oil!B34+CIT_NCF_Gas!B34,
REMOVED,Project_NCF_Con (2),B35,=CIT_NCF_Oil!B35+CIT_NCF_Gas!B35,
REMOVED,Project_NCF_Con (2),B36,=CIT_NCF_Oil!B36+CIT_NCF_Gas!B36,
REMOVED,Project_NCF_Con (2),B37,=CIT_NCF_Oil!B37+CIT_NCF_Gas!B37,
REMOVED,Project_NCF_Con (2),B38,=CIT_NCF_Oil!B38+CIT_NCF_Gas!B38,
REMOVED,Project_NCF_Con (2),B39,=CIT_NCF_Oil!B39+CIT_NCF_Gas!B39,
REMOVED,Project_NCF_Con (2),B40,=CIT_NCF_Oil!B40+CIT_NCF_Gas!B40,
REMOVED,Project_NCF_Con (2),B41,=CIT_NCF_Oil!B41+CIT_NCF_Gas!B41,
REMOVED,Project_NCF_Con (2),B42,=CIT_NCF_Oil!B42+CIT_NCF_Gas!B42,
REMOVED,Project_NCF_Con (2),B43,=CIT_NCF_Oil!B43+CIT_NCF_Gas!B43,
REMOVED,Project_NCF_Con (2),B44,=CIT_NCF_Oil!B44+CIT_NCF_Gas!B44,
REMOVED,Project_NCF_Con (2),B45,=CIT_NCF_Oil!B45+CIT_NCF_Gas!B45,
REMOVED,Project_NCF_Con (2),B46,=CIT_NCF_Oil!B46+CIT_NCF_Gas!B46,
REMOVED,Project_NCF_Con (2),B47,=CIT_NCF_Oil!B47+CIT_NCF_Gas!B47,
REMOVED,Project_NCF_Con (2),B48,=CIT_NCF_Oil!B48+CIT_NCF_Gas!B48,
REMOVED,Project_NCF_Con (2),B49,=CIT_NCF_Oil!B49+CIT_NCF_Gas!B49,
REMOVED,Project_NCF_Con (2),B5,=CIT_NCF_Oil!B5+CIT_NCF_Gas!B5,
REMOVED,Project_NCF_Con (2),B51,=SUM(B5:B49),
REMOVED,Project_NCF_Con (2),B6,=CIT_NCF_Oil!B6+CIT_NCF_Gas!B6,
REMOVED,Project_NCF_Con (2),B7,=CIT_NCF_Oil!B7+CIT_NCF_Gas!B7,
REMOVED,Project_NCF_Con (2),B8,=CIT_NCF_Oil!B8+CIT_NCF_Gas!B8,
REMOVED,Project_NCF_Con (2),B9,=CIT_NCF_Oil!B9+CIT_NCF_Gas!B9,
REMOVED,Project_NCF_Con (2),C1,=Ec_IO!G22,
REMOVED,Project_NCF_Con (2),E10,=CIT_NCF_Gas!E10,
REMOVED,Project_NCF_Con (2),E11,=CIT_NCF_Gas!E11,
REMOVED,Project_NCF_Con (2),E12,=CIT_NCF_Gas!E12,
REMOVED,Project_NCF_Con (2),E13,=CIT_NCF_Gas!E13,
REMOVED,Project_NCF_Con (2),E14,=CIT_NCF_Gas!E14,
REMOVED,Project_NCF_Con (2),E15,=CIT_NCF_Gas!E15,
REMOVED,Project_NCF_Con (2),E16,=CIT_NCF_Gas!E16,
REMOVED,Project_NCF_Con (2),E17,=CIT_NCF_Gas!E17,
REMOVED,Project_NCF_Con (2),E18,=CIT_NCF_Gas!E18,
REMOVED,Project_NCF_Con (2),E19,=CIT_NCF_Gas!E19,
REMOVED,Project_NCF_Con (2),E20,=CIT_NCF_Gas!E20,
REMOVED,Project_NCF_Con (2),E21,=CIT_NCF_Gas!E21,
REMOVED,Project_NCF_Con (2),E22,=CIT_NCF_Gas!E22,
REMOVED,Project_NCF_Con (2),E23,=CIT_NCF_Gas!E23,
REMOVED,Project_NCF_Con (2),E24,=CIT_NCF_Gas!E24,
REMOVED,Project_NCF_Con (2),E25,=CIT_NCF_Gas!E25,
REMOVED,Project_NCF_Con (2),E26,=CIT_NCF_Gas!E26,
REMOVED,Project_NCF_Con (2),E27,=CIT_NCF_Gas!E27,
REMOVED,Project_NCF_Con (2),E28,=CIT_NCF_Gas!E28,
REMOVED,Project_NCF_Con (2),E29,=CIT_NCF_Gas!E29,
REMOVED,Project_NCF_Con (2),E30,=CIT_NCF_Gas!E30,
REMOVED,Project_NCF_Con (2),E31,=CIT_NCF_Gas!E31,
REMOVED,Project_NCF_Con (2),E32,=CIT_NCF_Gas!E32,
REMOVED,Project_NCF_Con (2),E33,=CIT_NCF_Gas!E33,
REMOVED,Project_NCF_Con (2),E34,=CIT_NCF_Gas!E34,
REMOVED,Project_NCF_Con (2),E35,=CIT_NCF_Gas!E35,
REMOVED,Project_NCF_Con (2),E36,=CIT_NCF_Gas!E36,
REMOVED,Project_NCF_Con (2),E37,=CIT_NCF_Gas!E37,
REMOVED,Project_NCF_Con (2),E38,=CIT_NCF_Gas!E38,
REMOVED,Project_NCF_Con (2),E39,=CIT_NCF_Gas!E39,
REMOVED,Project_NCF_Con (2),E40,=CIT_NCF_Gas!E40,
REMOVED,Project_NCF_Con (2),E41,=CIT_NCF_Gas!E41,
REMOVED,Project_NCF_Con (2),E42,=CIT_NCF_Gas!E42,
REMOVED,Project_NCF_Con (2),E43,=CIT_NCF_Gas!E43,
REMOVED,Project_NCF_Con (2),E44,=CIT_NCF_Gas!E44,
REMOVED,Project_NCF_Con (2),E45,=CIT_NCF_Gas!E45,
REMOVED,Project_NCF_Con (2),E46,=CIT_NCF_Gas!E46,
REMOVED,Project_NCF_Con (2),E47,=CIT_NCF_Gas!E47,
REMOVED,Project_NCF_Con (2),E48,=CIT_NCF_Gas!E48,
REMOVED,Project_NCF_Con (2),E49,=CIT_NCF_Gas!E49,
REMOVED,Project_NCF_Con (2),E5,=CIT_NCF_Gas!E5,
REMOVED,Project_NCF_Con (2),E51,=SUM(E5:E49),
REMOVED,Project_NCF_Con (2),E6,=CIT_NCF_Gas!E6,
REMOVED,Project_NCF_Con (2),E7,=CIT_NCF_Gas!E7,
REMOVED,Project_NCF_Con (2),E8,=CIT_NCF_Gas!E8,
REMOVED,Project_NCF_Con (2),E9,=CIT_NCF_Gas!E9,
REMOVED,Project_NCF_Con (2),F1,=Royalties!E1,
REMOVED,Project_NCF_Con (2),F10,=CIT_NCF_Oil!F10+CIT_NCF_Gas!F10,
REMOVED,Project_NCF_Con (2),F11,=CIT_NCF_Oil!F11+CIT_NCF_Gas!F11,
REMOVED,Project_NCF_Con (2),F12,=CIT_NCF_Oil!F12+CIT_NCF_Gas!F12,
REMOVED,Project_NCF_Con (2),F13,=CIT_NCF_Oil!F13+CIT_NCF_Gas!F13,
REMOVED,Project_NCF_Con (2),F14,=CIT_NCF_Oil!F14+CIT_NCF_Gas!F14,
REMOVED,Project_NCF_Con (2),F15,=CIT_NCF_Oil!F15+CIT_NCF_Gas!F15,
REMOVED,Project_NCF_Con (2),F16,=CIT_NCF_Oil!F16+CIT_NCF_Gas!F16,
REMOVED,Project_NCF_Con (2),F17,=CIT_NCF_Oil!F17+CIT_NCF_Gas!F17,
REMOVED,Project_NCF_Con (2),F18,=CIT_NCF_Oil!F18+CIT_NCF_Gas!F18,
REMOVED,Project_NCF_Con (2),F19,=CIT_NCF_Oil!F19+CIT_NCF_Gas!F19,
REMOVED,Project_NCF_Con (2),F20,=CIT_NCF_Oil!F20+CIT_NCF_Gas!F20,
REMOVED,Project_NCF_Con (2),F21,=CIT_NCF_Oil!F21+CIT_NCF_Gas!F21,
REMOVED,Project_NCF_Con (2),F22,=CIT_NCF_Oil!F22+CIT_NCF_Gas!F22,
REMOVED,Project_NCF_Con (2),F23,=CIT_NCF_Oil!F23+CIT_NCF_Gas!F23,
REMOVED,Project_NCF_Con (2),F24,=CIT_NCF_Oil!F24+CIT_NCF_Gas!F24,
REMOVED,Project_NCF_Con (2),F25,=CIT_NCF_Oil!F25+CIT_NCF_Gas!F25,
REMOVED,Project_NCF_Con (2),F26,=CIT_NCF_Oil!F26+CIT_NCF_Gas!F26,
REMOVED,Project_NCF_Con (2),F27,=CIT_NCF_Oil!F27+CIT_NCF_Gas!F27,
REMOVED,Project_NCF_Con (2),F28,=CIT_NCF_Oil!F28+CIT_NCF_Gas!F28,
REMOVED,Project_NCF_Con (2),F29,=CIT_NCF_Oil!F29+CIT_NCF_Gas!F29,
REMOVED,Project_NCF_Con (2),F3,=FLGT!AE3,
REMOVED,Project_NCF_Con (2),F30,=FLGT!AE30,
REMOVED,Project_NCF_Con (2),F31,=FLGT!AE31,
REMOVED,Project_NCF_Con (2),F32,=FLGT!AE32,
REMOVED,Project_NCF_Con (2),F33,=FLGT!AE33,
REMOVED,Project_NCF_Con (2),F34,=FLGT!AE34,
REMOVED,Project_NCF_Con (2),F35,=FLGT!AE35,
REMOVED,Project_NCF_Con (2),F36,=FLGT!AE36,
REMOVED,Project_NCF_Con (2),F37,=FLGT!AE37,
REMOVED,Project_NCF_Con (2),F38,=FLGT!AE38,
REMOVED,Project_NCF_Con (2),F39,=FLGT!AE39,
REMOVED,Project_NCF_Con (2),F4,=FLGT!AE4,
REMOVED,Project_NCF_Con (2),F40,=FLGT!AE40,
REMOVED,Project_NCF_Con (2),F41,=FLGT!AE41,
REMOVED,Project_NCF_Con (2),F42,=FLGT!AE42,
REMOVED,Project_NCF_Con (2),F43,=FLGT!AE43,
REMOVED,Project_NCF_Con (2),F44,=FLGT!AE44,
REMOVED,Project_NCF_Con (2),F45,=FLGT!AE45,
REMOVED,Project_NCF_Con (2),F46,=FLGT!AE46,
REMOVED,Project_NCF_Con (2),F47,=FLGT!AE47,
REMOVED,Project_NCF_Con (2),F48,=FLGT!AE48,
REMOVED,Project_NCF_Con (2),F49,=FLGT!AE49,
REMOVED,Project_NCF_Con (2),F5,=CIT_NCF_Oil!F5+CIT_NCF_Gas!F5,
REMOVED,Project_NCF_Con (2),F51,=SUM(F5:F49),
REMOVED,Project_NCF_Con (2),F6,=CIT_NCF_Oil!F6+CIT_NCF_Gas!F6,
REMOVED,Project_NCF_Con (2),F7,=CIT_NCF_Oil!F7+CIT_NCF_Gas!F7,
REMOVED,Project_NCF_Con (2),F8,=CIT_NCF_Oil!F8+CIT_NCF_Gas!F8,
REMOVED,Project_NCF_Con (2),F9,=CIT_NCF_Oil!F9+CIT_NCF_Gas!F9,
REMOVED,Project_NCF_Con (2),G10,=CIT_NCF_Oil!G10+CIT_NCF_Gas!G10,
REMOVED,Project_NCF_Con (2),G11,=CIT_NCF_Oil!G11+CIT_NCF_Gas!G11,
REMOVED,Project_NCF_Con (2),G12,=CIT_NCF_Oil!G12+CIT_NCF_Gas!G12,
REMOVED,Project_NCF_Con (2),G13,=CIT_NCF_Oil!G13+CIT_NCF_Gas!G13,
REMOVED,Project_NCF_Con (2),G14,=CIT_NCF_Oil!G14+CIT_NCF_Gas!G14,
REMOVED,Project_NCF_Con (2),G15,=CIT_NCF_Oil!G15+CIT_NCF_Gas!G15,
REMOVED,Project_NCF_Con (2),G16,=CIT_NCF_Oil!G16+CIT_NCF_Gas!G16,
REMOVED,Project_NCF_Con (2),G17,=CIT_NCF_Oil!G17+CIT_NCF_Gas!G17,
REMOVED,Project_NCF_Con (2),G18,=CIT_NCF_Oil!G18+CIT_NCF_Gas!G18,
REMOVED,Project_NCF_Con (2),G19,=CIT_NCF_Oil!G19+CIT_NCF_Gas!G19,
REMOVED,Project_NCF_Con (2),G20,=CIT_NCF_Oil!G20+CIT_NCF_Gas!G20,
REMOVED,Project_NCF_Con (2),G21,=CIT_NCF_Oil!G21+CIT_NCF_Gas!G21,
REMOVED,Project_NCF_Con (2),G22,=CIT_NCF_Oil!G22+CIT_NCF_Gas!G22,
REMOVED,Project_NCF_Con (2),G23,=CIT_NCF_Oil!G23+CIT_NCF_Gas!G23,
REMOVED,Project_NCF_Con (2),G24,=CIT_NCF_Oil!G24+CIT_NCF_Gas!G24,
REMOVED,Project_NCF_Con (2),G25,=CIT_NCF_Oil!G25+CIT_NCF_Gas!G25,
REMOVED,Project_NCF_Con (2),G26,=CIT_NCF_Oil!G26+CIT_NCF_Gas!G26,
REMOVED,Project_NCF_Con (2),G27,=CIT_NCF_Oil!G27+CIT_NCF_Gas!G27,
REMOVED,Project_NCF_Con (2),G28,=CIT_NCF_Oil!G28+CIT_NCF_Gas!G28,
REMOVED,Project_NCF_Con (2),G29,=CIT_NCF_Oil!G29+CIT_NCF_Gas!G29,
REMOVED,Project_NCF_Con (2),G3,=FLGT!AB3,
REMOVED,Project_NCF_Con (2),G30,=CIT_NCF_Oil!G30+CIT_NCF_Gas!G30,
REMOVED,Project_NCF_Con (2),G31,=CIT_NCF_Oil!G31+CIT_NCF_Gas!G31,
REMOVED,Project_NCF_Con (2),G32,=CIT_NCF_Oil!G32+CIT_NCF_Gas!G32,
REMOVED,Project_NCF_Con (2),G33,=CIT_NCF_Oil!G33+CIT_NCF_Gas!G33,
REMOVED,Project_NCF_Con (2),G34,=CIT_NCF_Oil!G34+CIT_NCF_Gas!G34,
REMOVED,Project_NCF_Con (2),G35,=CIT_NCF_Oil!G35+CIT_NCF_Gas!G35,
REMOVED,Project_NCF_Con (2),G36,=CIT_NCF_Oil!G36+CIT_NCF_Gas!G36,
REMOVED,Project_NCF_Con (2),G37,=CIT_NCF_Oil!G37+CIT_NCF_Gas!G37,
REMOVED,Project_NCF_Con (2),G38,=CIT_NCF_Oil!G38+CIT_NCF_Gas!G38,
REMOVED,Project_NCF_Con (2),G39,=CIT_NCF_Oil!G39+CIT_NCF_Gas!G39,
REMOVED,Project_NCF_Con (2),G4,=FLGT!AB4,
REMOVED,Project_NCF_Con (2),G40,=CIT_NCF_Oil!G40+CIT_NCF_Gas!G40,
REMOVED,Project_NCF_Con (2),G41,=CIT_NCF_Oil!G41+CIT_NCF_Gas!G41,
REMOVED,Project_NCF_Con (2),G42,=CIT_NCF_Oil!G42+CIT_NCF_Gas!G42,
REMOVED,Project_NCF_Con (2),G43,=CIT_NCF_Oil!G43+CIT_NCF_Gas!G43,
REMOVED,Project_NCF_Con (2),G44,=CIT_NCF_Oil!G44+CIT_NCF_Gas!G44,
REMOVED,Project_NCF_Con (2),G45,=CIT_NCF_Oil!G45+CIT_NCF_Gas!G45,
REMOVED,Project_NCF_Con (2),G46,=CIT_NCF_Oil!G46+CIT_NCF_Gas!G46,
REMOVED,Project_NCF_Con (2),G47,=CIT_NCF_Oil!G47+CIT_NCF_Gas!G47,
REMOVED,Project_NCF_Con (2),G48,=CIT_NCF_Oil!G48+CIT_NCF_Gas!G48,
REMOVED,Project_NCF_Con (2),G49,=CIT_NCF_Oil!G49+CIT_NCF_Gas!G49,
REMOVED,Project_NCF_Con (2),G5,=CIT_NCF_Oil!G5+CIT_NCF_Gas!G5,
REMOVED,Project_NCF_Con (2),G51,=SUM(G5:G49),
REMOVED,Project_NCF_Con (2),G6,=CIT_NCF_Oil!G6+CIT_NCF_Gas!G6,
REMOVED,Project_NCF_Con (2),G7,=CIT_NCF_Oil!G7+CIT_NCF_Gas!G7,
REMOVED,Project_NCF_Con (2),G8,=CIT_NCF_Oil!G8+CIT_NCF_Gas!G8,
REMOVED,Project_NCF_Con (2),G9,=CIT_NCF_Oil!G9+CIT_NCF_Gas!G9,
REMOVED,Project_NCF_Con (2),H1,=Ec_IO!G21,
REMOVED,Project_NCF_Con (2),H10,=CIT_NCF_Oil!H10+CIT_NCF_Gas!H10,
REMOVED,Project_NCF_Con (2),H11,=CIT_NCF_Oil!H11+CIT_NCF_Gas!H11,
REMOVED,Project_NCF_Con (2),H12,=CIT_NCF_Oil!H12+CIT_NCF_Gas!H12,
REMOVED,Project_NCF_Con (2),H13,=CIT_NCF_Oil!H13+CIT_NCF_Gas!H13,
REMOVED,Project_NCF_Con (2),H14,=CIT_NCF_Oil!H14+CIT_NCF_Gas!H14,
REMOVED,Project_NCF_Con (2),H15,=CIT_NCF_Oil!H15+CIT_NCF_Gas!H15,
REMOVED,Project_NCF_Con (2),H16,=CIT_NCF_Oil!H16+CIT_NCF_Gas!H16,
REMOVED,Project_NCF_Con (2),H17,=CIT_NCF_Oil!H17+CIT_NCF_Gas!H17,
REMOVED,Project_NCF_Con (2),H18,=CIT_NCF_Oil!H18+CIT_NCF_Gas!H18,
REMOVED,Project_NCF_Con (2),H19,=CIT_NCF_Oil!H19+CIT_NCF_Gas!H19,
REMOVED,Project_NCF_Con (2),H20,=CIT_NCF_Oil!H20+CIT_NCF_Gas!H20,
REMOVED,Project_NCF_Con (2),H21,=CIT_NCF_Oil!H21+CIT_NCF_Gas!H21,
REMOVED,Project_NCF_Con (2),H22,=CIT_NCF_Oil!H22+CIT_NCF_Gas!H22,
REMOVED,Project_NCF_Con (2),H23,=CIT_NCF_Oil!H23+CIT_NCF_Gas!H23,
REMOVED,Project_NCF_Con (2),H24,=CIT_NCF_Oil!H24+CIT_NCF_Gas!H24,
REMOVED,Project_NCF_Con (2),H25,=CIT_NCF_Oil!H25+CIT_NCF_Gas!H25,
REMOVED,Project_NCF_Con (2),H26,=CIT_NCF_Oil!H26+CIT_NCF_Gas!H26,
REMOVED,Project_NCF_Con (2),H27,=CIT_NCF_Oil!H27+CIT_NCF_Gas!H27,
REMOVED,Project_NCF_Con (2),H28,=CIT_NCF_Oil!H28+CIT_NCF_Gas!H28,
REMOVED,Project_NCF_Con (2),H29,=CIT_NCF_Oil!H29+CIT_NCF_Gas!H29,
REMOVED,Project_NCF_Con (2),H3,=FLGT!AC3,
REMOVED,Project_NCF_Con (2),H30,=CIT_NCF_Oil!H30+CIT_NCF_Gas!H30,
REMOVED,Project_NCF_Con (2),H31,=CIT_NCF_Oil!H31+CIT_NCF_Gas!H31,
REMOVED,Project_NCF_Con (2),H32,=CIT_NCF_Oil!H32+CIT_NCF_Gas!H32,
REMOVED,Project_NCF_Con (2),H33,=CIT_NCF_Oil!H33+CIT_NCF_Gas!H33,
REMOVED,Project_NCF_Con (2),H34,=CIT_NCF_Oil!H34+CIT_NCF_Gas!H34,
REMOVED,Project_NCF_Con (2),H35,=CIT_NCF_Oil!H35+CIT_NCF_Gas!H35,
REMOVED,Project_NCF_Con (2),H36,=CIT_NCF_Oil!H36+CIT_NCF_Gas!H36,
REMOVED,Project_NCF_Con (2),H37,=CIT_NCF_Oil!H37+CIT_NCF_Gas!H37,
REMOVED,Project_NCF_Con (2),H38,=CIT_NCF_Oil!H38+CIT_NCF_Gas!H38,
REMOVED,Project_NCF_Con (2),H39,=CIT_NCF_Oil!H39+CIT_NCF_Gas!H39,
REMOVED,Project_NCF_Con (2),H4,=FLGT!AC4,
REMOVED,Project_NCF_Con (2),H40,=CIT_NCF_Oil!H40+CIT_NCF_Gas!H40,
REMOVED,Project_NCF_Con (2),H41,=CIT_NCF_Oil!H41+CIT_NCF_Gas!H41,
REMOVED,Project_NCF_Con (2),H42,=CIT_NCF_Oil!H42+CIT_NCF_Gas!H42,
REMOVED,Project_NCF_Con (2),H43,=CIT_NCF_Oil!H43+CIT_NCF_Gas!H43,
REMOVED,Project_NCF_Con (2),H44,=CIT_NCF_Oil!H44+CIT_NCF_Gas!H44,
REMOVED,Project_NCF_Con (2),H45,=CIT_NCF_Oil!H45+CIT_NCF_Gas!H45,
REMOVED,Project_NCF_Con (2),H46,=CIT_NCF_Oil!H46+CIT_NCF_Gas!H46,
REMOVED,Project_NCF_Con (2),H47,=CIT_NCF_Oil!H47+CIT_NCF_Gas!H47,
REMOVED,Project_NCF_Con (2),H48,=CIT_NCF_Oil!H48+CIT_NCF_Gas!H48,
REMOVED,Project_NCF_Con (2),H49,=CIT_NCF_Oil!H49+CIT_NCF_Gas!H49,
REMOVED,Project_NCF_Con (2),H5,=CIT_NCF_Oil!H5+CIT_NCF_Gas!H5,
REMOVED,Project_NCF_Con (2),H51,=SUM(H5:H49),
REMOVED,Project_NCF_Con (2),H6,=CIT_NCF_Oil!H6+CIT_NCF_Gas!H6,
REMOVED,Project_NCF_Con (2),H7,=CIT_NCF_Oil!H7+CIT_NCF_Gas!H7,
REMOVED,Project_NCF_Con (2),H8,=CIT_NCF_Oil!H8+CIT_NCF_Gas!H8,
REMOVED,Project_NCF_Con (2),H9,=CIT_NCF_Oil!H9+CIT_NCF_Gas!H9,
REMOVED,Project_NCF_Con (2),I10,=CIT_NCF_Oil!I10+CIT_NCF_Gas!I10,
REMOVED,Project_NCF_Con (2),I11,=CIT_NCF_Oil!I11+CIT_NCF_Gas!I11,
REMOVED,Project_NCF_Con (2),I12,=CIT_NCF_Oil!I12+CIT_NCF_Gas!I12,
REMOVED,Project_NCF_Con (2),I13,=CIT_NCF_Oil!I13+CIT_NCF_Gas!I13,
REMOVED,Project_NCF_Con (2),I14,=CIT_NCF_Oil!I14+CIT_NCF_Gas!I14,
REMOVED,Project_NCF_Con (2),I15,=CIT_NCF_Oil!I15+CIT_NCF_Gas!I15,
REMOVED,Project_NCF_Con (2),I16,=CIT_NCF_Oil!I16+CIT_NCF_Gas!I16,
REMOVED,Project_NCF_Con (2),I17,=CIT_NCF_Oil!I17+CIT_NCF_Gas!I17,
REMOVED,Project_NCF_Con (2),I18,=CIT_NCF_Oil!I18+CIT_NCF_Gas!I18,
REMOVED,Project_NCF_Con (2),I19,=CIT_NCF_Oil!I19+CIT_NCF_Gas!I19,
REMOVED,Project_NCF_Con (2),I20,=CIT_NCF_Oil!I20+CIT_NCF_Gas!I20,
REMOVED,Project_NCF_Con (2),I21,=CIT_NCF_Oil!I21+CIT_NCF_Gas!I21,
REMOVED,Project_NCF_Con (2),I22,=CIT_NCF_Oil!I22+CIT_NCF_Gas!I22,
REMOVED,Project_NCF_Con (2),I23,=CIT_NCF_Oil!I23+CIT_NCF_Gas!I23,
REMOVED,Project_NCF_Con (2),I24,=CIT_NCF_Oil!I24+CIT_NCF_Gas!I24,
REMOVED,Project_NCF_Con (2),I25,=CIT_NCF_Oil!I25+CIT_NCF_Gas!I25,
REMOVED,Project_NCF_Con (2),I26,=CIT_NCF_Oil!I26+CIT_NCF_Gas!I26,
REMOVED,Project_NCF_Con (2),I27,=CIT_NCF_Oil!I27+CIT_NCF_Gas!I27,
REMOVED,Project_NCF_Con (2),I28,=CIT_NCF_Oil!I28+CIT_NCF_Gas!I28,
REMOVED,Project_NCF_Con (2),I29,=CIT_NCF_Oil!I29+CIT_NCF_Gas!I29,
REMOVED,Project_NCF_Con (2),I3,=FLGT!AD3,
REMOVED,Project_NCF_Con (2),I30,=CIT_NCF_Oil!I30+CIT_NCF_Gas!I30,
REMOVED,Project_NCF_Con (2),I31,=CIT_NCF_Oil!I31+CIT_NCF_Gas!I31,
REMOVED,Project_NCF_Con (2),I32,=CIT_NCF_Oil!I32+CIT_NCF_Gas!I32,
REMOVED,Project_NCF_Con (2),I33,=CIT_NCF_Oil!I33+CIT_NCF_Gas!I33,
REMOVED,Project_NCF_Con (2),I34,=CIT_NCF_Oil!I34+CIT_NCF_Gas!I34,
REMOVED,Project_NCF_Con (2),I35,=CIT_NCF_Oil!I35+CIT_NCF_Gas!I35,
REMOVED,Project_NCF_Con (2),I36,=CIT_NCF_Oil!I36+CIT_NCF_Gas!I36,
REMOVED,Project_NCF_Con (2),I37,=CIT_NCF_Oil!I37+CIT_NCF_Gas!I37,
REMOVED,Project_NCF_Con (2),I38,=CIT_NCF_Oil!I38+CIT_NCF_Gas!I38,
REMOVED,Project_NCF_Con (2),I39,=CIT_NCF_Oil!I39+CIT_NCF_Gas!I39,
REMOVED,Project_NCF_Con (2),I4,=FLGT!AD4,
REMOVED,Project_NCF_Con (2),I40,=CIT_NCF_Oil!I40+CIT_NCF_Gas!I40,
REMOVED,Project_NCF_Con (2),I41,=CIT_NCF_Oil!I41+CIT_NCF_Gas!I41,
REMOVED,Project_NCF_Con (2),I42,=CIT_NCF_Oil!I42+CIT_NCF_Gas!I42,
REMOVED,Project_NCF_Con (2),I43,=CIT_NCF_Oil!I43+CIT_NCF_Gas!I43,
REMOVED,Project_NCF_Con (2),I44,=CIT_NCF_Oil!I44+CIT_NCF_Gas!I44,
REMOVED,Project_NCF_Con (2),I45,=CIT_NCF_Oil!I45+CIT_NCF_Gas!I45,
REMOVED,Project_NCF_Con (2),I46,=CIT_NCF_Oil!I46+CIT_NCF_Gas!I46,
REMOVED,Project_NCF_Con (2),I47,=CIT_NCF_Oil!I47+CIT_NCF_Gas!I47,
REMOVED,Project_NCF_Con (2),I48,=CIT_NCF_Oil!I48+CIT_NCF_Gas!I48,
REMOVED,Project_NCF_Con (2),I49,=CIT_NCF_Oil!I49+CIT_NCF_Gas!I49,
REMOVED,Project_NCF_Con (2),I5,=CIT_NCF_Oil!I5+CIT_NCF_Gas!I5,
REMOVED,Project_NCF_Con (2),I51,=SUM(I5:I49),
REMOVED,Project_NCF_Con (2),I6,=CIT_NCF_Oil!I6+CIT_NCF_Gas!I6,
REMOVED,Project_NCF_Con (2),I7,=CIT_NCF_Oil!I7+CIT_NCF_Gas!I7,
REMOVED,Project_NCF_Con (2),I8,=CIT_NCF_Oil!I8+CIT_NCF_Gas!I8,
REMOVED,Project_NCF_Con (2),I9,=CIT_NCF_Oil!I9+CIT_NCF_Gas!I9,
REMOVED,Project_NCF_Con (2),J10,=CIT_NCF_Oil!J10+CIT_NCF_Gas!J10,
REMOVED,Project_NCF_Con (2),J11,=CIT_NCF_Oil!J11+CIT_NCF_Gas!J11,
REMOVED,Project_NCF_Con (2),J12,=CIT_NCF_Oil!J12+CIT_NCF_Gas!J12,
REMOVED,Project_NCF_Con (2),J13,=CIT_NCF_Oil!J13+CIT_NCF_Gas!J13,
REMOVED,Project_NCF_Con (2),J14,=CIT_NCF_Oil!J14+CIT_NCF_Gas!J14,
REMOVED,Project_NCF_Con (2),J15,=CIT_NCF_Oil!J15+CIT_NCF_Gas!J15,
REMOVED,Project_NCF_Con (2),J16,=CIT_NCF_Oil!J16+CIT_NCF_Gas!J16,
REMOVED,Project_NCF_Con (2),J17,=CIT_NCF_Oil!J17+CIT_NCF_Gas!J17,
REMOVED,Project_NCF_Con (2),J18,=CIT_NCF_Oil!J18+CIT_NCF_Gas!J18,
REMOVED,Project_NCF_Con (2),J19,=CIT_NCF_Oil!J19+CIT_NCF_Gas!J19,
REMOVED,Project_NCF_Con (2),J20,=CIT_NCF_Oil!J20+CIT_NCF_Gas!J20,
REMOVED,Project_NCF_Con (2),J21,=CIT_NCF_Oil!J21+CIT_NCF_Gas!J21,
REMOVED,Project_NCF_Con (2),J22,=CIT_NCF_Oil!J22+CIT_NCF_Gas!J22,
REMOVED,Project_NCF_Con (2),J23,=CIT_NCF_Oil!J23+CIT_NCF_Gas!J23,
REMOVED,Project_NCF_Con (2),J24,=CIT_NCF_Oil!J24+CIT_NCF_Gas!J24,
REMOVED,Project_NCF_Con (2),J25,=CIT_NCF_Oil!J25+CIT_NCF_Gas!J25,
REMOVED,Project_NCF_Con (2),J26,=CIT_NCF_Oil!J26+CIT_NCF_Gas!J26,
REMOVED,Project_NCF_Con (2),J27,=CIT_NCF_Oil!J27+CIT_NCF_Gas!J27,
REMOVED,Project_NCF_Con (2),J28,=CIT_NCF_Oil!J28+CIT_NCF_Gas!J28,
REMOVED,Project_NCF_Con (2),J29,=CIT_NCF_Oil!J29+CIT_NCF_Gas!J29,
REMOVED,Project_NCF_Con (2),J30,=CIT_NCF_Oil!J30+CIT_NCF_Gas!J30,
REMOVED,Project_NCF_Con (2),J31,=CIT_NCF_Oil!J31+CIT_NCF_Gas!J31,
REMOVED,Project_NCF_Con (2),J32,=CIT_NCF_Oil!J32+CIT_NCF_Gas!J32,
REMOVED,Project_NCF_Con (2),J33,=CIT_NCF_Oil!J33+CIT_NCF_Gas!J33,
REMOVED,Project_NCF_Con (2),J34,=CIT_NCF_Oil!J34+CIT_NCF_Gas!J34,
REMOVED,Project_NCF_Con (2),J35,=CIT_NCF_Oil!J35+CIT_NCF_Gas!J35,
REMOVED,Project_NCF_Con (2),J36,=CIT_NCF_Oil!J36+CIT_NCF_Gas!J36,
REMOVED,Project_NCF_Con (2),J37,=CIT_NCF_Oil!J37+CIT_NCF_Gas!J37,
REMOVED,Project_NCF_Con (2),J38,=CIT_NCF_Oil!J38+CIT_NCF_Gas!J38,
REMOVED,Project_NCF_Con (2),J39,=CIT_NCF_Oil!J39+CIT_NCF_Gas!J39,
REMOVED,Project_NCF_Con (2),J4,=FLGT!AE4,
REMOVED,Project_NCF_Con (2),J40,=CIT_NCF_Oil!J40+CIT_NCF_Gas!J40,
REMOVED,Project_NCF_Con (2),J41,=CIT_NCF_Oil!J41+CIT_NCF_Gas!J41,
REMOVED,Project_NCF_Con (2),J42,=CIT_NCF_Oil!J42+CIT_NCF_Gas!J42,
REMOVED,Project_NCF_Con (2),J43,=CIT_NCF_Oil!J43+CIT_NCF_Gas!J43,
REMOVED,Project_NCF_Con (2),J44,=CIT_NCF_Oil!J44+CIT_NCF_Gas!J44,
REMOVED,Project_NCF_Con (2),J45,=CIT_NCF_Oil!J45+CIT_NCF_Gas!J45,
REMOVED,Project_NCF_Con (2),J46,=CIT_NCF_Oil!J46+CIT_NCF_Gas!J46,
REMOVED,Project_NCF_Con (2),J47,=CIT_NCF_Oil!J47+CIT_NCF_Gas!J47,
REMOVED,Project_NCF_Con (2),J48,=CIT_NCF_Oil!J48+CIT_NCF_Gas!J48,
REMOVED,Project_NCF_Con (2),J49,=CIT_NCF_Oil!J49+CIT_NCF_Gas!J49,
REMOVED,Project_NCF_Con (2),J5,=CIT_NCF_Oil!J5+CIT_NCF_Gas!J5,
REMOVED,Project_NCF_Con (2),J51,=SUM(J5:J49),
REMOVED,Project_NCF_Con (2),J6,=CIT_NCF_Oil!J6+CIT_NCF_Gas!J6,
REMOVED,Project_NCF_Con (2),J7,=CIT_NCF_Oil!J7+CIT_NCF_Gas!J7,
REMOVED,Project_NCF_Con (2),J8,=CIT_NCF_Oil!J8+CIT_NCF_Gas!J8,
REMOVED,Project_NCF_Con (2),J9,=CIT_NCF_Oil!J9+CIT_NCF_Gas!J9,
REMOVED,Project_NCF_Con (2),K10,=CIT_NCF_Oil!K10+CIT_NCF_Gas!K10,
REMOVED,Project_NCF_Con (2),K11,=CIT_NCF_Oil!K11+CIT_NCF_Gas!K11,
REMOVED,Project_NCF_Con (2),K12,=CIT_NCF_Oil!K12+CIT_NCF_Gas!K12,
REMOVED,Project_NCF_Con (2),K13,=CIT_NCF_Oil!K13+CIT_NCF_Gas!K13,
REMOVED,Project_NCF_Con (2),K14,=CIT_NCF_Oil!K14+CIT_NCF_Gas!K14,
REMOVED,Project_NCF_Con (2),K15,=CIT_NCF_Oil!K15+CIT_NCF_Gas!K15,
REMOVED,Project_NCF_Con (2),K16,=CIT_NCF_Oil!K16+CIT_NCF_Gas!K16,
REMOVED,Project_NCF_Con (2),K17,=CIT_NCF_Oil!K17+CIT_NCF_Gas!K17,
REMOVED,Project_NCF_Con (2),K18,=CIT_NCF_Oil!K18+CIT_NCF_Gas!K18,
REMOVED,Project_NCF_Con (2),K19,=CIT_NCF_Oil!K19+CIT_NCF_Gas!K19,
REMOVED,Project_NCF_Con (2),K20,=CIT_NCF_Oil!K20+CIT_NCF_Gas!K20,
REMOVED,Project_NCF_Con (2),K21,=CIT_NCF_Oil!K21+CIT_NCF_Gas!K21,
REMOVED,Project_NCF_Con (2),K22,=CIT_NCF_Oil!K22+CIT_NCF_Gas!K22,
REMOVED,Project_NCF_Con (2),K23,=CIT_NCF_Oil!K23+CIT_NCF_Gas!K23,
REMOVED,Project_NCF_Con (2),K24,=CIT_NCF_Oil!K24+CIT_NCF_Gas!K24,
REMOVED,Project_NCF_Con (2),K25,=CIT_NCF_Oil!K25+CIT_NCF_Gas!K25,
REMOVED,Project_NCF_Con (2),K26,=CIT_NCF_Oil!K26+CIT_NCF_Gas!K26,
REMOVED,Project_NCF_Con (2),K27,=CIT_NCF_Oil!K27+CIT_NCF_Gas!K27,
REMOVED,Project_NCF_Con (2),K28,=CIT_NCF_Oil!K28+CIT_NCF_Gas!K28,
REMOVED,Project_NCF_Con (2),K29,=CIT_NCF_Oil!K29+CIT_NCF_Gas!K29,
REMOVED,Project_NCF_Con (2),K30,=CIT_NCF_Oil!K30+CIT_NCF_Gas!K30,
REMOVED,Project_NCF_Con (2),K31,=CIT_NCF_Oil!K31+CIT_NCF_Gas!K31,
REMOVED,Project_NCF_Con (2),K32,=CIT_NCF_Oil!K32+CIT_NCF_Gas!K32,
REMOVED,Project_NCF_Con (2),K33,=CIT_NCF_Oil!K33+CIT_NCF_Gas!K33,
REMOVED,Project_NCF_Con (2),K34,=CIT_NCF_Oil!K34+CIT_NCF_Gas!K34,
REMOVED,Project_NCF_Con (2),K35,=CIT_NCF_Oil!K35+CIT_NCF_Gas!K35,
REMOVED,Project_NCF_Con (2),K36,=CIT_NCF_Oil!K36+CIT_NCF_Gas!K36,
REMOVED,Project_NCF_Con (2),K37,=CIT_NCF_Oil!K37+CIT_NCF_Gas!K37,
REMOVED,Project_NCF_Con (2),K38,=CIT_NCF_Oil!K38+CIT_NCF_Gas!K38,
REMOVED,Project_NCF_Con (2),K39,=CIT_NCF_Oil!K39+CIT_NCF_Gas!K39,
REMOVED,Project_NCF_Con (2),K4,=FLGT!AF4,
REMOVED,Project_NCF_Con (2),K40,=CIT_NCF_Oil!K40+CIT_NCF_Gas!K40,
REMOVED,Project_NCF_Con (2),K41,=CIT_NCF_Oil!K41+CIT_NCF_Gas!K41,
REMOVED,Project_NCF_Con (2),K42,=CIT_NCF_Oil!K42+CIT_NCF_Gas!K42,
REMOVED,Project_NCF_Con (2),K43,=CIT_NCF_Oil!K43+CIT_NCF_Gas!K43,
REMOVED,Project_NCF_Con (2),K44,=CIT_NCF_Oil!K44+CIT_NCF_Gas!K44,
REMOVED,Project_NCF_Con (2),K45,=CIT_NCF_Oil!K45+CIT_NCF_Gas!K45,
REMOVED,Project_NCF_Con (2),K46,=CIT_NCF_Oil!K46+CIT_NCF_Gas!K46,
REMOVED,Project_NCF_Con (2),K47,=CIT_NCF_Oil!K47+CIT_NCF_Gas!K47,
REMOVED,Project_NCF_Con (2),K48,=CIT_NCF_Oil!K48+CIT_NCF_Gas!K48,
REMOVED,Project_NCF_Con (2),K49,=CIT_NCF_Oil!K49+CIT_NCF_Gas!K49,
REMOVED,Project_NCF_Con (2),K5,=CIT_NCF_Oil!K5+CIT_NCF_Gas!K5,
REMOVED,Project_NCF_Con (2),K51,=SUM(K5:K49),
REMOVED,Project_NCF_Con (2),K6,=CIT_NCF_Oil!K6+CIT_NCF_Gas!K6,
REMOVED,Project_NCF_Con (2),K7,=CIT_NCF_Oil!K7+CIT_NCF_Gas!K7,
REMOVED,Project_NCF_Con (2),K8,=CIT_NCF_Oil!K8+CIT_NCF_Gas!K8,
REMOVED,Project_NCF_Con (2),K9,=CIT_NCF_Oil!K9+CIT_NCF_Gas!K9,
REMOVED,Project_NCF_Con (2),L10,=CIT_NCF_Oil!L10+CIT_NCF_Gas!L10,
REMOVED,Project_NCF_Con (2),L11,=CIT_NCF_Oil!L11+CIT_NCF_Gas!L11,
REMOVED,Project_NCF_Con (2),L12,=CIT_NCF_Oil!L12+CIT_NCF_Gas!L12,
REMOVED,Project_NCF_Con (2),L13,=CIT_NCF_Oil!L13+CIT_NCF_Gas!L13,
REMOVED,Project_NCF_Con (2),L14,=CIT_NCF_Oil!L14+CIT_NCF_Gas!L14,
REMOVED,Project_NCF_Con (2),L15,=CIT_NCF_Oil!L15+CIT_NCF_Gas!L15,
REMOVED,Project_NCF_Con (2),L16,=CIT_NCF_Oil!L16+CIT_NCF_Gas!L16,
REMOVED,Project_NCF_Con (2),L17,=CIT_NCF_Oil!L17+CIT_NCF_Gas!L17,
REMOVED,Project_NCF_Con (2),L18,=CIT_NCF_Oil!L18+CIT_NCF_Gas!L18,
REMOVED,Project_NCF_Con (2),L19,=CIT_NCF_Oil!L19+CIT_NCF_Gas!L19,
REMOVED,Project_NCF_Con (2),L20,=CIT_NCF_Oil!L20+CIT_NCF_Gas!L20,
REMOVED,Project_NCF_Con (2),L21,=CIT_NCF_Oil!L21+CIT_NCF_Gas!L21,
REMOVED,Project_NCF_Con (2),L22,=CIT_NCF_Oil!L22+CIT_NCF_Gas!L22,
REMOVED,Project_NCF_Con (2),L23,=CIT_NCF_Oil!L23+CIT_NCF_Gas!L23,
REMOVED,Project_NCF_Con (2),L24,=CIT_NCF_Oil!L24+CIT_NCF_Gas!L24,
REMOVED,Project_NCF_Con (2),L25,=CIT_NCF_Oil!L25+CIT_NCF_Gas!L25,
REMOVED,Project_NCF_Con (2),L26,=CIT_NCF_Oil!L26+CIT_NCF_Gas!L26,
REMOVED,Project_NCF_Con (2),L27,=CIT_NCF_Oil!L27+CIT_NCF_Gas!L27,
REMOVED,Project_NCF_Con (2),L28,=CIT_NCF_Oil!L28+CIT_NCF_Gas!L28,
REMOVED,Project_NCF_Con (2),L29,=CIT_NCF_Oil!L29+CIT_NCF_Gas!L29,
REMOVED,Project_NCF_Con (2),L30,=CIT_NCF_Oil!L30+CIT_NCF_Gas!L30,
REMOVED,Project_NCF_Con (2),L31,=CIT_NCF_Oil!L31+CIT_NCF_Gas!L31,
REMOVED,Project_NCF_Con (2),L32,=CIT_NCF_Oil!L32+CIT_NCF_Gas!L32,
REMOVED,Project_NCF_Con (2),L33,=CIT_NCF_Oil!L33+CIT_NCF_Gas!L33,
REMOVED,Project_NCF_Con (2),L34,=CIT_NCF_Oil!L34+CIT_NCF_Gas!L34,
REMOVED,Project_NCF_Con (2),L35,=CIT_NCF_Oil!L35+CIT_NCF_Gas!L35,
REMOVED,Project_NCF_Con (2),L36,=CIT_NCF_Oil!L36+CIT_NCF_Gas!L36,
REMOVED,Project_NCF_Con (2),L37,=CIT_NCF_Oil!L37+CIT_NCF_Gas!L37,
REMOVED,Project_NCF_Con (2),L38,=CIT_NCF_Oil!L38+CIT_NCF_Gas!L38,
REMOVED,Project_NCF_Con (2),L39,=CIT_NCF_Oil!L39+CIT_NCF_Gas!L39,
REMOVED,Project_NCF_Con (2),L40,=CIT_NCF_Oil!L40+CIT_NCF_Gas!L40,
REMOVED,Project_NCF_Con (2),L41,=CIT_NCF_Oil!L41+CIT_NCF_Gas!L41,
REMOVED,Project_NCF_Con (2),L42,=CIT_NCF_Oil!L42+CIT_NCF_Gas!L42,
REMOVED,Project_NCF_Con (2),L43,=CIT_NCF_Oil!L43+CIT_NCF_Gas!L43,
REMOVED,Project_NCF_Con (2),L44,=CIT_NCF_Oil!L44+CIT_NCF_Gas!L44,
REMOVED,Project_NCF_Con (2),L45,=CIT_NCF_Oil!L45+CIT_NCF_Gas!L45,
REMOVED,Project_NCF_Con (2),L46,=CIT_NCF_Oil!L46+CIT_NCF_Gas!L46,
REMOVED,Project_NCF_Con (2),L47,=CIT_NCF_Oil!L47+CIT_NCF_Gas!L47,
REMOVED,Project_NCF_Con (2),L48,=CIT_NCF_Oil!L48+CIT_NCF_Gas!L48,
REMOVED,Project_NCF_Con (2),L49,=CIT_NCF_Oil!L49+CIT_NCF_Gas!L49,
REMOVED,Project_NCF_Con (2),L5,=CIT_NCF_Oil!L5+CIT_NCF_Gas!L5,
REMOVED,Project_NCF_Con (2),L51,=SUM(L5:L49),
REMOVED,Project_NCF_Con (2),L6,=CIT_NCF_Oil!L6+CIT_NCF_Gas!L6,
REMOVED,Project_NCF_Con (2),L7,=CIT_NCF_Oil!L7+CIT_NCF_Gas!L7,
REMOVED,Project_NCF_Con (2),L8,=CIT_NCF_Oil!L8+CIT_NCF_Gas!L8,
REMOVED,Project_NCF_Con (2),L9,=CIT_NCF_Oil!L9+CIT_NCF_Gas!L9,
REMOVED,Project_NCF_Con (2),M10,=CIT_NCF_Oil!M10+CIT_NCF_Gas!M10,
REMOVED,Project_NCF_Con (2),M11,=CIT_NCF_Oil!M11+CIT_NCF_Gas!M11,
REMOVED,Project_NCF_Con (2),M12,=CIT_NCF_Oil!M12+CIT_NCF_Gas!M12,
REMOVED,Project_NCF_Con (2),M13,=CIT_NCF_Oil!M13+CIT_NCF_Gas!M13,
REMOVED,Project_NCF_Con (2),M14,=CIT_NCF_Oil!M14+CIT_NCF_Gas!M14,
REMOVED,Project_NCF_Con (2),M15,=CIT_NCF_Oil!M15+CIT_NCF_Gas!M15,
REMOVED,Project_NCF_Con (2),M16,=CIT_NCF_Oil!M16+CIT_NCF_Gas!M16,
REMOVED,Project_NCF_Con (2),M17,=CIT_NCF_Oil!M17+CIT_NCF_Gas!M17,
REMOVED,Project_NCF_Con (2),M18,=CIT_NCF_Oil!M18+CIT_NCF_Gas!M18,
REMOVED,Project_NCF_Con (2),M19,=CIT_NCF_Oil!M19+CIT_NCF_Gas!M19,
REMOVED,Project_NCF_Con (2),M20,=CIT_NCF_Oil!M20+CIT_NCF_Gas!M20,
REMOVED,Project_NCF_Con (2),M21,=CIT_NCF_Oil!M21+CIT_NCF_Gas!M21,
REMOVED,Project_NCF_Con (2),M22,=CIT_NCF_Oil!M22+CIT_NCF_Gas!M22,
REMOVED,Project_NCF_Con (2),M23,=CIT_NCF_Oil!M23+CIT_NCF_Gas!M23,
REMOVED,Project_NCF_Con (2),M24,=CIT_NCF_Oil!M24+CIT_NCF_Gas!M24,
REMOVED,Project_NCF_Con (2),M25,=CIT_NCF_Oil!M25+CIT_NCF_Gas!M25,
REMOVED,Project_NCF_Con (2),M26,=CIT_NCF_Oil!M26+CIT_NCF_Gas!M26,
REMOVED,Project_NCF_Con (2),M27,=CIT_NCF_Oil!M27+CIT_NCF_Gas!M27,
REMOVED,Project_NCF_Con (2),M28,=CIT_NCF_Oil!M28+CIT_NCF_Gas!M28,
REMOVED,Project_NCF_Con (2),M29,=CIT_NCF_Oil!M29+CIT_NCF_Gas!M29,
REMOVED,Project_NCF_Con (2),M30,=CIT_NCF_Oil!M30+CIT_NCF_Gas!M30,
REMOVED,Project_NCF_Con (2),M31,=CIT_NCF_Oil!M31+CIT_NCF_Gas!M31,
REMOVED,Project_NCF_Con (2),M32,=CIT_NCF_Oil!M32+CIT_NCF_Gas!M32,
REMOVED,Project_NCF_Con (2),M33,=CIT_NCF_Oil!M33+CIT_NCF_Gas!M33,
REMOVED,Project_NCF_Con (2),M34,=CIT_NCF_Oil!M34+CIT_NCF_Gas!M34,
REMOVED,Project_NCF_Con (2),M35,=CIT_NCF_Oil!M35+CIT_NCF_Gas!M35,
REMOVED,Project_NCF_Con (2),M36,=CIT_NCF_Oil!M36+CIT_NCF_Gas!M36,
REMOVED,Project_NCF_Con (2),M37,=CIT_NCF_Oil!M37+CIT_NCF_Gas!M37,
REMOVED,Project_NCF_Con (2),M38,=CIT_NCF_Oil!M38+CIT_NCF_Gas!M38,
REMOVED,Project_NCF_Con (2),M39,=CIT_NCF_Oil!M39+CIT_NCF_Gas!M39,
REMOVED,Project_NCF_Con (2),M40,=CIT_NCF_Oil!M40+CIT_NCF_Gas!M40,
REMOVED,Project_NCF_Con (2),M41,=CIT_NCF_Oil!M41+CIT_NCF_Gas!M41,
REMOVED,Project_NCF_Con (2),M42,=CIT_NCF_Oil!M42+CIT_NCF_Gas!M42,
REMOVED,Project_NCF_Con (2),M43,=CIT_NCF_Oil!M43+CIT_NCF_Gas!M43,
REMOVED,Project_NCF_Con (2),M44,=CIT_NCF_Oil!M44+CIT_NCF_Gas!M44,
REMOVED,Project_NCF_Con (2),M45,=CIT_NCF_Oil!M45+CIT_NCF_Gas!M45,
REMOVED,Project_NCF_Con (2),M46,=CIT_NCF_Oil!M46+CIT_NCF_Gas!M46,
REMOVED,Project_NCF_Con (2),M47,=CIT_NCF_Oil!M47+CIT_NCF_Gas!M47,
REMOVED,Project_NCF_Con (2),M48,=CIT_NCF_Oil!M48+CIT_NCF_Gas!M48,
REMOVED,Project_NCF_Con (2),M49,=CIT_NCF_Oil!M49+CIT_NCF_Gas!M49,
REMOVED,Project_NCF_Con (2),M5,=CIT_NCF_Oil!M5+CIT_NCF_Gas!M5,
REMOVED,Project_NCF_Con (2),M51,=SUM(M5:M49),
REMOVED,Project_NCF_Con (2),M6,=CIT_NCF_Oil!M6+CIT_NCF_Gas!M6,
REMOVED,Project_NCF_Con (2),M7,=CIT_NCF_Oil!M7+CIT_NCF_Gas!M7,
REMOVED,Project_NCF_Con (2),M8,=CIT_NCF_Oil!M8+CIT_NCF_Gas!M8,
REMOVED,Project_NCF_Con (2),M9,=CIT_NCF_Oil!M9+CIT_NCF_Gas!M9,
REMOVED,Project_NCF_Con (2),N10,=CIT_NCF_Oil!N10+CIT_NCF_Gas!N10,
REMOVED,Project_NCF_Con (2),N11,=CIT_NCF_Oil!N11+CIT_NCF_Gas!N11,
REMOVED,Project_NCF_Con (2),N12,=CIT_NCF_Oil!N12+CIT_NCF_Gas!N12,
REMOVED,Project_NCF_Con (2),N13,=CIT_NCF_Oil!N13+CIT_NCF_Gas!N13,
REMOVED,Project_NCF_Con (2),N14,=CIT_NCF_Oil!N14+CIT_NCF_Gas!N14,
REMOVED,Project_NCF_Con (2),N15,=CIT_NCF_Oil!N15+CIT_NCF_Gas!N15,
REMOVED,Project_NCF_Con (2),N16,=CIT_NCF_Oil!N16+CIT_NCF_Gas!N16,
REMOVED,Project_NCF_Con (2),N17,=CIT_NCF_Oil!N17+CIT_NCF_Gas!N17,
REMOVED,Project_NCF_Con (2),N18,=CIT_NCF_Oil!N18+CIT_NCF_Gas!N18,
REMOVED,Project_NCF_Con (2),N19,=CIT_NCF_Oil!N19+CIT_NCF_Gas!N19,
REMOVED,Project_NCF_Con (2),N20,=CIT_NCF_Oil!N20+CIT_NCF_Gas!N20,
REMOVED,Project_NCF_Con (2),N21,=CIT_NCF_Oil!N21+CIT_NCF_Gas!N21,
REMOVED,Project_NCF_Con (2),N22,=CIT_NCF_Oil!N22+CIT_NCF_Gas!N22,
REMOVED,Project_NCF_Con (2),N23,=CIT_NCF_Oil!N23+CIT_NCF_Gas!N23,
REMOVED,Project_NCF_Con (2),N24,=CIT_NCF_Oil!N24+CIT_NCF_Gas!N24,
REMOVED,Project_NCF_Con (2),N25,=CIT_NCF_Oil!N25+CIT_NCF_Gas!N25,
REMOVED,Project_NCF_Con (2),N26,=CIT_NCF_Oil!N26+CIT_NCF_Gas!N26,
REMOVED,Project_NCF_Con (2),N27,=CIT_NCF_Oil!N27+CIT_NCF_Gas!N27,
REMOVED,Project_NCF_Con (2),N28,=CIT_NCF_Oil!N28+CIT_NCF_Gas!N28,
REMOVED,Project_NCF_Con (2),N29,=CIT_NCF_Oil!N29+CIT_NCF_Gas!N29,
REMOVED,Project_NCF_Con (2),N30,=CIT_NCF_Oil!N30+CIT_NCF_Gas!N30,
REMOVED,Project_NCF_Con (2),N31,=CIT_NCF_Oil!N31+CIT_NCF_Gas!N31,
REMOVED,Project_NCF_Con (2),N32,=CIT_NCF_Oil!N32+CIT_NCF_Gas!N32,
REMOVED,Project_NCF_Con (2),N33,=CIT_NCF_Oil!N33+CIT_NCF_Gas!N33,
REMOVED,Project_NCF_Con (2),N34,=CIT_NCF_Oil!N34+CIT_NCF_Gas!N34,
REMOVED,Project_NCF_Con (2),N35,=CIT_NCF_Oil!N35+CIT_NCF_Gas!N35,
REMOVED,Project_NCF_Con (2),N36,=CIT_NCF_Oil!N36+CIT_NCF_Gas!N36,
REMOVED,Project_NCF_Con (2),N37,=CIT_NCF_Oil!N37+CIT_NCF_Gas!N37,
REMOVED,Project_NCF_Con (2),N38,=CIT_NCF_Oil!N38+CIT_NCF_Gas!N38,
REMOVED,Project_NCF_Con (2),N39,=CIT_NCF_Oil!N39+CIT_NCF_Gas!N39,
REMOVED,Project_NCF_Con (2),N40,=CIT_NCF_Oil!N40+CIT_NCF_Gas!N40,
REMOVED,Project_NCF_Con (2),N41,=CIT_NCF_Oil!N41+CIT_NCF_Gas!N41,
REMOVED,Project_NCF_Con (2),N42,=CIT_NCF_Oil!N42+CIT_NCF_Gas!N42,
REMOVED,Project_NCF_Con (2),N43,=CIT_NCF_Oil!N43+CIT_NCF_Gas!N43,
REMOVED,Project_NCF_Con (2),N44,=CIT_NCF_Oil!N44+CIT_NCF_Gas!N44,
REMOVED,Project_NCF_Con (2),N45,=CIT_NCF_Oil!N45+CIT_NCF_Gas!N45,
REMOVED,Project_NCF_Con (2),N46,=CIT_NCF_Oil!N46+CIT_NCF_Gas!N46,
REMOVED,Project_NCF_Con (2),N47,=CIT_NCF_Oil!N47+CIT_NCF_Gas!N47,
REMOVED,Project_NCF_Con (2),N48,=CIT_NCF_Oil!N48+CIT_NCF_Gas!N48,
REMOVED,Project_NCF_Con (2),N49,=CIT_NCF_Oil!N49+CIT_NCF_Gas!N49,
REMOVED,Project_NCF_Con (2),N5,=CIT_NCF_Oil!N5+CIT_NCF_Gas!N5,
REMOVED,Project_NCF_Con (2),N51,=SUM(N5:N49),
REMOVED,Project_NCF_Con (2),N6,=CIT_NCF_Oil!N6+CIT_NCF_Gas!N6,
REMOVED,Project_NCF_Con (2),N7,=CIT_NCF_Oil!N7+CIT_NCF_Gas!N7,
REMOVED,Project_NCF_Con (2),N8,=CIT_NCF_Oil!N8+CIT_NCF_Gas!N8,
REMOVED,Project_NCF_Con (2),N9,=CIT_NCF_Oil!N9+CIT_NCF_Gas!N9,
REMOVED,Project_NCF_Con (2),O10,=CIT_NCF_Oil!O10+CIT_NCF_Gas!O10,
REMOVED,Project_NCF_Con (2),O11,=CIT_NCF_Oil!O11+CIT_NCF_Gas!O11,
REMOVED,Project_NCF_Con (2),O12,=CIT_NCF_Oil!O12+CIT_NCF_Gas!O12,
REMOVED,Project_NCF_Con (2),O13,=CIT_NCF_Oil!O13+CIT_NCF_Gas!O13,
REMOVED,Project_NCF_Con (2),O14,=CIT_NCF_Oil!O14+CIT_NCF_Gas!O14,
REMOVED,Project_NCF_Con (2),O15,=CIT_NCF_Oil!O15+CIT_NCF_Gas!O15,
REMOVED,Project_NCF_Con (2),O16,=CIT_NCF_Oil!O16+CIT_NCF_Gas!O16,
REMOVED,Project_NCF_Con (2),O17,=CIT_NCF_Oil!O17+CIT_NCF_Gas!O17,
REMOVED,Project_NCF_Con (2),O18,=CIT_NCF_Oil!O18+CIT_NCF_Gas!O18,
REMOVED,Project_NCF_Con (2),O19,=CIT_NCF_Oil!O19+CIT_NCF_Gas!O19,
REMOVED,Project_NCF_Con (2),O20,=CIT_NCF_Oil!O20+CIT_NCF_Gas!O20,
REMOVED,Project_NCF_Con (2),O21,=CIT_NCF_Oil!O21+CIT_NCF_Gas!O21,
REMOVED,Project_NCF_Con (2),O22,=CIT_NCF_Oil!O22+CIT_NCF_Gas!O22,
REMOVED,Project_NCF_Con (2),O23,=CIT_NCF_Oil!O23+CIT_NCF_Gas!O23,
REMOVED,Project_NCF_Con (2),O24,=CIT_NCF_Oil!O24+CIT_NCF_Gas!O24,
REMOVED,Project_NCF_Con (2),O25,=CIT_NCF_Oil!O25+CIT_NCF_Gas!O25,
REMOVED,Project_NCF_Con (2),O26,=CIT_NCF_Oil!O26+CIT_NCF_Gas!O26,
REMOVED,Project_NCF_Con (2),O27,=CIT_NCF_Oil!O27+CIT_NCF_Gas!O27,
REMOVED,Project_NCF_Con (2),O28,=CIT_NCF_Oil!O28+CIT_NCF_Gas!O28,
REMOVED,Project_NCF_Con (2),O29,=CIT_NCF_Oil!O29+CIT_NCF_Gas!O29,
REMOVED,Project_NCF_Con (2),O3,=FLGT!AF3,
REMOVED,Project_NCF_Con (2),O30,=CIT_NCF_Oil!O30+CIT_NCF_Gas!O30,
REMOVED,Project_NCF_Con (2),O31,=CIT_NCF_Oil!O31+CIT_NCF_Gas!O31,
REMOVED,Project_NCF_Con (2),O32,=CIT_NCF_Oil!O32+CIT_NCF_Gas!O32,
REMOVED,Project_NCF_Con (2),O33,=CIT_NCF_Oil!O33+CIT_NCF_Gas!O33,
REMOVED,Project_NCF_Con (2),O34,=CIT_NCF_Oil!O34+CIT_NCF_Gas!O34,
REMOVED,Project_NCF_Con (2),O35,=CIT_NCF_Oil!O35+CIT_NCF_Gas!O35,
REMOVED,Project_NCF_Con (2),O36,=CIT_NCF_Oil!O36+CIT_NCF_Gas!O36,
REMOVED,Project_NCF_Con (2),O37,=CIT_NCF_Oil!O37+CIT_NCF_Gas!O37,
REMOVED,Project_NCF_Con (2),O38,=CIT_NCF_Oil!O38+CIT_NCF_Gas!O38,
REMOVED,Project_NCF_Con (2),O39,=CIT_NCF_Oil!O39+CIT_NCF_Gas!O39,
REMOVED,Project_NCF_Con (2),O4,=FLGT!AF4,
REMOVED,Project_NCF_Con (2),O40,=CIT_NCF_Oil!O40+CIT_NCF_Gas!O40,
REMOVED,Project_NCF_Con (2),O41,=CIT_NCF_Oil!O41+CIT_NCF_Gas!O41,
REMOVED,Project_NCF_Con (2),O42,=CIT_NCF_Oil!O42+CIT_NCF_Gas!O42,
REMOVED,Project_NCF_Con (2),O43,=CIT_NCF_Oil!O43+CIT_NCF_Gas!O43,
REMOVED,Project_NCF_Con (2),O44,=CIT_NCF_Oil!O44+CIT_NCF_Gas!O44,
REMOVED,Project_NCF_Con (2),O45,=CIT_NCF_Oil!O45+CIT_NCF_Gas!O45,
REMOVED,Project_NCF_Con (2),O46,=CIT_NCF_Oil!O46+CIT_NCF_Gas!O46,
REMOVED,Project_NCF_Con (2),O47,=CIT_NCF_Oil!O47+CIT_NCF_Gas!O47,
REMOVED,Project_NCF_Con (2),O48,=CIT_NCF_Oil!O48+CIT_NCF_Gas!O48,
REMOVED,Project_NCF_Con (2),O49,=CIT_NCF_Oil!O49+CIT_NCF_Gas!O49,
REMOVED,Project_NCF_Con (2),O5,=CIT_NCF_Oil!O5+CIT_NCF_Gas!O5,
REMOVED,Project_NCF_Con (2),O51,=SUM(O5:O49),
REMOVED,Project_NCF_Con (2),O6,=CIT_NCF_Oil!O6+CIT_NCF_Gas!O6,
REMOVED,Project_NCF_Con (2),O7,=CIT_NCF_Oil!O7+CIT_NCF_Gas!O7,
REMOVED,Project_NCF_Con (2),O8,=CIT_NCF_Oil!O8+CIT_NCF_Gas!O8,
REMOVED,Project_NCF_Con (2),O9,=CIT_NCF_Oil!O9+CIT_NCF_Gas!O9,
REMOVED,Project_NCF_Con (2),P10,=CIT_NCF_Oil!P10+CIT_NCF_Gas!P10,
REMOVED,Project_NCF_Con (2),P11,=CIT_NCF_Oil!P11+CIT_NCF_Gas!P11,
REMOVED,Project_NCF_Con (2),P12,=CIT_NCF_Oil!P12+CIT_NCF_Gas!P12,
REMOVED,Project_NCF_Con (2),P13,=CIT_NCF_Oil!P13+CIT_NCF_Gas!P13,
REMOVED,Project_NCF_Con (2),P14,=CIT_NCF_Oil!P14+CIT_NCF_Gas!P14,
REMOVED,Project_NCF_Con (2),P15,=CIT_NCF_Oil!P15+CIT_NCF_Gas!P15,
REMOVED,Project_NCF_Con (2),P16,=CIT_NCF_Oil!P16+CIT_NCF_Gas!P16,
REMOVED,Project_NCF_Con (2),P17,=CIT_NCF_Oil!P17+CIT_NCF_Gas!P17,
REMOVED,Project_NCF_Con (2),P18,=CIT_NCF_Oil!P18+CIT_NCF_Gas!P18,
REMOVED,Project_NCF_Con (2),P19,=CIT_NCF_Oil!P19+CIT_NCF_Gas!P19,
REMOVED,Project_NCF_Con (2),P20,=CIT_NCF_Oil!P20+CIT_NCF_Gas!P20,
REMOVED,Project_NCF_Con (2),P21,=CIT_NCF_Oil!P21+CIT_NCF_Gas!P21,
REMOVED,Project_NCF_Con (2),P22,=CIT_NCF_Oil!P22+CIT_NCF_Gas!P22,
REMOVED,Project_NCF_Con (2),P23,=CIT_NCF_Oil!P23+CIT_NCF_Gas!P23,
REMOVED,Project_NCF_Con (2),P24,=CIT_NCF_Oil!P24+CIT_NCF_Gas!P24,
REMOVED,Project_NCF_Con (2),P25,=CIT_NCF_Oil!P25+CIT_NCF_Gas!P25,
REMOVED,Project_NCF_Con (2),P26,=CIT_NCF_Oil!P26+CIT_NCF_Gas!P26,
REMOVED,Project_NCF_Con (2),P27,=CIT_NCF_Oil!P27+CIT_NCF_Gas!P27,
REMOVED,Project_NCF_Con (2),P28,=CIT_NCF_Oil!P28+CIT_NCF_Gas!P28,
REMOVED,Project_NCF_Con (2),P29,=CIT_NCF_Oil!P29+CIT_NCF_Gas!P29,
REMOVED,Project_NCF_Con (2),P3,=FLGT!AG3,
REMOVED,Project_NCF_Con (2),P30,=CIT_NCF_Oil!P30+CIT_NCF_Gas!P30,
REMOVED,Project_NCF_Con (2),P31,=CIT_NCF_Oil!P31+CIT_NCF_Gas!P31,
REMOVED,Project_NCF_Con (2),P32,=CIT_NCF_Oil!P32+CIT_NCF_Gas!P32,
REMOVED,Project_NCF_Con (2),P33,=CIT_NCF_Oil!P33+CIT_NCF_Gas!P33,
REMOVED,Project_NCF_Con (2),P34,=CIT_NCF_Oil!P34+CIT_NCF_Gas!P34,
REMOVED,Project_NCF_Con (2),P35,=CIT_NCF_Oil!P35+CIT_NCF_Gas!P35,
REMOVED,Project_NCF_Con (2),P36,=CIT_NCF_Oil!P36+CIT_NCF_Gas!P36,
REMOVED,Project_NCF_Con (2),P37,=CIT_NCF_Oil!P37+CIT_NCF_Gas!P37,
REMOVED,Project_NCF_Con (2),P38,=CIT_NCF_Oil!P38+CIT_NCF_Gas!P38,
REMOVED,Project_NCF_Con (2),P39,=CIT_NCF_Oil!P39+CIT_NCF_Gas!P39,
REMOVED,Project_NCF_Con (2),P4,=FLGT!AG4,
REMOVED,Project_NCF_Con (2),P40,=CIT_NCF_Oil!P40+CIT_NCF_Gas!P40,
REMOVED,Project_NCF_Con (2),P41,=CIT_NCF_Oil!P41+CIT_NCF_Gas!P41,
REMOVED,Project_NCF_Con (2),P42,=CIT_NCF_Oil!P42+CIT_NCF_Gas!P42,
REMOVED,Project_NCF_Con (2),P43,=CIT_NCF_Oil!P43+CIT_NCF_Gas!P43,
REMOVED,Project_NCF_Con (2),P44,=CIT_NCF_Oil!P44+CIT_NCF_Gas!P44,
REMOVED,Project_NCF_Con (2),P45,=CIT_NCF_Oil!P45+CIT_NCF_Gas!P45,
REMOVED,Project_NCF_Con (2),P46,=CIT_NCF_Oil!P46+CIT_NCF_Gas!P46,
REMOVED,Project_NCF_Con (2),P47,=CIT_NCF_Oil!P47+CIT_NCF_Gas!P47,
REMOVED,Project_NCF_Con (2),P48,=CIT_NCF_Oil!P48+CIT_NCF_Gas!P48,
REMOVED,Project_NCF_Con (2),P49,=CIT_NCF_Oil!P49+CIT_NCF_Gas!P49,
REMOVED,Project_NCF_Con (2),P5,=CIT_NCF_Oil!P5+CIT_NCF_Gas!P5,
REMOVED,Project_NCF_Con (2),P51,=SUM(P5:P49),
REMOVED,Project_NCF_Con (2),P6,=CIT_NCF_Oil!P6+CIT_NCF_Gas!P6,
REMOVED,Project_NCF_Con (2),P7,=CIT_NCF_Oil!P7+CIT_NCF_Gas!P7,
REMOVED,Project_NCF_Con (2),P8,=CIT_NCF_Oil!P8+CIT_NCF_Gas!P8,
REMOVED,Project_NCF_Con (2),P9,=CIT_NCF_Oil!P9+CIT_NCF_Gas!P9,
REMOVED,Project_NCF_Con (2),Q10,=CIT_NCF_Oil!Q10+CIT_NCF_Gas!Q10,
REMOVED,Project_NCF_Con (2),Q11,=CIT_NCF_Oil!Q11+CIT_NCF_Gas!Q11,
REMOVED,Project_NCF_Con (2),Q12,=CIT_NCF_Oil!Q12+CIT_NCF_Gas!Q12,
REMOVED,Project_NCF_Con (2),Q13,=CIT_NCF_Oil!Q13+CIT_NCF_Gas!Q13,
REMOVED,Project_NCF_Con (2),Q14,=CIT_NCF_Oil!Q14+CIT_NCF_Gas!Q14,
REMOVED,Project_NCF_Con (2),Q15,=CIT_NCF_Oil!Q15+CIT_NCF_Gas!Q15,
REMOVED,Project_NCF_Con (2),Q16,=CIT_NCF_Oil!Q16+CIT_NCF_Gas!Q16,
REMOVED,Project_NCF_Con (2),Q17,=CIT_NCF_Oil!Q17+CIT_NCF_Gas!Q17,
REMOVED,Project_NCF_Con (2),Q18,=CIT_NCF_Oil!Q18+CIT_NCF_Gas!Q18,
REMOVED,Project_NCF_Con (2),Q19,=CIT_NCF_Oil!Q19+CIT_NCF_Gas!Q19,
REMOVED,Project_NCF_Con (2),Q20,=CIT_NCF_Oil!Q20+CIT_NCF_Gas!Q20,
REMOVED,Project_NCF_Con (2),Q21,=CIT_NCF_Oil!Q21+CIT_NCF_Gas!Q21,
REMOVED,Project_NCF_Con (2),Q22,=CIT_NCF_Oil!Q22+CIT_NCF_Gas!Q22,
REMOVED,Project_NCF_Con (2),Q23,=CIT_NCF_Oil!Q23+CIT_NCF_Gas!Q23,
REMOVED,Project_NCF_Con (2),Q24,=CIT_NCF_Oil!Q24+CIT_NCF_Gas!Q24,
REMOVED,Project_NCF_Con (2),Q25,=CIT_NCF_Oil!Q25+CIT_NCF_Gas!Q25,
REMOVED,Project_NCF_Con (2),Q26,=CIT_NCF_Oil!Q26+CIT_NCF_Gas!Q26,
REMOVED,Project_NCF_Con (2),Q27,=CIT_NCF_Oil!Q27+CIT_NCF_Gas!Q27,
REMOVED,Project_NCF_Con (2),Q28,=CIT_NCF_Oil!Q28+CIT_NCF_Gas!Q28,
REMOVED,Project_NCF_Con (2),Q29,=CIT_NCF_Oil!Q29+CIT_NCF_Gas!Q29,
REMOVED,Project_NCF_Con (2),Q3,=FLGT!Z3,
REMOVED,Project_NCF_Con (2),Q30,=CIT_NCF_Oil!Q30+CIT_NCF_Gas!Q30,
REMOVED,Project_NCF_Con (2),Q31,=CIT_NCF_Oil!Q31+CIT_NCF_Gas!Q31,
REMOVED,Project_NCF_Con (2),Q32,=CIT_NCF_Oil!Q32+CIT_NCF_Gas!Q32,
REMOVED,Project_NCF_Con (2),Q33,=CIT_NCF_Oil!Q33+CIT_NCF_Gas!Q33,
REMOVED,Project_NCF_Con (2),Q34,=CIT_NCF_Oil!Q34+CIT_NCF_Gas!Q34,
REMOVED,Project_NCF_Con (2),Q35,=CIT_NCF_Oil!Q35+CIT_NCF_Gas!Q35,
REMOVED,Project_NCF_Con (2),Q36,=CIT_NCF_Oil!Q36+CIT_NCF_Gas!Q36,
REMOVED,Project_NCF_Con (2),Q37,=CIT_NCF_Oil!Q37+CIT_NCF_Gas!Q37,
REMOVED,Project_NCF_Con (2),Q38,=CIT_NCF_Oil!Q38+CIT_NCF_Gas!Q38,
REMOVED,Project_NCF_Con (2),Q39,=CIT_NCF_Oil!Q39+CIT_NCF_Gas!Q39,
REMOVED,Project_NCF_Con (2),Q4,=FLGT!Z4,
REMOVED,Project_NCF_Con (2),Q40,=CIT_NCF_Oil!Q40+CIT_NCF_Gas!Q40,
REMOVED,Project_NCF_Con (2),Q41,=CIT_NCF_Oil!Q41+CIT_NCF_Gas!Q41,
REMOVED,Project_NCF_Con (2),Q42,=CIT_NCF_Oil!Q42+CIT_NCF_Gas!Q42,
REMOVED,Project_NCF_Con (2),Q43,=CIT_NCF_Oil!Q43+CIT_NCF_Gas!Q43,
REMOVED,Project_NCF_Con (2),Q44,=CIT_NCF_Oil!Q44+CIT_NCF_Gas!Q44,
REMOVED,Project_NCF_Con (2),Q45,=CIT_NCF_Oil!Q45+CIT_NCF_Gas!Q45,
REMOVED,Project_NCF_Con (2),Q46,=CIT_NCF_Oil!Q46+CIT_NCF_Gas!Q46,
REMOVED,Project_NCF_Con (2),Q47,=CIT_NCF_Oil!Q47+CIT_NCF_Gas!Q47,
REMOVED,Project_NCF_Con (2),Q48,=CIT_NCF_Oil!Q48+CIT_NCF_Gas!Q48,
REMOVED,Project_NCF_Con (2),Q49,=CIT_NCF_Oil!Q49+CIT_NCF_Gas!Q49,
REMOVED,Project_NCF_Con (2),Q5,=CIT_NCF_Oil!Q5+CIT_NCF_Gas!Q5,
REMOVED,Project_NCF_Con (2),Q51,=SUM(Q5:Q49),
REMOVED,Project_NCF_Con (2),Q6,=CIT_NCF_Oil!Q6+CIT_NCF_Gas!Q6,
REMOVED,Project_NCF_Con (2),Q7,=CIT_NCF_Oil!Q7+CIT_NCF_Gas!Q7,
REMOVED,Project_NCF_Con (2),Q8,=CIT_NCF_Oil!Q8+CIT_NCF_Gas!Q8,
REMOVED,Project_NCF_Con (2),Q9,=CIT_NCF_Oil!Q9+CIT_NCF_Gas!Q9,
REMOVED,Project_NCF_Con (2),R10,=CIT_NCF_Oil!R10+CIT_NCF_Gas!R10,
REMOVED,Project_NCF_Con (2),R11,=CIT_NCF_Oil!R11+CIT_NCF_Gas!R11,
REMOVED,Project_NCF_Con (2),R12,=CIT_NCF_Oil!R12+CIT_NCF_Gas!R12,
REMOVED,Project_NCF_Con (2),R13,=CIT_NCF_Oil!R13+CIT_NCF_Gas!R13,
REMOVED,Project_NCF_Con (2),R14,=CIT_NCF_Oil!R14+CIT_NCF_Gas!R14,
REMOVED,Project_NCF_Con (2),R15,=CIT_NCF_Oil!R15+CIT_NCF_Gas!R15,
REMOVED,Project_NCF_Con (2),R16,=CIT_NCF_Oil!R16+CIT_NCF_Gas!R16,
REMOVED,Project_NCF_Con (2),R17,=CIT_NCF_Oil!R17+CIT_NCF_Gas!R17,
REMOVED,Project_NCF_Con (2),R18,=CIT_NCF_Oil!R18+CIT_NCF_Gas!R18,
REMOVED,Project_NCF_Con (2),R19,=CIT_NCF_Oil!R19+CIT_NCF_Gas!R19,
REMOVED,Project_NCF_Con (2),R20,=CIT_NCF_Oil!R20+CIT_NCF_Gas!R20,
REMOVED,Project_NCF_Con (2),R21,=CIT_NCF_Oil!R21+CIT_NCF_Gas!R21,
REMOVED,Project_NCF_Con (2),R22,=CIT_NCF_Oil!R22+CIT_NCF_Gas!R22,
REMOVED,Project_NCF_Con (2),R23,=CIT_NCF_Oil!R23+CIT_NCF_Gas!R23,
REMOVED,Project_NCF_Con (2),R24,=CIT_NCF_Oil!R24+CIT_NCF_Gas!R24,
REMOVED,Project_NCF_Con (2),R25,=CIT_NCF_Oil!R25+CIT_NCF_Gas!R25,
REMOVED,Project_NCF_Con (2),R26,=CIT_NCF_Oil!R26+CIT_NCF_Gas!R26,
REMOVED,Project_NCF_Con (2),R27,=CIT_NCF_Oil!R27+CIT_NCF_Gas!R27,
REMOVED,Project_NCF_Con (2),R28,=CIT_NCF_Oil!R28+CIT_NCF_Gas!R28,
REMOVED,Project_NCF_Con (2),R29,=CIT_NCF_Oil!R29+CIT_NCF_Gas!R29,
REMOVED,Project_NCF_Con (2),R3,=FLGT!AH3,
REMOVED,Project_NCF_Con (2),R30,=CIT_NCF_Oil!R30+CIT_NCF_Gas!R30,
REMOVED,Project_NCF_Con (2),R31,=CIT_NCF_Oil!R31+CIT_NCF_Gas!R31,
REMOVED,Project_NCF_Con (2),R32,=CIT_NCF_Oil!R32+CIT_NCF_Gas!R32,
REMOVED,Project_NCF_Con (2),R33,=CIT_NCF_Oil!R33+CIT_NCF_Gas!R33,
REMOVED,Project_NCF_Con (2),R34,=CIT_NCF_Oil!R34+CIT_NCF_Gas!R34,
REMOVED,Project_NCF_Con (2),R35,=CIT_NCF_Oil!R35+CIT_NCF_Gas!R35,
REMOVED,Project_NCF_Con (2),R36,=CIT_NCF_Oil!R36+CIT_NCF_Gas!R36,
REMOVED,Project_NCF_Con (2),R37,=CIT_NCF_Oil!R37+CIT_NCF_Gas!R37,
REMOVED,Project_NCF_Con (2),R38,=CIT_NCF_Oil!R38+CIT_NCF_Gas!R38,
REMOVED,Project_NCF_Con (2),R39,=CIT_NCF_Oil!R39+CIT_NCF_Gas!R39,
REMOVED,Project_NCF_Con (2),R4,=FLGT!AH4,
REMOVED,Project_NCF_Con (2),R40,=CIT_NCF_Oil!R40+CIT_NCF_Gas!R40,
REMOVED,Project_NCF_Con (2),R41,=CIT_NCF_Oil!R41+CIT_NCF_Gas!R41,
REMOVED,Project_NCF_Con (2),R42,=CIT_NCF_Oil!R42+CIT_NCF_Gas!R42,
REMOVED,Project_NCF_Con (2),R43,=CIT_NCF_Oil!R43+CIT_NCF_Gas!R43,
REMOVED,Project_NCF_Con (2),R44,=CIT_NCF_Oil!R44+CIT_NCF_Gas!R44,
REMOVED,Project_NCF_Con (2),R45,=CIT_NCF_Oil!R45+CIT_NCF_Gas!R45,
REMOVED,Project_NCF_Con (2),R46,=CIT_NCF_Oil!R46+CIT_NCF_Gas!R46,
REMOVED,Project_NCF_Con (2),R47,=CIT_NCF_Oil!R47+CIT_NCF_Gas!R47,
REMOVED,Project_NCF_Con (2),R48,=CIT_NCF_Oil!R48+CIT_NCF_Gas!R48,
REMOVED,Project_NCF_Con (2),R49,=CIT_NCF_Oil!R49+CIT_NCF_Gas!R49,
REMOVED,Project_NCF_Con (2),R5,=CIT_NCF_Oil!R5+CIT_NCF_Gas!R5,
REMOVED,Project_NCF_Con (2),R51,=SUM(R5:R49),
REMOVED,Project_NCF_Con (2),R6,=CIT_NCF_Oil!R6+CIT_NCF_Gas!R6,
REMOVED,Project_NCF_Con (2),R7,=CIT_NCF_Oil!R7+CIT_NCF_Gas!R7,
REMOVED,Project_NCF_Con (2),R8,=CIT_NCF_Oil!R8+CIT_NCF_Gas!R8,
REMOVED,Project_NCF_Con (2),R9,=CIT_NCF_Oil!R9+CIT_NCF_Gas!R9,
REMOVED,Project_NCF_Con (2),S10,=SUM(E10:R10),
REMOVED,Project_NCF_Con (2),S11,=SUM(E11:R11),
REMOVED,Project_NCF_Con (2),S12,=SUM(E12:R12),
REMOVED,Project_NCF_Con (2),S13,=SUM(E13:R13),
REMOVED,Project_NCF_Con (2),S14,=SUM(E14:R14),
REMOVED,Project_NCF_Con (2),S15,=SUM(E15:R15),
REMOVED,Project_NCF_Con (2),S16,=SUM(E16:R16),
REMOVED,Project_NCF_Con (2),S17,=SUM(E17:R17),
REMOVED,Project_NCF_Con (2),S18,=SUM(E18:R18),
REMOVED,Project_NCF_Con (2),S19,=SUM(E19:R19),
REMOVED,Project_NCF_Con (2),S20,=SUM(E20:R20),
REMOVED,Project_NCF_Con (2),S21,=SUM(E21:R21),
REMOVED,Project_NCF_Con (2),S22,=SUM(E22:R22),
REMOVED,Project_NCF_Con (2),S23,=SUM(E23:R23),
REMOVED,Project_NCF_Con (2),S24,=SUM(E24:R24),
REMOVED,Project_NCF_Con (2),S25,=SUM(E25:R25),
REMOVED,Project_NCF_Con (2),S26,=SUM(E26:R26),
REMOVED,Project_NCF_Con (2),S27,=SUM(E27:R27),
REMOVED,Project_NCF_Con (2),S28,=SUM(E28:R28),
REMOVED,Project_NCF_Con (2),S29,=SUM(E29:R29),
REMOVED,Project_NCF_Con (2),S30,=SUM(E30:R30),
REMOVED,Project_NCF_Con (2),S31,=SUM(E31:R31),
REMOVED,Project_NCF_Con (2),S32,=SUM(E32:R32),
REMOVED,Project_NCF_Con (2),S33,=SUM(E33:R33),
REMOVED,Project_NCF_Con (2),S34,=SUM(E34:R34),
REMOVED,Project_NCF_Con (2),S35,=SUM(E35:R35),
REMOVED,Project_NCF_Con (2),S36,=SUM(E36:R36),
REMOVED,Project_NCF_Con (2),S37,=SUM(E37:R37),
REMOVED,Project_NCF_Con (2),S38,=SUM(E38:R38),
REMOVED,Project_NCF_Con (2),S39,=SUM(E39:R39),
REMOVED,Project_NCF_Con (2),S4,=FLGT!AI4,
REMOVED,Project_NCF_Con (2),S40,=SUM(E40:R40),
REMOVED,Project_NCF_Con (2),S41,=SUM(E41:R41),
REMOVED,Project_NCF_Con (2),S42,=SUM(E42:R42),
REMOVED,Project_NCF_Con (2),S43,=SUM(E43:R43),
REMOVED,Project_NCF_Con (2),S44,=SUM(E44:R44),
REMOVED,Project_NCF_Con (2),S45,=SUM(E45:R45),
REMOVED,Project_NCF_Con (2),S46,=SUM(E46:R46),
REMOVED,Project_NCF_Con (2),S47,=SUM(E47:R47),
REMOVED,Project_NCF_Con (2),S48,=SUM(E48:R48),
REMOVED,Project_NCF_Con (2),S49,=SUM(E49:R49),
REMOVED,Project_NCF_Con (2),S5,=SUM(E5:R5),
REMOVED,Project_NCF_Con (2),S51,=SUM(S5:S49),
REMOVED,Project_NCF_Con (2),S6,=SUM(E6:R6),
REMOVED,Project_NCF_Con (2),S7,=SUM(E7:R7),
REMOVED,Project_NCF_Con (2),S8,=SUM(E8:R8),
REMOVED,Project_NCF_Con (2),S9,=SUM(E9:R9),
REMOVED,Project_NCF_Con (2),T10,=B10-S10,
REMOVED,Project_NCF_Con (2),T11,=B11-S11,
REMOVED,Project_NCF_Con (2),T12,=B12-S12,
REMOVED,Project_NCF_Con (2),T13,=B13-S13,
REMOVED,Project_NCF_Con (2),T14,=B14-S14,
REMOVED,Project_NCF_Con (2),T15,=B15-S15,
REMOVED,Project_NCF_Con (2),T16,=B16-S16,
REMOVED,Project_NCF_Con (2),T17,=B17-S17,
REMOVED,Project_NCF_Con (2),T18,=B18-S18,
REMOVED,Project_NCF_Con (2),T19,=B19-S19,
REMOVED,Project_NCF_Con (2),T20,=B20-S20,
REMOVED,Project_NCF_Con (2),T21,=B21-S21,
REMOVED,Project_NCF_Con (2),T22,=B22-S22,
REMOVED,Project_NCF_Con (2),T23,=B23-S23,
REMOVED,Project_NCF_Con (2),T24,=B24-S24,
REMOVED,Project_NCF_Con (2),T25,=B25-S25,
REMOVED,Project_NCF_Con (2),T26,=B26-S26,
REMOVED,Project_NCF_Con (2),T27,=B27-S27,
REMOVED,Project_NCF_Con (2),T28,=B28-S28,
REMOVED,Project_NCF_Con (2),T29,=B29-S29,
REMOVED,Project_NCF_Con (2),T30,=B30-S30,
REMOVED,Project_NCF_Con (2),T31,=B31-S31,
REMOVED,Project_NCF_Con (2),T32,=B32-S32,
REMOVED,Project_NCF_Con (2),T33,=B33-S33,
REMOVED,Project_NCF_Con (2),T34,=B34-S34,
REMOVED,Project_NCF_Con (2),T35,=B35-S35,
REMOVED,Project_NCF_Con (2),T36,=B36-S36,
REMOVED,Project_NCF_Con (2),T37,=B37-S37,
REMOVED,Project_NCF_Con (2),T38,=B38-S38,
REMOVED,Project_NCF_Con (2),T39,=B39-S39,
REMOVED,Project_NCF_Con (2),T40,=B40-S40,
REMOVED,Project_NCF_Con (2),T41,=B41-S41,
REMOVED,Project_NCF_Con (2),T42,=B42-S42,
REMOVED,Project_NCF_Con (2),T43,=B43-S43,
REMOVED,Project_NCF_Con (2),T44,=B44-S44,
REMOVED,Project_NCF_Con (2),T45,=B45-S45,
REMOVED,Project_NCF_Con (2),T46,=B46-S46,
REMOVED,Project_NCF_Con (2),T47,=B47-S47,
REMOVED,Project_NCF_Con (2),T48,=B48-S48,
REMOVED,Project_NCF_Con (2),T49,=B49-S49,
REMOVED,Project_NCF_Con (2),T5,=B5-S5,
REMOVED,Project_NCF_Con (2),T51,=SUM(T5:T49),
REMOVED,Project_NCF_Con (2),T6,=B6-S6,
REMOVED,Project_NCF_Con (2),T7,=B7-S7,
REMOVED,Project_NCF_Con (2),T8,=B8-S8,
REMOVED,Project_NCF_Con (2),T9,=B9-S9,
REMOVED,Project_NCF_Con (2),U10,"=IF(SUM(B10:D10)-S10+Q10+R10+U9<0,SUM(B10:D10)-S10+Q10+R10+U9,0)",
REMOVED,Project_NCF_Con (2),U11,"=IF(SUM(B11:D11)-S11+Q11+R11+U10<0,SUM(B11:D11)-S11+Q11+R11+U10,0)",
REMOVED,Project_NCF_Con (2),U12,"=IF(SUM(B12:D12)-S12+Q12+R12+U11<0,SUM(B12:D12)-S12+Q12+R12+U11,0)",
REMOVED,Project_NCF_Con (2),U13,"=IF(SUM(B13:D13)-S13+Q13+R13+U12<0,SUM(B13:D13)-S13+Q13+R13+U12,0)",
REMOVED,Project_NCF_Con (2),U14,"=IF(SUM(B14:D14)-S14+Q14+R14+U13<0,SUM(B14:D14)-S14+Q14+R14+U13,0)",
REMOVED,Project_NCF_Con (2),U15,"=IF(SUM(B15:D15)-S15+Q15+R15+U14<0,SUM(B15:D15)-S15+Q15+R15+U14,0)",
REMOVED,Project_NCF_Con (2),U16,"=IF(SUM(B16:D16)-S16+Q16+R16+U15<0,SUM(B16:D16)-S16+Q16+R16+U15,0)",
REMOVED,Project_NCF_Con (2),U17,"=IF(SUM(B17:D17)-S17+Q17+R17+U16<0,SUM(B17:D17)-S17+Q17+R17+U16,0)",
REMOVED,Project_NCF_Con (2),U18,"=IF(SUM(B18:D18)-S18+Q18+R18+U17<0,SUM(B18:D18)-S18+Q18+R18+U17,0)",
REMOVED,Project_NCF_Con (2),U19,"=IF(SUM(B19:D19)-S19+Q19+R19+U18<0,SUM(B19:D19)-S19+Q19+R19+U18,0)",
REMOVED,Project_NCF_Con (2),U20,"=IF(SUM(B20:D20)-S20+Q20+R20+U19<0,SUM(B20:D20)-S20+Q20+R20+U19,0)",
REMOVED,Project_NCF_Con (2),U21,"=IF(SUM(B21:D21)-S21+Q21+R21+U20<0,SUM(B21:D21)-S21+Q21+R21+U20,0)",
REMOVED,Project_NCF_Con (2),U22,"=IF(SUM(B22:D22)-S22+Q22+R22+U21<0,SUM(B22:D22)-S22+Q22+R22+U21,0)",
REMOVED,Project_NCF_Con (2),U23,"=IF(SUM(B23:D23)-S23+Q23+R23+U22<0,SUM(B23:D23)-S23+Q23+R23+U22,0)",
REMOVED,Project_NCF_Con (2),U24,"=IF(SUM(B24:D24)-S24+Q24+R24+U23<0,SUM(B24:D24)-S24+Q24+R24+U23,0)",
REMOVED,Project_NCF_Con (2),U25,"=IF(SUM(B25:D25)-S25+Q25+R25+U24<0,SUM(B25:D25)-S25+Q25+R25+U24,0)",
REMOVED,Project_NCF_Con (2),U26,"=IF(SUM(B26:D26)-S26+Q26+R26+U25<0,SUM(B26:D26)-S26+Q26+R26+U25,0)",
REMOVED,Project_NCF_Con (2),U27,"=IF(SUM(B27:D27)-S27+Q27+R27+U26<0,SUM(B27:D27)-S27+Q27+R27+U26,0)",
REMOVED,Project_NCF_Con (2),U28,"=IF(SUM(B28:D28)-S28+Q28+R28+U27<0,SUM(B28:D28)-S28+Q28+R28+U27,0)",
REMOVED,Project_NCF_Con (2),U29,"=IF(SUM(B29:D29)-S29+Q29+R29+U28<0,SUM(B29:D29)-S29+Q29+R29+U28,0)",
REMOVED,Project_NCF_Con (2),U30,"=IF(SUM(B30:D30)-S30+Q30+R30+U29<0,SUM(B30:D30)-S30+Q30+R30+U29,0)",
REMOVED,Project_NCF_Con (2),U31,"=IF(SUM(B31:D31)-S31+Q31+R31+U30<0,SUM(B31:D31)-S31+Q31+R31+U30,0)",
REMOVED,Project_NCF_Con (2),U32,"=IF(SUM(B32:D32)-S32+Q32+R32+U31<0,SUM(B32:D32)-S32+Q32+R32+U31,0)",
REMOVED,Project_NCF_Con (2),U33,"=IF(SUM(B33:D33)-S33+Q33+R33+U32<0,SUM(B33:D33)-S33+Q33+R33+U32,0)",
REMOVED,Project_NCF_Con (2),U34,"=IF(SUM(B34:D34)-S34+Q34+R34+U33<0,SUM(B34:D34)-S34+Q34+R34+U33,0)",
REMOVED,Project_NCF_Con (2),U35,"=IF(SUM(B35:D35)-S35+Q35+R35+U34<0,SUM(B35:D35)-S35+Q35+R35+U34,0)",
REMOVED,Project_NCF_Con (2),U36,"=IF(SUM(B36:D36)-S36+Q36+R36+U35<0,SUM(B36:D36)-S36+Q36+R36+U35,0)",
REMOVED,Project_NCF_Con (2),U37,"=IF(SUM(B37:D37)-S37+Q37+R37+U36<0,SUM(B37:D37)-S37+Q37+R37+U36,0)",
REMOVED,Project_NCF_Con (2),U38,"=IF(SUM(B38:D38)-S38+Q38+R38+U37<0,SUM(B38:D38)-S38+Q38+R38+U37,0)",
REMOVED,Project_NCF_Con (2),U39,"=IF(SUM(B39:D39)-S39+Q39+R39+U38<0,SUM(B39:D39)-S39+Q39+R39+U38,0)",
REMOVED,Project_NCF_Con (2),U40,"=IF(SUM(B40:D40)-S40+Q40+R40+U39<0,SUM(B40:D40)-S40+Q40+R40+U39,0)",
REMOVED,Project_NCF_Con (2),U41,"=IF(SUM(B41:D41)-S41+Q41+R41+U40<0,SUM(B41:D41)-S41+Q41+R41+U40,0)",
REMOVED,Project_NCF_Con (2),U42,"=IF(SUM(B42:D42)-S42+Q42+R42+U41<0,SUM(B42:D42)-S42+Q42+R42+U41,0)",
REMOVED,Project_NCF_Con (2),U43,"=IF(SUM(B43:D43)-S43+Q43+R43+U42<0,SUM(B43:D43)-S43+Q43+R43+U42,0)",
REMOVED,Project_NCF_Con (2),U44,"=IF(SUM(B44:D44)-S44+Q44+R44+U43<0,SUM(B44:D44)-S44+Q44+R44+U43,0)",
REMOVED,Project_NCF_Con (2),U45,"=IF(SUM(B45:D45)-S45+Q45+R45+U44<0,SUM(B45:D45)-S45+Q45+R45+U44,0)",
REMOVED,Project_NCF_Con (2),U46,"=IF(SUM(B46:D46)-S46+Q46+R46+U45<0,SUM(B46:D46)-S46+Q46+R46+U45,0)",
REMOVED,Project_NCF_Con (2),U47,"=IF(SUM(B47:D47)-S47+Q47+R47+U46<0,SUM(B47:D47)-S47+Q47+R47+U46,0)",
REMOVED,Project_NCF_Con (2),U48,"=IF(SUM(B48:D48)-S48+Q48+R48+U47<0,SUM(B48:D48)-S48+Q48+R48+U47,0)",
REMOVED,Project_NCF_Con (2),U49,"=IF(SUM(B49:D49)-S49+Q49+R49+U48<0,SUM(B49:D49)-S49+Q49+R49+U48,0)",
REMOVED,Project_NCF_Con (2),U5,"=IF(SUM(B5:D5)-S5+Q5+R5<0,SUM(B5:D5)-S5+Q5+R5,0)",
REMOVED,Project_NCF_Con (2),U51,=SUM(U5:U49),
REMOVED,Project_NCF_Con (2),U6,"=IF(SUM(B6:D6)-S6+Q6+R6+U5<0,SUM(B6:D6)-S6+Q6+R6+U5,0)",
REMOVED,Project_NCF_Con (2),U7,"=IF(SUM(B7:D7)-S7+Q7+R7+U6<0,SUM(B7:D7)-S7+Q7+R7+U6,0)",
REMOVED,Project_NCF_Con (2),U8,"=IF(SUM(B8:D8)-S8+Q8+R8+U7<0,SUM(B8:D8)-S8+Q8+R8+U7,0)",
REMOVED,Project_NCF_Con (2),U9,"=IF(SUM(B9:D9)-S9+Q9+R9+U8<0,SUM(B9:D9)-S9+Q9+R9+U8,0)",
REMOVED,Project_NCF_Con (2),V10,=T10-U10,
REMOVED,Project_NCF_Con (2),V11,=T11-U11,
REMOVED,Project_NCF_Con (2),V12,=T12-U12,
REMOVED,Project_NCF_Con (2),V13,=T13-U13,
REMOVED,Project_NCF_Con (2),V14,=T14-U14,
REMOVED,Project_NCF_Con (2),V15,=T15-U15,
REMOVED,Project_NCF_Con (2),V16,=T16-U16,
REMOVED,Project_NCF_Con (2),V17,=T17-U17,
REMOVED,Project_NCF_Con (2),V18,=T18-U18,
REMOVED,Project_NCF_Con (2),V19,=T19-U19,
REMOVED,Project_NCF_Con (2),V20,=T20-U20,
REMOVED,Project_NCF_Con (2),V21,=T21-U21,
REMOVED,Project_NCF_Con (2),V22,=T22-U22,
REMOVED,Project_NCF_Con (2),V23,=T23-U23,
REMOVED,Project_NCF_Con (2),V24,=T24-U24,
REMOVED,Project_NCF_Con (2),V25,=T25-U25,
REMOVED,Project_NCF_Con (2),V26,=T26-U26,
REMOVED,Project_NCF_Con (2),V27,=T27-U27,
REMOVED,Project_NCF_Con (2),V28,=T28-U28,
REMOVED,Project_NCF_Con (2),V29,=T29-U29,
REMOVED,Project_NCF_Con (2),V30,=T30-U30,
REMOVED,Project_NCF_Con (2),V31,=T31-U31,
REMOVED,Project_NCF_Con (2),V32,=T32-U32,
REMOVED,Project_NCF_Con (2),V33,=T33-U33,
REMOVED,Project_NCF_Con (2),V34,=T34-U34,
REMOVED,Project_NCF_Con (2),V35,=T35-U35,
REMOVED,Project_NCF_Con (2),V36,=T36-U36,
REMOVED,Project_NCF_Con (2),V37,=T37-U37,
REMOVED,Project_NCF_Con (2),V38,=T38-U38,
REMOVED,Project_NCF_Con (2),V39,=T39-U39,
REMOVED,Project_NCF_Con (2),V40,=T40-U40,
REMOVED,Project_NCF_Con (2),V41,=T41-U41,
REMOVED,Project_NCF_Con (2),V42,=T42-U42,
REMOVED,Project_NCF_Con (2),V43,=T43-U43,
REMOVED,Project_NCF_Con (2),V44,=T44-U44,
REMOVED,Project_NCF_Con (2),V45,=T45-U45,
REMOVED,Project_NCF_Con (2),V46,=T46-U46,
REMOVED,Project_NCF_Con (2),V47,=T47-U47,
REMOVED,Project_NCF_Con (2),V48,=T48-U48,
REMOVED,Project_NCF_Con (2),V49,=T49-U49,
REMOVED,Project_NCF_Con (2),V5,=T5-U5,
REMOVED,Project_NCF_Con (2),V51,=SUM(V5:V49),
REMOVED,Project_NCF_Con (2),V6,=T6-U6,
REMOVED,Project_NCF_Con (2),V7,=T7-U7,
REMOVED,Project_NCF_Con (2),V8,=T8-U8,
REMOVED,Project_NCF_Con (2),V9,=T9-U9,
REMOVED,Project_NCF_Con (2),W10,=Cap_Allow!FP7+'Cap_Allow Gas'!FP7,
REMOVED,Project_NCF_Con (2),W11,=Cap_Allow!FP8+'Cap_Allow Gas'!FP8,
REMOVED,Project_NCF_Con (2),W12,=Cap_Allow!FP9+'Cap_Allow Gas'!FP9,
REMOVED,Project_NCF_Con (2),W13,=Cap_Allow!FP10+'Cap_Allow Gas'!FP10,
REMOVED,Project_NCF_Con (2),W14,=Cap_Allow!FP11+'Cap_Allow Gas'!FP11,
REMOVED,Project_NCF_Con (2),W15,=Cap_Allow!FP12+'Cap_Allow Gas'!FP12,
REMOVED,Project_NCF_Con (2),W16,=Cap_Allow!FP13+'Cap_Allow Gas'!FP13,
REMOVED,Project_NCF_Con (2),W17,=Cap_Allow!FP14+'Cap_Allow Gas'!FP14,
REMOVED,Project_NCF_Con (2),W18,=Cap_Allow!FP15+'Cap_Allow Gas'!FP15,
REMOVED,Project_NCF_Con (2),W19,=Cap_Allow!FP16+'Cap_Allow Gas'!FP16,
REMOVED,Project_NCF_Con (2),W20,=Cap_Allow!FP17+'Cap_Allow Gas'!FP17,
REMOVED,Project_NCF_Con (2),W21,=Cap_Allow!FP18+'Cap_Allow Gas'!FP18,
REMOVED,Project_NCF_Con (2),W22,=Cap_Allow!FP19+'Cap_Allow Gas'!FP19,
REMOVED,Project_NCF_Con (2),W23,=Cap_Allow!FP20+'Cap_Allow Gas'!FP20,
REMOVED,Project_NCF_Con (2),W24,=Cap_Allow!FP21+'Cap_Allow Gas'!FP21,
REMOVED,Project_NCF_Con (2),W25,=Cap_Allow!FP22+'Cap_Allow Gas'!FP22,
REMOVED,Project_NCF_Con (2),W26,=Cap_Allow!FP23+'Cap_Allow Gas'!FP23,
REMOVED,Project_NCF_Con (2),W27,=Cap_Allow!FP24+'Cap_Allow Gas'!FP24,
REMOVED,Project_NCF_Con (2),W28,=Cap_Allow!FP25+'Cap_Allow Gas'!FP25,
REMOVED,Project_NCF_Con (2),W29,=Cap_Allow!FP26+'Cap_Allow Gas'!FP26,
REMOVED,Project_NCF_Con (2),W30,=Cap_Allow!FP27+'Cap_Allow Gas'!FP27,
REMOVED,Project_NCF_Con (2),W31,=Cap_Allow!FP28+'Cap_Allow Gas'!FP28,
REMOVED,Project_NCF_Con (2),W32,=Cap_Allow!FP29+'Cap_Allow Gas'!FP29,
REMOVED,Project_NCF_Con (2),W33,=Cap_Allow!FP30+'Cap_Allow Gas'!FP30,
REMOVED,Project_NCF_Con (2),W34,=Cap_Allow!FP31+'Cap_Allow Gas'!FP31,
REMOVED,Project_NCF_Con (2),W35,=Cap_Allow!FP32+'Cap_Allow Gas'!FP32,
REMOVED,Project_NCF_Con (2),W36,=Cap_Allow!FP33+'Cap_Allow Gas'!FP33,
REMOVED,Project_NCF_Con (2),W37,=Cap_Allow!FP34+'Cap_Allow Gas'!FP34,
REMOVED,Project_NCF_Con (2),W38,=Cap_Allow!FP35+'Cap_Allow Gas'!FP35,
REMOVED,Project_NCF_Con (2),W39,=Cap_Allow!FP36+'Cap_Allow Gas'!FP36,
REMOVED,Project_NCF_Con (2),W40,=Cap_Allow!FP37+'Cap_Allow Gas'!FP37,
REMOVED,Project_NCF_Con (2),W41,=Cap_Allow!FP38+'Cap_Allow Gas'!FP38,
REMOVED,Project_NCF_Con (2),W42,=Cap_Allow!FP39+'Cap_Allow Gas'!FP39,
REMOVED,Project_NCF_Con (2),W43,=Cap_Allow!FP40+'Cap_Allow Gas'!FP40,
REMOVED,Project_NCF_Con (2),W44,=Cap_Allow!FP41+'Cap_Allow Gas'!FP41,
REMOVED,Project_NCF_Con (2),W45,=Cap_Allow!FP42+'Cap_Allow Gas'!FP42,
REMOVED,Project_NCF_Con (2),W46,=Cap_Allow!FP43+'Cap_Allow Gas'!FP43,
REMOVED,Project_NCF_Con (2),W47,=Cap_Allow!FP44+'Cap_Allow Gas'!FP44,
REMOVED,Project_NCF_Con (2),W48,=Cap_Allow!FP45+'Cap_Allow Gas'!FP45,
REMOVED,Project_NCF_Con (2),W49,=Cap_Allow!FP46+'Cap_Allow Gas'!FP46,
REMOVED,Project_NCF_Con (2),W51,=SUM(W5:W49),
REMOVED,Project_NCF_Con (2),W8,=Cap_Allow!FP5+'Cap_Allow Gas'!FP5,
REMOVED,Project_NCF_Con (2),W9,=Cap_Allow!FP6+'Cap_Allow Gas'!FP6,
REMOVED,Project_NCF_Con (2),X10,=Cap_Allow!FQ7+'Cap_Allow Gas'!FQ7+'Equity Dash'!L6,
REMOVED,Project_NCF_Con (2),X11,=Cap_Allow!FQ8+'Cap_Allow Gas'!FQ8+'Equity Dash'!L7,
REMOVED,Project_NCF_Con (2),X12,=Cap_Allow!FQ9+'Cap_Allow Gas'!FQ9+'Equity Dash'!L8,
REMOVED,Project_NCF_Con (2),X13,=Cap_Allow!FQ10+'Cap_Allow Gas'!FQ10+'Equity Dash'!L9,
REMOVED,Project_NCF_Con (2),X14,=Cap_Allow!FQ11+'Cap_Allow Gas'!FQ11+'Equity Dash'!L10,
REMOVED,Project_NCF_Con (2),X15,=Cap_Allow!FQ12+'Cap_Allow Gas'!FQ12+'Equity Dash'!L11,
REMOVED,Project_NCF_Con (2),X16,=Cap_Allow!FQ13+'Cap_Allow Gas'!FQ13+'Equity Dash'!L12,
REMOVED,Project_NCF_Con (2),X17,=Cap_Allow!FQ14+'Cap_Allow Gas'!FQ14+'Equity Dash'!L13,
REMOVED,Project_NCF_Con (2),X18,=Cap_Allow!FQ15+'Cap_Allow Gas'!FQ15+'Equity Dash'!L14,
REMOVED,Project_NCF_Con (2),X19,=Cap_Allow!FQ16+'Cap_Allow Gas'!FQ16+'Equity Dash'!L15,
REMOVED,Project_NCF_Con (2),X20,=Cap_Allow!FQ17+'Cap_Allow Gas'!FQ17+'Equity Dash'!L16,
REMOVED,Project_NCF_Con (2),X21,=Cap_Allow!FQ18+'Cap_Allow Gas'!FQ18+'Equity Dash'!L17,
REMOVED,Project_NCF_Con (2),X22,=Cap_Allow!FQ19+'Cap_Allow Gas'!FQ19+'Equity Dash'!L18,
REMOVED,Project_NCF_Con (2),X23,=Cap_Allow!FQ20+'Cap_Allow Gas'!FQ20+'Equity Dash'!L19,
REMOVED,Project_NCF_Con (2),X24,=Cap_Allow!FQ21+'Cap_Allow Gas'!FQ21+'Equity Dash'!L20,
REMOVED,Project_NCF_Con (2),X25,=Cap_Allow!FQ22+'Cap_Allow Gas'!FQ22+'Equity Dash'!L21,
REMOVED,Project_NCF_Con (2),X26,=Cap_Allow!FQ23+'Cap_Allow Gas'!FQ23+'Equity Dash'!L22,
REMOVED,Project_NCF_Con (2),X27,=Cap_Allow!FQ24+'Cap_Allow Gas'!FQ24+'Equity Dash'!L23,
REMOVED,Project_NCF_Con (2),X28,=Cap_Allow!FQ25+'Cap_Allow Gas'!FQ25+'Equity Dash'!L24,
REMOVED,Project_NCF_Con (2),X29,=Cap_Allow!FQ26+'Cap_Allow Gas'!FQ26+'Equity Dash'!L25,
REMOVED,Project_NCF_Con (2),X30,=Cap_Allow!FQ27+'Cap_Allow Gas'!FQ27+'Equity Dash'!L26,
REMOVED,Project_NCF_Con (2),X31,=Cap_Allow!FQ28+'Cap_Allow Gas'!FQ28+'Equity Dash'!L27,
REMOVED,Project_NCF_Con (2),X32,=Cap_Allow!FQ29+'Cap_Allow Gas'!FQ29+'Equity Dash'!L28,
REMOVED,Project_NCF_Con (2),X33,=Cap_Allow!FQ30+'Cap_Allow Gas'!FQ30+'Equity Dash'!L29,
REMOVED,Project_NCF_Con (2),X34,=Cap_Allow!FQ31+'Cap_Allow Gas'!FQ31+'Equity Dash'!L30,
REMOVED,Project_NCF_Con (2),X35,=Cap_Allow!FQ32+'Cap_Allow Gas'!FQ32+'Equity Dash'!L31,
REMOVED,Project_NCF_Con (2),X36,=Cap_Allow!FQ33+'Cap_Allow Gas'!FQ33+'Equity Dash'!L32,
REMOVED,Project_NCF_Con (2),X37,=Cap_Allow!FQ34+'Cap_Allow Gas'!FQ34+'Equity Dash'!L33,
REMOVED,Project_NCF_Con (2),X38,=Cap_Allow!FQ35+'Cap_Allow Gas'!FQ35+'Equity Dash'!L34,
REMOVED,Project_NCF_Con (2),X39,=Cap_Allow!FQ36+'Cap_Allow Gas'!FQ36+'Equity Dash'!L35,
REMOVED,Project_NCF_Con (2),X40,=Cap_Allow!FQ37+'Cap_Allow Gas'!FQ37+'Equity Dash'!L36,
REMOVED,Project_NCF_Con (2),X41,=Cap_Allow!FQ38+'Cap_Allow Gas'!FQ38+'Equity Dash'!L37,
REMOVED,Project_NCF_Con (2),X42,=Cap_Allow!FQ39+'Cap_Allow Gas'!FQ39+'Equity Dash'!L38,
REMOVED,Project_NCF_Con (2),X43,=Cap_Allow!FQ40+'Cap_Allow Gas'!FQ40+'Equity Dash'!L39,
REMOVED,Project_NCF_Con (2),X44,=Cap_Allow!FQ41+'Cap_Allow Gas'!FQ41+'Equity Dash'!L40,
REMOVED,Project_NCF_Con (2),X45,=Cap_Allow!FQ42+'Cap_Allow Gas'!FQ42+'Equity Dash'!L41,
REMOVED,Project_NCF_Con (2),X46,=Cap_Allow!FQ43+'Cap_Allow Gas'!FQ43+'Equity Dash'!L42,
REMOVED,Project_NCF_Con (2),X47,=Cap_Allow!FQ44+'Cap_Allow Gas'!FQ44+'Equity Dash'!L43,
REMOVED,Project_NCF_Con (2),X48,=Cap_Allow!FQ45+'Cap_Allow Gas'!FQ45+'Equity Dash'!L44,
REMOVED,Project_NCF_Con (2),X49,=Cap_Allow!FQ46+'Cap_Allow Gas'!FQ46+'Equity Dash'!L45,
REMOVED,Project_NCF_Con (2),X51,=SUM(X5:X49),
REMOVED,Project_NCF_Con (2),X7,=Cap_Allow!FQ4+'Cap_Allow Gas'!FQ4,
REMOVED,Project_NCF_Con (2),X8,=Cap_Allow!FQ5+'Cap_Allow Gas'!FQ5+'Equity Dash'!L4,
REMOVED,Project_NCF_Con (2),X9,=Cap_Allow!FQ6+'Cap_Allow Gas'!FQ6+'Equity Dash'!L5,
REMOVED,Project_NCF_Con (2),Y10,=CIT_NCF_Oil!AC10+CIT_NCF_Gas!AC10,
REMOVED,Project_NCF_Con (2),Y11,=CIT_NCF_Oil!AC11+CIT_NCF_Gas!AC11,
REMOVED,Project_NCF_Con (2),Y12,=CIT_NCF_Oil!AC12+CIT_NCF_Gas!AC12,
REMOVED,Project_NCF_Con (2),Y13,=CIT_NCF_Oil!AC13+CIT_NCF_Gas!AC13,
REMOVED,Project_NCF_Con (2),Y14,=CIT_NCF_Oil!AC14+CIT_NCF_Gas!AC14,
REMOVED,Project_NCF_Con (2),Y15,=CIT_NCF_Oil!AC15+CIT_NCF_Gas!AC15,
REMOVED,Project_NCF_Con (2),Y16,=CIT_NCF_Oil!AC16+CIT_NCF_Gas!AC16,
REMOVED,Project_NCF_Con (2),Y17,=CIT_NCF_Oil!AC17+CIT_NCF_Gas!AC17,
REMOVED,Project_NCF_Con (2),Y18,=CIT_NCF_Oil!AC18+CIT_NCF_Gas!AC18,
REMOVED,Project_NCF_Con (2),Y19,=CIT_NCF_Oil!AC19+CIT_NCF_Gas!AC19,
REMOVED,Project_NCF_Con (2),Y20,=CIT_NCF_Oil!AC20+CIT_NCF_Gas!AC20,
REMOVED,Project_NCF_Con (2),Y21,=CIT_NCF_Oil!AC21+CIT_NCF_Gas!AC21,
REMOVED,Project_NCF_Con (2),Y22,=CIT_NCF_Oil!AC22+CIT_NCF_Gas!AC22,
REMOVED,Project_NCF_Con (2),Y23,=CIT_NCF_Oil!AC23+CIT_NCF_Gas!AC23,
REMOVED,Project_NCF_Con (2),Y24,=CIT_NCF_Oil!AC24+CIT_NCF_Gas!AC24,
REMOVED,Project_NCF_Con (2),Y25,=CIT_NCF_Oil!AC25+CIT_NCF_Gas!AC25,
REMOVED,Project_NCF_Con (2),Y26,=CIT_NCF_Oil!AC26+CIT_NCF_Gas!AC26,
REMOVED,Project_NCF_Con (2),Y27,=CIT_NCF_Oil!AC27+CIT_NCF_Gas!AC27,
REMOVED,Project_NCF_Con (2),Y28,=CIT_NCF_Oil!AC28+CIT_NCF_Gas!AC28,
REMOVED,Project_NCF_Con (2),Y29,=CIT_NCF_Oil!AC29+CIT_NCF_Gas!AC29,
REMOVED,Project_NCF_Con (2),Y30,=CIT_NCF_Oil!AC30+CIT_NCF_Gas!AC30,
REMOVED,Project_NCF_Con (2),Y31,=CIT_NCF_Oil!AC31+CIT_NCF_Gas!AC31,
REMOVED,Project_NCF_Con (2),Y32,=CIT_NCF_Oil!AC32+CIT_NCF_Gas!AC32,
REMOVED,Project_NCF_Con (2),Y33,=CIT_NCF_Oil!AC33+CIT_NCF_Gas!AC33,
REMOVED,Project_NCF_Con (2),Y34,=CIT_NCF_Oil!AC34+CIT_NCF_Gas!AC34,
REMOVED,Project_NCF_Con (2),Y35,=CIT_NCF_Oil!AC35+CIT_NCF_Gas!AC35,
REMOVED,Project_NCF_Con (2),Y36,=CIT_NCF_Oil!AC36+CIT_NCF_Gas!AC36,
REMOVED,Project_NCF_Con (2),Y37,=CIT_NCF_Oil!AC37+CIT_NCF_Gas!AC37,
REMOVED,Project_NCF_Con (2),Y38,=CIT_NCF_Oil!AC38+CIT_NCF_Gas!AC38,
REMOVED,Project_NCF_Con (2),Y39,=CIT_NCF_Oil!AC39+CIT_NCF_Gas!AC39,
REMOVED,Project_NCF_Con (2),Y40,=CIT_NCF_Oil!AC40+CIT_NCF_Gas!AC40,
REMOVED,Project_NCF_Con (2),Y41,=CIT_NCF_Oil!AC41+CIT_NCF_Gas!AC41,
REMOVED,Project_NCF_Con (2),Y42,=CIT_NCF_Oil!AC42+CIT_NCF_Gas!AC42,
REMOVED,Project_NCF_Con (2),Y43,=CIT_NCF_Oil!AC43+CIT_NCF_Gas!AC43,
REMOVED,Project_NCF_Con (2),Y44,=CIT_NCF_Oil!AC44+CIT_NCF_Gas!AC44,
REMOVED,Project_NCF_Con (2),Y45,=CIT_NCF_Oil!AC45+CIT_NCF_Gas!AC45,
REMOVED,Project_NCF_Con (2),Y46,=CIT_NCF_Oil!AC46+CIT_NCF_Gas!AC46,
REMOVED,Project_NCF_Con (2),Y47,=CIT_NCF_Oil!AC47+CIT_NCF_Gas!AC47,
REMOVED,Project_NCF_Con (2),Y48,=CIT_NCF_Oil!AC48+CIT_NCF_Gas!AC48,
REMOVED,Project_NCF_Con (2),Y49,=CIT_NCF_Oil!AC49+CIT_NCF_Gas!AC49,
REMOVED,Project_NCF_Con (2),Y5,=CIT_NCF_Oil!AC5+CIT_NCF_Gas!AC5,
REMOVED,Project_NCF_Con (2),Y51,=SUM(Y5:Y49),
REMOVED,Project_NCF_Con (2),Y6,=CIT_NCF_Oil!AC6+CIT_NCF_Gas!AC6,
REMOVED,Project_NCF_Con (2),Y7,=CIT_NCF_Oil!AC7+CIT_NCF_Gas!AC7,
REMOVED,Project_NCF_Con (2),Y8,=CIT_NCF_Oil!AC8+CIT_NCF_Gas!AC8,
REMOVED,Project_NCF_Con (2),Y9,=CIT_NCF_Oil!AC9+CIT_NCF_Gas!AC9,
REMOVED,Project_NCF_Con (2),Z10,=V10-X10,
REMOVED,Project_NCF_Con (2),Z11,=V11-X11,
REMOVED,Project_NCF_Con (2),Z12,=V12-X12,
REMOVED,Project_NCF_Con (2),Z13,=V13-X13,
REMOVED,Project_NCF_Con (2),Z14,=V14-X14,
REMOVED,Project_NCF_Con (2),Z15,=V15-X15,
REMOVED,Project_NCF_Con (2),Z16,=V16-X16,
REMOVED,Project_NCF_Con (2),Z17,=V17-X17,
REMOVED,Project_NCF_Con (2),Z18,=V18-X18,
REMOVED,Project_NCF_Con (2),Z19,=V19-X19,
REMOVED,Project_NCF_Con (2),Z20,=V20-X20,
REMOVED,Project_NCF_Con (2),Z21,=V21-X21,
REMOVED,Project_NCF_Con (2),Z22,=V22-X22,
REMOVED,Project_NCF_Con (2),Z23,=V23-X23,
REMOVED,Project_NCF_Con (2),Z24,=V24-X24,
REMOVED,Project_NCF_Con (2),Z25,=V25-X25,
REMOVED,Project_NCF_Con (2),Z26,=V26-X26,
REMOVED,Project_NCF_Con (2),Z27,=V27-X27,
REMOVED,Project_NCF_Con (2),Z28,=V28-X28,
REMOVED,Project_NCF_Con (2),Z29,=V29-X29,
REMOVED,Project_NCF_Con (2),Z30,=V30-X30,
REMOVED,Project_NCF_Con (2),Z31,=V31-X31,
REMOVED,Project_NCF_Con (2),Z32,=V32-X32,
REMOVED,Project_NCF_Con (2),Z33,=V33-X33,
REMOVED,Project_NCF_Con (2),Z34,=V34-X34,
REMOVED,Project_NCF_Con (2),Z35,=V35-X35,
REMOVED,Project_NCF_Con (2),Z36,=V36-X36,
REMOVED,Project_NCF_Con (2),Z37,=V37-X37,
REMOVED,Project_NCF_Con (2),Z38,=V38-X38,
REMOVED,Project_NCF_Con (2),Z39,=V39-X39,
REMOVED,Project_NCF_Con (2),Z40,=V40-X40,
REMOVED,Project_NCF_Con (2),Z41,=V41-X41,
REMOVED,Project_NCF_Con (2),Z42,=V42-X42,
REMOVED,Project_NCF_Con (2),Z43,=V43-X43,
REMOVED,Project_NCF_Con (2),Z44,=V44-X44,
REMOVED,Project_NCF_Con (2),Z45,=V45-X45,
REMOVED,Project_NCF_Con (2),Z46,=V46-X46,
REMOVED,Project_NCF_Con (2),Z47,=V47-X47,
REMOVED,Project_NCF_Con (2),Z48,=V48-X48,
REMOVED,Project_NCF_Con (2),Z49,=V49-X49,
REMOVED,Project_NCF_Con (2),Z5,=CIT_NCF_Oil!AD5+CIT_NCF_Gas!AD5,
REMOVED,Project_NCF_Con (2),Z51,=SUM(Z5:Z49),
REMOVED,Project_NCF_Con (2),Z6,=CIT_NCF_Oil!AD6+CIT_NCF_Gas!AD6,
REMOVED,Project_NCF_Con (2),Z7,=V7-X7,
REMOVED,Project_NCF_Con (2),Z8,=V8-X8,
REMOVED,Project_NCF_Con (2),Z9,=V9-X9,
REMOVED,START,B3419,=B3414,
REMOVED,START,B3427,=B3422,
REMOVED,START,E3413,=#REF!,
REMOVED,START,E3414,=#REF!,
REMOVED,START,E3415,=#REF!,
REMOVED,START,E3416,=#REF!,
REMOVED,START,E3417,=#REF!,
REMOVED,START,E3421,=#REF!,
REMOVED,START,E3422,=#REF!,
REMOVED,START,E3423,=#REF!,
REMOVED,START,E3424,=#REF!,
REMOVED,START,E3425,=#REF!,
REMOVED,START,E3429,=#REF!,
REMOVED,START,E3430,=#REF!,
REMOVED,START,E3431,=#REF!,
REMOVED,START,E3432,=#REF!,
REMOVED,START,E3433,=#REF!,
REMOVED,START,E3437,=#REF!,
REMOVED,START,E3438,=#REF!,
REMOVED,START,E3439,=#REF!,
REMOVED,START,E3440,=#REF!,
REMOVED,START,E3441,=#REF!,
REMOVED,START,F3416,=#REF!,
REMOVED,START,F3417,=#REF!,
REMOVED,START,F3424,=#REF!,
REMOVED,START,F3425,=#REF!,
REMOVED,START,F3432,=#REF!,
REMOVED,START,F3433,=#REF!,
REMOVED,START,F3440,=#REF!,
REMOVED,START,F3441,=#REF!,
REMOVED,Sheet1,K15,=SUM(K3:K14),
REMOVED,Sheet1,K25,=SUM(K19:K23),
REMOVED,Sheet1,L15,=SUM(L3:L14),
REMOVED,Sheet1,L19,=(1+2%)^(J19-$J$19),
REMOVED,Sheet1,L20,=(1+2%)^(J20-$J$19),
REMOVED,Sheet1,L21,=(1+2%)^(J21-$J$19),
REMOVED,Sheet1,L22,=(1+2%)^(J22-$J$19),
REMOVED,Sheet1,L23,=(1+2%)^(J23-$J$19),
REMOVED,Sheet1,M10,=$K$3*L10/$L$15,
REMOVED,Sheet1,M11,=$K$3*L11/$L$15,
REMOVED,Sheet1,M12,=$K$3*L12/$L$15,
REMOVED,Sheet1,M13,=$K$3*L13/$L$15,
REMOVED,Sheet1,M14,=$K$3*L14/$L$15,
REMOVED,Sheet1,M15,=SUM(M3:M14),
REMOVED,Sheet1,M19,=K19/L19,
REMOVED,Sheet1,M20,=K20/L20,
REMOVED,Sheet1,M21,=K21/L21,
REMOVED,Sheet1,M22,=K22/L22,
REMOVED,Sheet1,M23,=K23/L23,
REMOVED,Sheet1,M25,=SUM(M19:M23),
REMOVED,Sheet1,M27,=$K$25-M25,
REMOVED,Sheet1,M3,=$K$3*L3/$L$15,
REMOVED,Sheet1,M4,=$K$3*L4/$L$15,
REMOVED,Sheet1,M5,=$K$3*L5/$L$15,
REMOVED,Sheet1,M6,=$K$3*L6/$L$15,
REMOVED,Sheet1,M7,=$K$3*L7/$L$15,
REMOVED,Sheet1,M8,=$K$3*L8/$L$15,
REMOVED,Sheet1,M9,=$K$3*L9/$L$15,
REMOVED,Sheet1,N25,=SUM(N19:N23),
REMOVED,Sheet1,O19,=N19*L19,
REMOVED,Sheet1,O20,=N20*L20,
REMOVED,Sheet1,O21,=N21*L21,
REMOVED,Sheet1,O22,=N22*L22,
REMOVED,Sheet1,O23,=N23*L23,
REMOVED,Sheet1,O25,=SUM(O19:O23),
REMOVED,Sheet1,O27,=$K$25-O25,
REMOVED,Sheet1,P19,=K19-M19,
REMOVED,Sheet1,P20,=K20-M20,
REMOVED,Sheet1,P21,=K21-M21,
REMOVED,Sheet1,P22,=K22-M22,
REMOVED,Sheet1,P23,=K23-M23,
REMOVED,Sheet1,Q19,=N19-O19,
REMOVED,Sheet1,Q20,=N20-O20,
REMOVED,Sheet1,Q21,=N21-O21,
REMOVED,Sheet1,Q22,=N22-O22,
REMOVED,Sheet1,Q23,=N23-O23,
CHANGED,Analysis,D112,=J117,=Ec_IO!E81
CHANGED,Analysis,D21,=J21,=Ec_IO!D67
CHANGED,Analysis,E22,=C22,=Ec_IO!E68
CHANGED,Analysis,E23,=C23,=Ec_IO!E69
CHANGED,Analysis,E24,=C24,=Ec_IO!E70
CHANGED,Analysis,E25,=C25,=Ec_IO!E71
CHANGED,Analysis,E26,=C26,=Ec_IO!E72
CHANGED,Analysis,E27,=C27,=Ec_IO!E73
CHANGED,Analysis,E28,=C28,=Ec_IO!E74
CHANGED,Analysis,E29,=C29,=Ec_IO!E75
CHANGED,Analysis,E30,=C30,=Ec_IO!E76
CHANGED,Analysis,E31,=C31,=Ec_IO!E77
CHANGED,Analysis,E32,=C32,=Ec_IO!E78
CHANGED,Analysis,F21,=Ec_IO!G6,=Ec_IO!F67
CHANGED,CR Econ,G10,=Cap_Allow!FP7,=Cap_Allow!FP7+'Cap_Allow Gas'!FP7
CHANGED,CR Econ,G11,=Cap_Allow!FP8,=Cap_Allow!FP8+'Cap_Allow Gas'!FP8
CHANGED,CR Econ,G12,=Cap_Allow!FP9,=Cap_Allow!FP9+'Cap_Allow Gas'!FP9
CHANGED,CR Econ,G13,=Cap_Allow!FP10,=Cap_Allow!FP10+'Cap_Allow Gas'!FP10
CHANGED,CR Econ,G14,=Cap_Allow!FP11,=Cap_Allow!FP11+'Cap_Allow Gas'!FP11
CHANGED,CR Econ,G15,=Cap_Allow!FP12,=Cap_Allow!FP12+'Cap_Allow Gas'!FP12
CHANGED,CR Econ,G16,=Cap_Allow!FP13,=Cap_Allow!FP13+'Cap_Allow Gas'!FP13
CHANGED,CR Econ,G17,=Cap_Allow!FP14,=Cap_Allow!FP14+'Cap_Allow Gas'!FP14
CHANGED,CR Econ,G18,=Cap_Allow!FP15,=Cap_Allow!FP15+'Cap_Allow Gas'!FP15
CHANGED,CR Econ,G19,=Cap_Allow!FP16,=Cap_Allow!FP16+'Cap_Allow Gas'!FP16
CHANGED,CR Econ,G20,=Cap_Allow!FP17,=Cap_Allow!FP17+'Cap_Allow Gas'!FP17
CHANGED,CR Econ,G21,=Cap_Allow!FP18,=Cap_Allow!FP18+'Cap_Allow Gas'!FP18
CHANGED,CR Econ,G22,=Cap_Allow!FP19,=Cap_Allow!FP19+'Cap_Allow Gas'!FP19
CHANGED,CR Econ,G23,=Cap_Allow!FP20,=Cap_Allow!FP20+'Cap_Allow Gas'!FP20
CHANGED,CR Econ,G24,=Cap_Allow!FP21,=Cap_Allow!FP21+'Cap_Allow Gas'!FP21
CHANGED,CR Econ,G25,=Cap_Allow!FP22,=Cap_Allow!FP22+'Cap_Allow Gas'!FP22
CHANGED,CR Econ,G26,=Cap_Allow!FP23,=Cap_Allow!FP23+'Cap_Allow Gas'!FP23
CHANGED,CR Econ,G27,=Cap_Allow!FP24,=Cap_Allow!FP24+'Cap_Allow Gas'!FP24
CHANGED,CR Econ,G28,=Cap_Allow!FP25,=Cap_Allow!FP25+'Cap_Allow Gas'!FP25
CHANGED,CR Econ,G29,=Cap_Allow!FP26,=Cap_Allow!FP26+'Cap_Allow Gas'!FP26
CHANGED,CR Econ,G30,=Cap_Allow!FP27,=Cap_Allow!FP27+'Cap_Allow Gas'!FP27
CHANGED,CR Econ,G31,=Cap_Allow!FP28,=Cap_Allow!FP28+'Cap_Allow Gas'!FP28
CHANGED,CR Econ,G32,=Cap_Allow!FP29,=Cap_Allow!FP29+'Cap_Allow Gas'!FP29
CHANGED,CR Econ,G33,=Cap_Allow!FP30,=Cap_Allow!FP30+'Cap_Allow Gas'!FP30
CHANGED,CR Econ,G34,=Cap_Allow!FP31,=Cap_Allow!FP31+'Cap_Allow Gas'!FP31
CHANGED,CR Econ,G35,=Cap_Allow!FP32,=Cap_Allow!FP32+'Cap_Allow Gas'!FP32
CHANGED,CR Econ,G36,=Cap_Allow!FP33,=Cap_Allow!FP33+'Cap_Allow Gas'!FP33
CHANGED,CR Econ,G37,=Cap_Allow!FP34,=Cap_Allow!FP34+'Cap_Allow Gas'!FP34
CHANGED,CR Econ,G38,=Cap_Allow!FP35,=Cap_Allow!FP35+'Cap_Allow Gas'!FP35
CHANGED,CR Econ,G39,=Cap_Allow!FP36,=Cap_Allow!FP36+'Cap_Allow Gas'!FP36
CHANGED,CR Econ,G40,=Cap_Allow!FP37,=Cap_Allow!FP37+'Cap_Allow Gas'!FP37
CHANGED,CR Econ,G41,=Cap_Allow!FP38,=Cap_Allow!FP38+'Cap_Allow Gas'!FP38
CHANGED,CR Econ,G42,=Cap_Allow!FP39,=Cap_Allow!FP39+'Cap_Allow Gas'!FP39
CHANGED,CR Econ,G43,=Cap_Allow!FP40,=Cap_Allow!FP40+'Cap_Allow Gas'!FP40
CHANGED,CR Econ,G44,=Cap_Allow!FP41,=Cap_Allow!FP41+'Cap_Allow Gas'!FP41
CHANGED,CR Econ,G45,=Cap_Allow!FP42,=Cap_Allow!FP42+'Cap_Allow Gas'!FP42
CHANGED,CR Econ,G46,=Cap_Allow!FP43,=Cap_Allow!FP43+'Cap_Allow Gas'!FP43
CHANGED,CR Econ,G47,=Cap_Allow!FP44,=Cap_Allow!FP44+'Cap_Allow Gas'!FP44
CHANGED,CR Econ,G48,=Cap_Allow!FP45,=Cap_Allow!FP45+'Cap_Allow Gas'!FP45
CHANGED,CR Econ,G49,=Cap_Allow!FP46,=Cap_Allow!FP46+'Cap_Allow Gas'!FP46
CHANGED,CR Econ,G8,=Cap_Allow!FP5,=Cap_Allow!FP5+'Cap_Allow Gas'!FP5
CHANGED,CR Econ,G9,=Cap_Allow!FP6,=Cap_Allow!FP6+'Cap_Allow Gas'!FP6
CHANGED,CR Econ,H10,=Cap_Allow!GX7+Cap_Allow!HC7,=Cap_Allow!GX7+Cap_Allow!HC7+'Cap_Allow Gas'!GX7+'Cap_Allow Gas'!HC7
CHANGED,CR Econ,H11,=Cap_Allow!GX8+Cap_Allow!HC8,=Cap_Allow!GX8+Cap_Allow!HC8+'Cap_Allow Gas'!GX8+'Cap_Allow Gas'!HC8
CHANGED,CR Econ,H12,=Cap_Allow!GX9+Cap_Allow!HC9,=Cap_Allow!GX9+Cap_Allow!HC9+'Cap_Allow Gas'!GX9+'Cap_Allow Gas'!HC9
CHANGED,CR Econ,H13,=Cap_Allow!GX10+Cap_Allow!HC10,=Cap_Allow!GX10+Cap_Allow!HC10+'Cap_Allow Gas'!GX10+'Cap_Allow Gas'!HC10
CHANGED,CR Econ,H14,=Cap_Allow!GX11+Cap_Allow!HC11,=Cap_Allow!GX11+Cap_Allow!HC11+'Cap_Allow Gas'!GX11+'Cap_Allow Gas'!HC11
CHANGED,CR Econ,H15,=Cap_Allow!GX12+Cap_Allow!HC12,=Cap_Allow!GX12+Cap_Allow!HC12+'Cap_Allow Gas'!GX12+'Cap_Allow Gas'!HC12
CHANGED,CR Econ,H16,=Cap_Allow!GX13+Cap_Allow!HC13,=Cap_Allow!GX13+Cap_Allow!HC13+'Cap_Allow Gas'!GX13+'Cap_Allow Gas'!HC13
CHANGED,CR Econ,H17,=Cap_Allow!GX14+Cap_Allow!HC14,=Cap_Allow!GX14+Cap_Allow!HC14+'Cap_Allow Gas'!GX14+'Cap_Allow Gas'!HC14
CHANGED,CR Econ,H18,=Cap_Allow!GX15+Cap_Allow!HC15,=Cap_Allow!GX15+Cap_Allow!HC15+'Cap_Allow Gas'!GX15+'Cap_Allow Gas'!HC15
CHANGED,CR Econ,H19,=Cap_Allow!GX16+Cap_Allow!HC16,=Cap_Allow!GX16+Cap_Allow!HC16+'Cap_Allow Gas'!GX16+'Cap_Allow Gas'!HC16
CHANGED,CR Econ,H20,=Cap_Allow!GX17+Cap_Allow!HC17,=Cap_Allow!GX17+Cap_Allow!HC17+'Cap_Allow Gas'!GX17+'Cap_Allow Gas'!HC17
CHANGED,CR Econ,H21,=Cap_Allow!GX18+Cap_Allow!HC18,=Cap_Allow!GX18+Cap_Allow!HC18+'Cap_Allow Gas'!GX18+'Cap_Allow Gas'!HC18
CHANGED,CR Econ,H22,=Cap_Allow!GX19+Cap_Allow!HC19,=Cap_Allow!GX19+Cap_Allow!HC19+'Cap_Allow Gas'!GX19+'Cap_Allow Gas'!HC19
CHANGED,CR Econ,H23,=Cap_Allow!GX20+Cap_Allow!HC20,=Cap_Allow!GX20+Cap_Allow!HC20+'Cap_Allow Gas'!GX20+'Cap_Allow Gas'!HC20
CHANGED,CR Econ,H24,=Cap_Allow!GX21+Cap_Allow!HC21,=Cap_Allow!GX21+Cap_Allow!HC21+'Cap_Allow Gas'!GX21+'Cap_Allow Gas'!HC21
CHANGED,CR Econ,H25,=Cap_Allow!GX22+Cap_Allow!HC22,=Cap_Allow!GX22+Cap_Allow!HC22+'Cap_Allow Gas'!GX22+'Cap_Allow Gas'!HC22
CHANGED,CR Econ,H26,=Cap_Allow!GX23+Cap_Allow!HC23,=Cap_Allow!GX23+Cap_Allow!HC23+'Cap_Allow Gas'!GX23+'Cap_Allow Gas'!HC23
CHANGED,CR Econ,H27,=Cap_Allow!GX24+Cap_Allow!HC24,=Cap_Allow!GX24+Cap_Allow!HC24+'Cap_Allow Gas'!GX24+'Cap_Allow Gas'!HC24
CHANGED,CR Econ,H28,=Cap_Allow!GX25+Cap_Allow!HC25,=Cap_Allow!GX25+Cap_Allow!HC25+'Cap_Allow Gas'!GX25+'Cap_Allow Gas'!HC25
CHANGED,CR Econ,H29,=Cap_Allow!GX26+Cap_Allow!HC26,=Cap_Allow!GX26+Cap_Allow!HC26+'Cap_Allow Gas'!GX26+'Cap_Allow Gas'!HC26
CHANGED,CR Econ,H30,=Cap_Allow!GX27+Cap_Allow!HC27,=Cap_Allow!GX27+Cap_Allow!HC27+'Cap_Allow Gas'!GX27+'Cap_Allow Gas'!HC27
CHANGED,CR Econ,H31,=Cap_Allow!GX28+Cap_Allow!HC28,=Cap_Allow!GX28+Cap_Allow!HC28+'Cap_Allow Gas'!GX28+'Cap_Allow Gas'!HC28
CHANGED,CR Econ,H32,=Cap_Allow!GX29+Cap_Allow!HC29,=Cap_Allow!GX29+Cap_Allow!HC29+'Cap_Allow Gas'!GX29+'Cap_Allow Gas'!HC29
CHANGED,CR Econ,H33,=Cap_Allow!GX30+Cap_Allow!HC30,=Cap_Allow!GX30+Cap_Allow!HC30+'Cap_Allow Gas'!GX30+'Cap_Allow Gas'!HC30
CHANGED,CR Econ,H34,=Cap_Allow!GX31+Cap_Allow!HC31,=Cap_Allow!GX31+Cap_Allow!HC31+'Cap_Allow Gas'!GX31+'Cap_Allow Gas'!HC31
CHANGED,CR Econ,H35,=Cap_Allow!GX32+Cap_Allow!HC32,=Cap_Allow!GX32+Cap_Allow!HC32+'Cap_Allow Gas'!GX32+'Cap_Allow Gas'!HC32
CHANGED,CR Econ,H36,=Cap_Allow!GX33+Cap_Allow!HC33,=Cap_Allow!GX33+Cap_Allow!HC33+'Cap_Allow Gas'!GX33+'Cap_Allow Gas'!HC33
CHANGED,CR Econ,H37,=Cap_Allow!GX34+Cap_Allow!HC34,=Cap_Allow!GX34+Cap_Allow!HC34+'Cap_Allow Gas'!GX34+'Cap_Allow Gas'!HC34
CHANGED,CR Econ,H38,=Cap_Allow!GX35+Cap_Allow!HC35,=Cap_Allow!GX35+Cap_Allow!HC35+'Cap_Allow Gas'!GX35+'Cap_Allow Gas'!HC35
CHANGED,CR Econ,H39,=Cap_Allow!GX36+Cap_Allow!HC36,=Cap_Allow!GX36+Cap_Allow!HC36+'Cap_Allow Gas'!GX36+'Cap_Allow Gas'!HC36
CHANGED,CR Econ,H40,=Cap_Allow!GX37+Cap_Allow!HC37,=Cap_Allow!GX37+Cap_Allow!HC37+'Cap_Allow Gas'!GX37+'Cap_Allow Gas'!HC37
CHANGED,CR Econ,H41,=Cap_Allow!GX38+Cap_Allow!HC38,=Cap_Allow!GX38+Cap_Allow!HC38+'Cap_Allow Gas'!GX38+'Cap_Allow Gas'!HC38
CHANGED,CR Econ,H42,=Cap_Allow!GX39+Cap_Allow!HC39,=Cap_Allow!GX39+Cap_Allow!HC39+'Cap_Allow Gas'!GX39+'Cap_Allow Gas'!HC39
CHANGED,CR Econ,H43,=Cap_Allow!GX40+Cap_Allow!HC40,=Cap_Allow!GX40+Cap_Allow!HC40+'Cap_Allow Gas'!GX40+'Cap_Allow Gas'!HC40
CHANGED,CR Econ,H44,=Cap_Allow!GX41+Cap_Allow!HC41,=Cap_Allow!GX41+Cap_Allow!HC41+'Cap_Allow Gas'!GX41+'Cap_Allow Gas'!HC41
CHANGED,CR Econ,H45,=Cap_Allow!GX42+Cap_Allow!HC42,=Cap_Allow!GX42+Cap_Allow!HC42+'Cap_Allow Gas'!GX42+'Cap_Allow Gas'!HC42
CHANGED,CR Econ,H46,=Cap_Allow!GX43+Cap_Allow!HC43,=Cap_Allow!GX43+Cap_Allow!HC43+'Cap_Allow Gas'!GX43+'Cap_Allow Gas'!HC43
CHANGED,CR Econ,H47,=Cap_Allow!GX44+Cap_Allow!HC44,=Cap_Allow!GX44+Cap_Allow!HC44+'Cap_Allow Gas'!GX44+'Cap_Allow Gas'!HC44
CHANGED,CR Econ,H48,=Cap_Allow!GX45+Cap_Allow!HC45,=Cap_Allow!GX45+Cap_Allow!HC45+'Cap_Allow Gas'!GX45+'Cap_Allow Gas'!HC45
CHANGED,CR Econ,H49,=Cap_Allow!GX46+Cap_Allow!HC46,=Cap_Allow!GX46+Cap_Allow!HC46+'Cap_Allow Gas'!GX46+'Cap_Allow Gas'!HC46
CHANGED,CR Econ,H8,=Cap_Allow!GX5+Cap_Allow!HC5,=Cap_Allow!GX5+Cap_Allow!HC5+'Cap_Allow Gas'!GX5+'Cap_Allow Gas'!HC5
CHANGED,CR Econ,H9,=Cap_Allow!GX6+Cap_Allow!HC6,=Cap_Allow!GX6+Cap_Allow!HC6+'Cap_Allow Gas'!GX6+'Cap_Allow Gas'!HC6
CHANGED,CR Econ,I10,=Cap_Allow!FI7,=Cap_Allow!FI7+'Cap_Allow Gas'!FI7
CHANGED,CR Econ,I11,=Cap_Allow!FI8,=Cap_Allow!FI8+'Cap_Allow Gas'!FI8
CHANGED,CR Econ,I12,=Cap_Allow!FI9,=Cap_Allow!FI9+'Cap_Allow Gas'!FI9
CHANGED,CR Econ,I13,=Cap_Allow!FI10,=Cap_Allow!FI10+'Cap_Allow Gas'!FI10
CHANGED,CR Econ,I14,=Cap_Allow!FI11,=Cap_Allow!FI11+'Cap_Allow Gas'!FI11
CHANGED,CR Econ,I15,=Cap_Allow!FI12,=Cap_Allow!FI12+'Cap_Allow Gas'!FI12
CHANGED,CR Econ,I16,=Cap_Allow!FI13,=Cap_Allow!FI13+'Cap_Allow Gas'!FI13
CHANGED,CR Econ,I17,=Cap_Allow!FI14,=Cap_Allow!FI14+'Cap_Allow Gas'!FI14
CHANGED,CR Econ,I18,=Cap_Allow!FI15,=Cap_Allow!FI15+'Cap_Allow Gas'!FI15
CHANGED,CR Econ,I19,=Cap_Allow!FI16,=Cap_Allow!FI16+'Cap_Allow Gas'!FI16
CHANGED,CR Econ,I20,=Cap_Allow!FI17,=Cap_Allow!FI17+'Cap_Allow Gas'!FI17
CHANGED,CR Econ,I21,=Cap_Allow!FI18,=Cap_Allow!FI18+'Cap_Allow Gas'!FI18
CHANGED,CR Econ,I22,=Cap_Allow!FI19,=Cap_Allow!FI19+'Cap_Allow Gas'!FI19
CHANGED,CR Econ,I23,=Cap_Allow!FI20,=Cap_Allow!FI20+'Cap_Allow Gas'!FI20
CHANGED,CR Econ,I24,=Cap_Allow!FI21,=Cap_Allow!FI21+'Cap_Allow Gas'!FI21
CHANGED,CR Econ,I25,=Cap_Allow!FI22,=Cap_Allow!FI22+'Cap_Allow Gas'!FI22
CHANGED,CR Econ,I26,=Cap_Allow!FI23,=Cap_Allow!FI23+'Cap_Allow Gas'!FI23
CHANGED,CR Econ,I27,=Cap_Allow!FI24,=Cap_Allow!FI24+'Cap_Allow Gas'!FI24
CHANGED,CR Econ,I28,=Cap_Allow!FI25,=Cap_Allow!FI25+'Cap_Allow Gas'!FI25
CHANGED,CR Econ,I29,=Cap_Allow!FI26,=Cap_Allow!FI26+'Cap_Allow Gas'!FI26
CHANGED,CR Econ,I30,=Cap_Allow!FI27,=Cap_Allow!FI27+'Cap_Allow Gas'!FI27
CHANGED,CR Econ,I31,=Cap_Allow!FI28,=Cap_Allow!FI28+'Cap_Allow Gas'!FI28
CHANGED,CR Econ,I32,=Cap_Allow!FI29,=Cap_Allow!FI29+'Cap_Allow Gas'!FI29
CHANGED,CR Econ,I33,=Cap_Allow!FI30,=Cap_Allow!FI30+'Cap_Allow Gas'!FI30
CHANGED,CR Econ,I34,=Cap_Allow!FI31,=Cap_Allow!FI31+'Cap_Allow Gas'!FI31
CHANGED,CR Econ,I35,=Cap_Allow!FI32,=Cap_Allow!FI32+'Cap_Allow Gas'!FI32
CHANGED,CR Econ,I36,=Cap_Allow!FI33,=Cap_Allow!FI33+'Cap_Allow Gas'!FI33
CHANGED,CR Econ,I37,=Cap_Allow!FI34,=Cap_Allow!FI34+'Cap_Allow Gas'!FI34
CHANGED,CR Econ,I38,=Cap_Allow!FI35,=Cap_Allow!FI35+'Cap_Allow Gas'!FI35
CHANGED,CR Econ,I39,=Cap_Allow!FI36,=Cap_Allow!FI36+'Cap_Allow Gas'!FI36
CHANGED,CR Econ,I40,=Cap_Allow!FI37,=Cap_Allow!FI37+'Cap_Allow Gas'!FI37
CHANGED,CR Econ,I41,=Cap_Allow!FI38,=Cap_Allow!FI38+'Cap_Allow Gas'!FI38
CHANGED,CR Econ,I42,=Cap_Allow!FI39,=Cap_Allow!FI39+'Cap_Allow Gas'!FI39
CHANGED,CR Econ,I43,=Cap_Allow!FI40,=Cap_Allow!FI40+'Cap_Allow Gas'!FI40
CHANGED,CR Econ,I44,=Cap_Allow!FI41,=Cap_Allow!FI41+'Cap_Allow Gas'!FI41
CHANGED,CR Econ,I45,=Cap_Allow!FI42,=Cap_Allow!FI42+'Cap_Allow Gas'!FI42
CHANGED,CR Econ,I46,=Cap_Allow!FI43,=Cap_Allow!FI43+'Cap_Allow Gas'!FI43
CHANGED,CR Econ,I47,=Cap_Allow!FI44,=Cap_Allow!FI44+'Cap_Allow Gas'!FI44
CHANGED,CR Econ,I48,=Cap_Allow!FI45,=Cap_Allow!FI45+'Cap_Allow Gas'!FI45
CHANGED,CR Econ,I49,=Cap_Allow!FI46,=Cap_Allow!FI46+'Cap_Allow Gas'!FI46
CHANGED,CR Econ,I8,=Cap_Allow!FI5,=Cap_Allow!FI5+'Cap_Allow Gas'!FI5
CHANGED,CR Econ,I9,=Cap_Allow!FI6,=Cap_Allow!FI6+'Cap_Allow Gas'!FI6
CHANGED,CR Econ,R10,"=IF(Q10=0,"""",IF(Q10<='Fiscal Terms_PIA'!$W$60,'Fiscal Terms_PIA'!$X$60,IF(AND(Q10>'Fiscal Terms_PIA'!$W$60,Q10<='Fiscal Terms_PIA'!$W$61),('Fiscal Terms_PIA'!$X$60*'Fiscal Terms_PIA'!$W$60+(Q10-'Fiscal Terms_PIA'!$W$60)*'Fiscal Terms_PIA'!$X$61)/Q10,IF(AND(Q10>'Fiscal Terms_PIA'!$W$61,Q10<='Fiscal Terms_PIA'!$W$62),('Fiscal Terms_PIA'!$X$60*'Fiscal Terms_PIA'!$W$60+'Fiscal Terms_PIA'!$X$61*('Fiscal Terms_PIA'!$W$61-'Fiscal Terms_PIA'!$W$60)+'Fiscal Terms_PIA'!$X$62*(Q10-'Fiscal Terms_PIA'!$W$61)","=IF(Q10=0,0,IF(Q10<='Fiscal Terms_PIA'!$W$60,'Fiscal Terms_PIA'!$X$60,IF(AND(Q10>'Fiscal Terms_PIA'!$W$60,Q10<='Fiscal Terms_PIA'!$W$61),('Fiscal Terms_PIA'!$X$60*'Fiscal Terms_PIA'!$W$60+(Q10-'Fiscal Terms_PIA'!$W$60)*'Fiscal Terms_PIA'!$X$61)/Q10,IF(AND(Q10>'Fiscal Terms_PIA'!$W$61,Q10<='Fiscal Terms_PIA'!$W$62),('Fiscal Terms_PIA'!$X$60*'Fiscal Terms_PIA'!$W$60+'Fiscal Terms_PIA'!$X$61*('Fiscal Terms_PIA'!$W$61-'Fiscal Terms_PIA'!$W$60)+'Fiscal Terms_PIA'!$X$62*(Q10-'Fiscal Terms_PIA'!$W$61))"
CHANGED,CR Econ,R11,"=IF(Q11=0,"""",IF(Q11<='Fiscal Terms_PIA'!$W$60,'Fiscal Terms_PIA'!$X$60,IF(AND(Q11>'Fiscal Terms_PIA'!$W$60,Q11<='Fiscal Terms_PIA'!$W$61),('Fiscal Terms_PIA'!$X$60*'Fiscal Terms_PIA'!$W$60+(Q11-'Fiscal Terms_PIA'!$W$60)*'Fiscal Terms_PIA'!$X$61)/Q11,IF(AND(Q11>'Fiscal Terms_PIA'!$W$61,Q11<='Fiscal Terms_PIA'!$W$62),('Fiscal Terms_PIA'!$X$60*'Fiscal Terms_PIA'!$W$60+'Fiscal Terms_PIA'!$X$61*('Fiscal Terms_PIA'!$W$61-'Fiscal Terms_PIA'!$W$60)+'Fiscal Terms_PIA'!$X$62*(Q11-'Fiscal Terms_PIA'!$W$61)","=IF(Q11=0,0,IF(Q11<='Fiscal Terms_PIA'!$W$60,'Fiscal Terms_PIA'!$X$60,IF(AND(Q11>'Fiscal Terms_PIA'!$W$60,Q11<='Fiscal Terms_PIA'!$W$61),('Fiscal Terms_PIA'!$X$60*'Fiscal Terms_PIA'!$W$60+(Q11-'Fiscal Terms_PIA'!$W$60)*'Fiscal Terms_PIA'!$X$61)/Q11,IF(AND(Q11>'Fiscal Terms_PIA'!$W$61,Q11<='Fiscal Terms_PIA'!$W$62),('Fiscal Terms_PIA'!$X$60*'Fiscal Terms_PIA'!$W$60+'Fiscal Terms_PIA'!$X$61*('Fiscal Terms_PIA'!$W$61-'Fiscal Terms_PIA'!$W$60)+'Fiscal Terms_PIA'!$X$62*(Q11-'Fiscal Terms_PIA'!$W$61))"
CHANGED,CR Econ,R12,"=IF(Q12=0,"""",IF(Q12<='Fiscal Terms_PIA'!$W$60,'Fiscal Terms_PIA'!$X$60,IF(AND(Q12>'Fiscal Terms_PIA'!$W$60,Q12<='Fiscal Terms_PIA'!$W$61),('Fiscal Terms_PIA'!$X$60*'Fiscal Terms_PIA'!$W$60+(Q12-'Fiscal Terms_PIA'!$W$60)*'Fiscal Terms_PIA'!$X$61)/Q12,IF(AND(Q12>'Fiscal Terms_PIA'!$W$61,Q12<='Fiscal Terms_PIA'!$W$62),('Fiscal Terms_PIA'!$X$60*'Fiscal Terms_PIA'!$W$60+'Fiscal Terms_PIA'!$X$61*('Fiscal Terms_PIA'!$W$61-'Fiscal Terms_PIA'!$W$60)+'Fiscal Terms_PIA'!$X$62*(Q12-'Fiscal Terms_PIA'!$W$61)","=IF(Q12=0,0,IF(Q12<='Fiscal Terms_PIA'!$W$60,'Fiscal Terms_PIA'!$X$60,IF(AND(Q12>'Fiscal Terms_PIA'!$W$60,Q12<='Fiscal Terms_PIA'!$W$61),('Fiscal Terms_PIA'!$X$60*'Fiscal Terms_PIA'!$W$60+(Q12-'Fiscal Terms_PIA'!$W$60)*'Fiscal Terms_PIA'!$X$61)/Q12,IF(AND(Q12>'Fiscal Terms_PIA'!$W$61,Q12<='Fiscal Terms_PIA'!$W$62),('Fiscal Terms_PIA'!$X$60*'Fiscal Terms_PIA'!$W$60+'Fiscal Terms_PIA'!$X$61*('Fiscal Terms_PIA'!$W$61-'Fiscal Terms_PIA'!$W$60)+'Fiscal Terms_PIA'!$X$62*(Q12-'Fiscal Terms_PIA'!$W$61))"
CHANGED,CR Econ,R13,"=IF(Q13=0,"""",IF(Q13<='Fiscal Terms_PIA'!$W$60,'Fiscal Terms_PIA'!$X$60,IF(AND(Q13>'Fiscal Terms_PIA'!$W$60,Q13<='Fiscal Terms_PIA'!$W$61),('Fiscal Terms_PIA'!$X$60*'Fiscal Terms_PIA'!$W$60+(Q13-'Fiscal Terms_PIA'!$W$60)*'Fiscal Terms_PIA'!$X$61)/Q13,IF(AND(Q13>'Fiscal Terms_PIA'!$W$61,Q13<='Fiscal Terms_PIA'!$W$62),('Fiscal Terms_PIA'!$X$60*'Fiscal Terms_PIA'!$W$60+'Fiscal Terms_PIA'!$X$61*('Fiscal Terms_PIA'!$W$61-'Fiscal Terms_PIA'!$W$60)+'Fiscal Terms_PIA'!$X$62*(Q13-'Fiscal Terms_PIA'!$W$61)","=IF(Q13=0,0,IF(Q13<='Fiscal Terms_PIA'!$W$60,'Fiscal Terms_PIA'!$X$60,IF(AND(Q13>'Fiscal Terms_PIA'!$W$60,Q13<='Fiscal Terms_PIA'!$W$61),('Fiscal Terms_PIA'!$X$60*'Fiscal Terms_PIA'!$W$60+(Q13-'Fiscal Terms_PIA'!$W$60)*'Fiscal Terms_PIA'!$X$61)/Q13,IF(AND(Q13>'Fiscal Terms_PIA'!$W$61,Q13<='Fiscal Terms_PIA'!$W$62),('Fiscal Terms_PIA'!$X$60*'Fiscal Terms_PIA'!$W$60+'Fiscal Terms_PIA'!$X$61*('Fiscal Terms_PIA'!$W$61-'Fiscal Terms_PIA'!$W$60)+'Fiscal Terms_PIA'!$X$62*(Q13-'Fiscal Terms_PIA'!$W$61))"
CHANGED,CR Econ,R14,"=IF(Q14=0,"""",IF(Q14<='Fiscal Terms_PIA'!$W$60,'Fiscal Terms_PIA'!$X$60,IF(AND(Q14>'Fiscal Terms_PIA'!$W$60,Q14<='Fiscal Terms_PIA'!$W$61),('Fiscal Terms_PIA'!$X$60*'Fiscal Terms_PIA'!$W$60+(Q14-'Fiscal Terms_PIA'!$W$60)*'Fiscal Terms_PIA'!$X$61)/Q14,IF(AND(Q14>'Fiscal Terms_PIA'!$W$61,Q14<='Fiscal Terms_PIA'!$W$62),('Fiscal Terms_PIA'!$X$60*'Fiscal Terms_PIA'!$W$60+'Fiscal Terms_PIA'!$X$61*('Fiscal Terms_PIA'!$W$61-'Fiscal Terms_PIA'!$W$60)+'Fiscal Terms_PIA'!$X$62*(Q14-'Fiscal Terms_PIA'!$W$61)","=IF(Q14=0,0,IF(Q14<='Fiscal Terms_PIA'!$W$60,'Fiscal Terms_PIA'!$X$60,IF(AND(Q14>'Fiscal Terms_PIA'!$W$60,Q14<='Fiscal Terms_PIA'!$W$61),('Fiscal Terms_PIA'!$X$60*'Fiscal Terms_PIA'!$W$60+(Q14-'Fiscal Terms_PIA'!$W$60)*'Fiscal Terms_PIA'!$X$61)/Q14,IF(AND(Q14>'Fiscal Terms_PIA'!$W$61,Q14<='Fiscal Terms_PIA'!$W$62),('Fiscal Terms_PIA'!$X$60*'Fiscal Terms_PIA'!$W$60+'Fiscal Terms_PIA'!$X$61*('Fiscal Terms_PIA'!$W$61-'Fiscal Terms_PIA'!$W$60)+'Fiscal Terms_PIA'!$X$62*(Q14-'Fiscal Terms_PIA'!$W$61))"
CHANGED,CR Econ,R15,"=IF(Q15=0,"""",IF(Q15<='Fiscal Terms_PIA'!$W$60,'Fiscal Terms_PIA'!$X$60,IF(AND(Q15>'Fiscal Terms_PIA'!$W$60,Q15<='Fiscal Terms_PIA'!$W$61),('Fiscal Terms_PIA'!$X$60*'Fiscal Terms_PIA'!$W$60+(Q15-'Fiscal Terms_PIA'!$W$60)*'Fiscal Terms_PIA'!$X$61)/Q15,IF(AND(Q15>'Fiscal Terms_PIA'!$W$61,Q15<='Fiscal Terms_PIA'!$W$62),('Fiscal Terms_PIA'!$X$60*'Fiscal Terms_PIA'!$W$60+'Fiscal Terms_PIA'!$X$61*('Fiscal Terms_PIA'!$W$61-'Fiscal Terms_PIA'!$W$60)+'Fiscal Terms_PIA'!$X$62*(Q15-'Fiscal Terms_PIA'!$W$61)","=IF(Q15=0,0,IF(Q15<='Fiscal Terms_PIA'!$W$60,'Fiscal Terms_PIA'!$X$60,IF(AND(Q15>'Fiscal Terms_PIA'!$W$60,Q15<='Fiscal Terms_PIA'!$W$61),('Fiscal Terms_PIA'!$X$60*'Fiscal Terms_PIA'!$W$60+(Q15-'Fiscal Terms_PIA'!$W$60)*'Fiscal Terms_PIA'!$X$61)/Q15,IF(AND(Q15>'Fiscal Terms_PIA'!$W$61,Q15<='Fiscal Terms_PIA'!$W$62),('Fiscal Terms_PIA'!$X$60*'Fiscal Terms_PIA'!$W$60+'Fiscal Terms_PIA'!$X$61*('Fiscal Terms_PIA'!$W$61-'Fiscal Terms_PIA'!$W$60)+'Fiscal Terms_PIA'!$X$62*(Q15-'Fiscal Terms_PIA'!$W$61))"
CHANGED,CR Econ,R16,"=IF(Q16=0,"""",IF(Q16<='Fiscal Terms_PIA'!$W$60,'Fiscal Terms_PIA'!$X$60,IF(AND(Q16>'Fiscal Terms_PIA'!$W$60,Q16<='Fiscal Terms_PIA'!$W$61),('Fiscal Terms_PIA'!$X$60*'Fiscal Terms_PIA'!$W$60+(Q16-'Fiscal Terms_PIA'!$W$60)*'Fiscal Terms_PIA'!$X$61)/Q16,IF(AND(Q16>'Fiscal Terms_PIA'!$W$61,Q16<='Fiscal Terms_PIA'!$W$62),('Fiscal Terms_PIA'!$X$60*'Fiscal Terms_PIA'!$W$60+'Fiscal Terms_PIA'!$X$61*('Fiscal Terms_PIA'!$W$61-'Fiscal Terms_PIA'!$W$60)+'Fiscal Terms_PIA'!$X$62*(Q16-'Fiscal Terms_PIA'!$W$61)","=IF(Q16=0,0,IF(Q16<='Fiscal Terms_PIA'!$W$60,'Fiscal Terms_PIA'!$X$60,IF(AND(Q16>'Fiscal Terms_PIA'!$W$60,Q16<='Fiscal Terms_PIA'!$W$61),('Fiscal Terms_PIA'!$X$60*'Fiscal Terms_PIA'!$W$60+(Q16-'Fiscal Terms_PIA'!$W$60)*'Fiscal Terms_PIA'!$X$61)/Q16,IF(AND(Q16>'Fiscal Terms_PIA'!$W$61,Q16<='Fiscal Terms_PIA'!$W$62),('Fiscal Terms_PIA'!$X$60*'Fiscal Terms_PIA'!$W$60+'Fiscal Terms_PIA'!$X$61*('Fiscal Terms_PIA'!$W$61-'Fiscal Terms_PIA'!$W$60)+'Fiscal Terms_PIA'!$X$62*(Q16-'Fiscal Terms_PIA'!$W$61))"
CHANGED,CR Econ,R17,"=IF(Q17=0,"""",IF(Q17<='Fiscal Terms_PIA'!$W$60,'Fiscal Terms_PIA'!$X$60,IF(AND(Q17>'Fiscal Terms_PIA'!$W$60,Q17<='Fiscal Terms_PIA'!$W$61),('Fiscal Terms_PIA'!$X$60*'Fiscal Terms_PIA'!$W$60+(Q17-'Fiscal Terms_PIA'!$W$60)*'Fiscal Terms_PIA'!$X$61)/Q17,IF(AND(Q17>'Fiscal Terms_PIA'!$W$61,Q17<='Fiscal Terms_PIA'!$W$62),('Fiscal Terms_PIA'!$X$60*'Fiscal Terms_PIA'!$W$60+'Fiscal Terms_PIA'!$X$61*('Fiscal Terms_PIA'!$W$61-'Fiscal Terms_PIA'!$W$60)+'Fiscal Terms_PIA'!$X$62*(Q17-'Fiscal Terms_PIA'!$W$61)","=IF(Q17=0,0,IF(Q17<='Fiscal Terms_PIA'!$W$60,'Fiscal Terms_PIA'!$X$60,IF(AND(Q17>'Fiscal Terms_PIA'!$W$60,Q17<='Fiscal Terms_PIA'!$W$61),('Fiscal Terms_PIA'!$X$60*'Fiscal Terms_PIA'!$W$60+(Q17-'Fiscal Terms_PIA'!$W$60)*'Fiscal Terms_PIA'!$X$61)/Q17,IF(AND(Q17>'Fiscal Terms_PIA'!$W$61,Q17<='Fiscal Terms_PIA'!$W$62),('Fiscal Terms_PIA'!$X$60*'Fiscal Terms_PIA'!$W$60+'Fiscal Terms_PIA'!$X$61*('Fiscal Terms_PIA'!$W$61-'Fiscal Terms_PIA'!$W$60)+'Fiscal Terms_PIA'!$X$62*(Q17-'Fiscal Terms_PIA'!$W$61))"
CHANGED,CR Econ,R18,"=IF(Q18=0,"""",IF(Q18<='Fiscal Terms_PIA'!$W$60,'Fiscal Terms_PIA'!$X$60,IF(AND(Q18>'Fiscal Terms_PIA'!$W$60,Q18<='Fiscal Terms_PIA'!$W$61),('Fiscal Terms_PIA'!$X$60*'Fiscal Terms_PIA'!$W$60+(Q18-'Fiscal Terms_PIA'!$W$60)*'Fiscal Terms_PIA'!$X$61)/Q18,IF(AND(Q18>'Fiscal Terms_PIA'!$W$61,Q18<='Fiscal Terms_PIA'!$W$62),('Fiscal Terms_PIA'!$X$60*'Fiscal Terms_PIA'!$W$60+'Fiscal Terms_PIA'!$X$61*('Fiscal Terms_PIA'!$W$61-'Fiscal Terms_PIA'!$W$60)+'Fiscal Terms_PIA'!$X$62*(Q18-'Fiscal Terms_PIA'!$W$61)","=IF(Q18=0,0,IF(Q18<='Fiscal Terms_PIA'!$W$60,'Fiscal Terms_PIA'!$X$60,IF(AND(Q18>'Fiscal Terms_PIA'!$W$60,Q18<='Fiscal Terms_PIA'!$W$61),('Fiscal Terms_PIA'!$X$60*'Fiscal Terms_PIA'!$W$60+(Q18-'Fiscal Terms_PIA'!$W$60)*'Fiscal Terms_PIA'!$X$61)/Q18,IF(AND(Q18>'Fiscal Terms_PIA'!$W$61,Q18<='Fiscal Terms_PIA'!$W$62),('Fiscal Terms_PIA'!$X$60*'Fiscal Terms_PIA'!$W$60+'Fiscal Terms_PIA'!$X$61*('Fiscal Terms_PIA'!$W$61-'Fiscal Terms_PIA'!$W$60)+'Fiscal Terms_PIA'!$X$62*(Q18-'Fiscal Terms_PIA'!$W$61))"
CHANGED,CR Econ,R19,"=IF(Q19=0,"""",IF(Q19<='Fiscal Terms_PIA'!$W$60,'Fiscal Terms_PIA'!$X$60,IF(AND(Q19>'Fiscal Terms_PIA'!$W$60,Q19<='Fiscal Terms_PIA'!$W$61),('Fiscal Terms_PIA'!$X$60*'Fiscal Terms_PIA'!$W$60+(Q19-'Fiscal Terms_PIA'!$W$60)*'Fiscal Terms_PIA'!$X$61)/Q19,IF(AND(Q19>'Fiscal Terms_PIA'!$W$61,Q19<='Fiscal Terms_PIA'!$W$62),('Fiscal Terms_PIA'!$X$60*'Fiscal Terms_PIA'!$W$60+'Fiscal Terms_PIA'!$X$61*('Fiscal Terms_PIA'!$W$61-'Fiscal Terms_PIA'!$W$60)+'Fiscal Terms_PIA'!$X$62*(Q19-'Fiscal Terms_PIA'!$W$61)","=IF(Q19=0,0,IF(Q19<='Fiscal Terms_PIA'!$W$60,'Fiscal Terms_PIA'!$X$60,IF(AND(Q19>'Fiscal Terms_PIA'!$W$60,Q19<='Fiscal Terms_PIA'!$W$61),('Fiscal Terms_PIA'!$X$60*'Fiscal Terms_PIA'!$W$60+(Q19-'Fiscal Terms_PIA'!$W$60)*'Fiscal Terms_PIA'!$X$61)/Q19,IF(AND(Q19>'Fiscal Terms_PIA'!$W$61,Q19<='Fiscal Terms_PIA'!$W$62),('Fiscal Terms_PIA'!$X$60*'Fiscal Terms_PIA'!$W$60+'Fiscal Terms_PIA'!$X$61*('Fiscal Terms_PIA'!$W$61-'Fiscal Terms_PIA'!$W$60)+'Fiscal Terms_PIA'!$X$62*(Q19-'Fiscal Terms_PIA'!$W$61))"
CHANGED,CR Econ,R20,"=IF(Q20=0,"""",IF(Q20<='Fiscal Terms_PIA'!$W$60,'Fiscal Terms_PIA'!$X$60,IF(AND(Q20>'Fiscal Terms_PIA'!$W$60,Q20<='Fiscal Terms_PIA'!$W$61),('Fiscal Terms_PIA'!$X$60*'Fiscal Terms_PIA'!$W$60+(Q20-'Fiscal Terms_PIA'!$W$60)*'Fiscal Terms_PIA'!$X$61)/Q20,IF(AND(Q20>'Fiscal Terms_PIA'!$W$61,Q20<='Fiscal Terms_PIA'!$W$62),('Fiscal Terms_PIA'!$X$60*'Fiscal Terms_PIA'!$W$60+'Fiscal Terms_PIA'!$X$61*('Fiscal Terms_PIA'!$W$61-'Fiscal Terms_PIA'!$W$60)+'Fiscal Terms_PIA'!$X$62*(Q20-'Fiscal Terms_PIA'!$W$61)","=IF(Q20=0,0,IF(Q20<='Fiscal Terms_PIA'!$W$60,'Fiscal Terms_PIA'!$X$60,IF(AND(Q20>'Fiscal Terms_PIA'!$W$60,Q20<='Fiscal Terms_PIA'!$W$61),('Fiscal Terms_PIA'!$X$60*'Fiscal Terms_PIA'!$W$60+(Q20-'Fiscal Terms_PIA'!$W$60)*'Fiscal Terms_PIA'!$X$61)/Q20,IF(AND(Q20>'Fiscal Terms_PIA'!$W$61,Q20<='Fiscal Terms_PIA'!$W$62),('Fiscal Terms_PIA'!$X$60*'Fiscal Terms_PIA'!$W$60+'Fiscal Terms_PIA'!$X$61*('Fiscal Terms_PIA'!$W$61-'Fiscal Terms_PIA'!$W$60)+'Fiscal Terms_PIA'!$X$62*(Q20-'Fiscal Terms_PIA'!$W$61))"
CHANGED,CR Econ,R21,"=IF(Q21=0,"""",IF(Q21<='Fiscal Terms_PIA'!$W$60,'Fiscal Terms_PIA'!$X$60,IF(AND(Q21>'Fiscal Terms_PIA'!$W$60,Q21<='Fiscal Terms_PIA'!$W$61),('Fiscal Terms_PIA'!$X$60*'Fiscal Terms_PIA'!$W$60+(Q21-'Fiscal Terms_PIA'!$W$60)*'Fiscal Terms_PIA'!$X$61)/Q21,IF(AND(Q21>'Fiscal Terms_PIA'!$W$61,Q21<='Fiscal Terms_PIA'!$W$62),('Fiscal Terms_PIA'!$X$60*'Fiscal Terms_PIA'!$W$60+'Fiscal Terms_PIA'!$X$61*('Fiscal Terms_PIA'!$W$61-'Fiscal Terms_PIA'!$W$60)+'Fiscal Terms_PIA'!$X$62*(Q21-'Fiscal Terms_PIA'!$W$61)","=IF(Q21=0,0,IF(Q21<='Fiscal Terms_PIA'!$W$60,'Fiscal Terms_PIA'!$X$60,IF(AND(Q21>'Fiscal Terms_PIA'!$W$60,Q21<='Fiscal Terms_PIA'!$W$61),('Fiscal Terms_PIA'!$X$60*'Fiscal Terms_PIA'!$W$60+(Q21-'Fiscal Terms_PIA'!$W$60)*'Fiscal Terms_PIA'!$X$61)/Q21,IF(AND(Q21>'Fiscal Terms_PIA'!$W$61,Q21<='Fiscal Terms_PIA'!$W$62),('Fiscal Terms_PIA'!$X$60*'Fiscal Terms_PIA'!$W$60+'Fiscal Terms_PIA'!$X$61*('Fiscal Terms_PIA'!$W$61-'Fiscal Terms_PIA'!$W$60)+'Fiscal Terms_PIA'!$X$62*(Q21-'Fiscal Terms_PIA'!$W$61))"
CHANGED,CR Econ,R22,"=IF(Q22=0,"""",IF(Q22<='Fiscal Terms_PIA'!$W$60,'Fiscal Terms_PIA'!$X$60,IF(AND(Q22>'Fiscal Terms_PIA'!$W$60,Q22<='Fiscal Terms_PIA'!$W$61),('Fiscal Terms_PIA'!$X$60*'Fiscal Terms_PIA'!$W$60+(Q22-'Fiscal Terms_PIA'!$W$60)*'Fiscal Terms_PIA'!$X$61)/Q22,IF(AND(Q22>'Fiscal Terms_PIA'!$W$61,Q22<='Fiscal Terms_PIA'!$W$62),('Fiscal Terms_PIA'!$X$60*'Fiscal Terms_PIA'!$W$60+'Fiscal Terms_PIA'!$X$61*('Fiscal Terms_PIA'!$W$61-'Fiscal Terms_PIA'!$W$60)+'Fiscal Terms_PIA'!$X$62*(Q22-'Fiscal Terms_PIA'!$W$61)","=IF(Q22=0,0,IF(Q22<='Fiscal Terms_PIA'!$W$60,'Fiscal Terms_PIA'!$X$60,IF(AND(Q22>'Fiscal Terms_PIA'!$W$60,Q22<='Fiscal Terms_PIA'!$W$61),('Fiscal Terms_PIA'!$X$60*'Fiscal Terms_PIA'!$W$60+(Q22-'Fiscal Terms_PIA'!$W$60)*'Fiscal Terms_PIA'!$X$61)/Q22,IF(AND(Q22>'Fiscal Terms_PIA'!$W$61,Q22<='Fiscal Terms_PIA'!$W$62),('Fiscal Terms_PIA'!$X$60*'Fiscal Terms_PIA'!$W$60+'Fiscal Terms_PIA'!$X$61*('Fiscal Terms_PIA'!$W$61-'Fiscal Terms_PIA'!$W$60)+'Fiscal Terms_PIA'!$X$62*(Q22-'Fiscal Terms_PIA'!$W$61))"
CHANGED,CR Econ,R23,"=IF(Q23=0,"""",IF(Q23<='Fiscal Terms_PIA'!$W$60,'Fiscal Terms_PIA'!$X$60,IF(AND(Q23>'Fiscal Terms_PIA'!$W$60,Q23<='Fiscal Terms_PIA'!$W$61),('Fiscal Terms_PIA'!$X$60*'Fiscal Terms_PIA'!$W$60+(Q23-'Fiscal Terms_PIA'!$W$60)*'Fiscal Terms_PIA'!$X$61)/Q23,IF(AND(Q23>'Fiscal Terms_PIA'!$W$61,Q23<='Fiscal Terms_PIA'!$W$62),('Fiscal Terms_PIA'!$X$60*'Fiscal Terms_PIA'!$W$60+'Fiscal Terms_PIA'!$X$61*('Fiscal Terms_PIA'!$W$61-'Fiscal Terms_PIA'!$W$60)+'Fiscal Terms_PIA'!$X$62*(Q23-'Fiscal Terms_PIA'!$W$61)","=IF(Q23=0,0,IF(Q23<='Fiscal Terms_PIA'!$W$60,'Fiscal Terms_PIA'!$X$60,IF(AND(Q23>'Fiscal Terms_PIA'!$W$60,Q23<='Fiscal Terms_PIA'!$W$61),('Fiscal Terms_PIA'!$X$60*'Fiscal Terms_PIA'!$W$60+(Q23-'Fiscal Terms_PIA'!$W$60)*'Fiscal Terms_PIA'!$X$61)/Q23,IF(AND(Q23>'Fiscal Terms_PIA'!$W$61,Q23<='Fiscal Terms_PIA'!$W$62),('Fiscal Terms_PIA'!$X$60*'Fiscal Terms_PIA'!$W$60+'Fiscal Terms_PIA'!$X$61*('Fiscal Terms_PIA'!$W$61-'Fiscal Terms_PIA'!$W$60)+'Fiscal Terms_PIA'!$X$62*(Q23-'Fiscal Terms_PIA'!$W$61))"
CHANGED,CR Econ,R24,"=IF(Q24=0,"""",IF(Q24<='Fiscal Terms_PIA'!$W$60,'Fiscal Terms_PIA'!$X$60,IF(AND(Q24>'Fiscal Terms_PIA'!$W$60,Q24<='Fiscal Terms_PIA'!$W$61),('Fiscal Terms_PIA'!$X$60*'Fiscal Terms_PIA'!$W$60+(Q24-'Fiscal Terms_PIA'!$W$60)*'Fiscal Terms_PIA'!$X$61)/Q24,IF(AND(Q24>'Fiscal Terms_PIA'!$W$61,Q24<='Fiscal Terms_PIA'!$W$62),('Fiscal Terms_PIA'!$X$60*'Fiscal Terms_PIA'!$W$60+'Fiscal Terms_PIA'!$X$61*('Fiscal Terms_PIA'!$W$61-'Fiscal Terms_PIA'!$W$60)+'Fiscal Terms_PIA'!$X$62*(Q24-'Fiscal Terms_PIA'!$W$61)","=IF(Q24=0,0,IF(Q24<='Fiscal Terms_PIA'!$W$60,'Fiscal Terms_PIA'!$X$60,IF(AND(Q24>'Fiscal Terms_PIA'!$W$60,Q24<='Fiscal Terms_PIA'!$W$61),('Fiscal Terms_PIA'!$X$60*'Fiscal Terms_PIA'!$W$60+(Q24-'Fiscal Terms_PIA'!$W$60)*'Fiscal Terms_PIA'!$X$61)/Q24,IF(AND(Q24>'Fiscal Terms_PIA'!$W$61,Q24<='Fiscal Terms_PIA'!$W$62),('Fiscal Terms_PIA'!$X$60*'Fiscal Terms_PIA'!$W$60+'Fiscal Terms_PIA'!$X$61*('Fiscal Terms_PIA'!$W$61-'Fiscal Terms_PIA'!$W$60)+'Fiscal Terms_PIA'!$X$62*(Q24-'Fiscal Terms_PIA'!$W$61))"
CHANGED,CR Econ,R25,"=IF(Q25=0,"""",IF(Q25<='Fiscal Terms_PIA'!$W$60,'Fiscal Terms_PIA'!$X$60,IF(AND(Q25>'Fiscal Terms_PIA'!$W$60,Q25<='Fiscal Terms_PIA'!$W$61),('Fiscal Terms_PIA'!$X$60*'Fiscal Terms_PIA'!$W$60+(Q25-'Fiscal Terms_PIA'!$W$60)*'Fiscal Terms_PIA'!$X$61)/Q25,IF(AND(Q25>'Fiscal Terms_PIA'!$W$61,Q25<='Fiscal Terms_PIA'!$W$62),('Fiscal Terms_PIA'!$X$60*'Fiscal Terms_PIA'!$W$60+'Fiscal Terms_PIA'!$X$61*('Fiscal Terms_PIA'!$W$61-'Fiscal Terms_PIA'!$W$60)+'Fiscal Terms_PIA'!$X$62*(Q25-'Fiscal Terms_PIA'!$W$61)","=IF(Q25=0,0,IF(Q25<='Fiscal Terms_PIA'!$W$60,'Fiscal Terms_PIA'!$X$60,IF(AND(Q25>'Fiscal Terms_PIA'!$W$60,Q25<='Fiscal Terms_PIA'!$W$61),('Fiscal Terms_PIA'!$X$60*'Fiscal Terms_PIA'!$W$60+(Q25-'Fiscal Terms_PIA'!$W$60)*'Fiscal Terms_PIA'!$X$61)/Q25,IF(AND(Q25>'Fiscal Terms_PIA'!$W$61,Q25<='Fiscal Terms_PIA'!$W$62),('Fiscal Terms_PIA'!$X$60*'Fiscal Terms_PIA'!$W$60+'Fiscal Terms_PIA'!$X$61*('Fiscal Terms_PIA'!$W$61-'Fiscal Terms_PIA'!$W$60)+'Fiscal Terms_PIA'!$X$62*(Q25-'Fiscal Terms_PIA'!$W$61))"
CHANGED,CR Econ,R26,"=IF(Q26=0,"""",IF(Q26<='Fiscal Terms_PIA'!$W$60,'Fiscal Terms_PIA'!$X$60,IF(AND(Q26>'Fiscal Terms_PIA'!$W$60,Q26<='Fiscal Terms_PIA'!$W$61),('Fiscal Terms_PIA'!$X$60*'Fiscal Terms_PIA'!$W$60+(Q26-'Fiscal Terms_PIA'!$W$60)*'Fiscal Terms_PIA'!$X$61)/Q26,IF(AND(Q26>'Fiscal Terms_PIA'!$W$61,Q26<='Fiscal Terms_PIA'!$W$62),('Fiscal Terms_PIA'!$X$60*'Fiscal Terms_PIA'!$W$60+'Fiscal Terms_PIA'!$X$61*('Fiscal Terms_PIA'!$W$61-'Fiscal Terms_PIA'!$W$60)+'Fiscal Terms_PIA'!$X$62*(Q26-'Fiscal Terms_PIA'!$W$61)","=IF(Q26=0,0,IF(Q26<='Fiscal Terms_PIA'!$W$60,'Fiscal Terms_PIA'!$X$60,IF(AND(Q26>'Fiscal Terms_PIA'!$W$60,Q26<='Fiscal Terms_PIA'!$W$61),('Fiscal Terms_PIA'!$X$60*'Fiscal Terms_PIA'!$W$60+(Q26-'Fiscal Terms_PIA'!$W$60)*'Fiscal Terms_PIA'!$X$61)/Q26,IF(AND(Q26>'Fiscal Terms_PIA'!$W$61,Q26<='Fiscal Terms_PIA'!$W$62),('Fiscal Terms_PIA'!$X$60*'Fiscal Terms_PIA'!$W$60+'Fiscal Terms_PIA'!$X$61*('Fiscal Terms_PIA'!$W$61-'Fiscal Terms_PIA'!$W$60)+'Fiscal Terms_PIA'!$X$62*(Q26-'Fiscal Terms_PIA'!$W$61))"
CHANGED,CR Econ,R27,"=IF(Q27=0,"""",IF(Q27<='Fiscal Terms_PIA'!$W$60,'Fiscal Terms_PIA'!$X$60,IF(AND(Q27>'Fiscal Terms_PIA'!$W$60,Q27<='Fiscal Terms_PIA'!$W$61),('Fiscal Terms_PIA'!$X$60*'Fiscal Terms_PIA'!$W$60+(Q27-'Fiscal Terms_PIA'!$W$60)*'Fiscal Terms_PIA'!$X$61)/Q27,IF(AND(Q27>'Fiscal Terms_PIA'!$W$61,Q27<='Fiscal Terms_PIA'!$W$62),('Fiscal Terms_PIA'!$X$60*'Fiscal Terms_PIA'!$W$60+'Fiscal Terms_PIA'!$X$61*('Fiscal Terms_PIA'!$W$61-'Fiscal Terms_PIA'!$W$60)+'Fiscal Terms_PIA'!$X$62*(Q27-'Fiscal Terms_PIA'!$W$61)","=IF(Q27=0,0,IF(Q27<='Fiscal Terms_PIA'!$W$60,'Fiscal Terms_PIA'!$X$60,IF(AND(Q27>'Fiscal Terms_PIA'!$W$60,Q27<='Fiscal Terms_PIA'!$W$61),('Fiscal Terms_PIA'!$X$60*'Fiscal Terms_PIA'!$W$60+(Q27-'Fiscal Terms_PIA'!$W$60)*'Fiscal Terms_PIA'!$X$61)/Q27,IF(AND(Q27>'Fiscal Terms_PIA'!$W$61,Q27<='Fiscal Terms_PIA'!$W$62),('Fiscal Terms_PIA'!$X$60*'Fiscal Terms_PIA'!$W$60+'Fiscal Terms_PIA'!$X$61*('Fiscal Terms_PIA'!$W$61-'Fiscal Terms_PIA'!$W$60)+'Fiscal Terms_PIA'!$X$62*(Q27-'Fiscal Terms_PIA'!$W$61))"
CHANGED,CR Econ,R28,"=IF(Q28=0,"""",IF(Q28<='Fiscal Terms_PIA'!$W$60,'Fiscal Terms_PIA'!$X$60,IF(AND(Q28>'Fiscal Terms_PIA'!$W$60,Q28<='Fiscal Terms_PIA'!$W$61),('Fiscal Terms_PIA'!$X$60*'Fiscal Terms_PIA'!$W$60+(Q28-'Fiscal Terms_PIA'!$W$60)*'Fiscal Terms_PIA'!$X$61)/Q28,IF(AND(Q28>'Fiscal Terms_PIA'!$W$61,Q28<='Fiscal Terms_PIA'!$W$62),('Fiscal Terms_PIA'!$X$60*'Fiscal Terms_PIA'!$W$60+'Fiscal Terms_PIA'!$X$61*('Fiscal Terms_PIA'!$W$61-'Fiscal Terms_PIA'!$W$60)+'Fiscal Terms_PIA'!$X$62*(Q28-'Fiscal Terms_PIA'!$W$61)","=IF(Q28=0,0,IF(Q28<='Fiscal Terms_PIA'!$W$60,'Fiscal Terms_PIA'!$X$60,IF(AND(Q28>'Fiscal Terms_PIA'!$W$60,Q28<='Fiscal Terms_PIA'!$W$61),('Fiscal Terms_PIA'!$X$60*'Fiscal Terms_PIA'!$W$60+(Q28-'Fiscal Terms_PIA'!$W$60)*'Fiscal Terms_PIA'!$X$61)/Q28,IF(AND(Q28>'Fiscal Terms_PIA'!$W$61,Q28<='Fiscal Terms_PIA'!$W$62),('Fiscal Terms_PIA'!$X$60*'Fiscal Terms_PIA'!$W$60+'Fiscal Terms_PIA'!$X$61*('Fiscal Terms_PIA'!$W$61-'Fiscal Terms_PIA'!$W$60)+'Fiscal Terms_PIA'!$X$62*(Q28-'Fiscal Terms_PIA'!$W$61))"
CHANGED,CR Econ,R29,"=IF(Q29=0,"""",IF(Q29<='Fiscal Terms_PIA'!$W$60,'Fiscal Terms_PIA'!$X$60,IF(AND(Q29>'Fiscal Terms_PIA'!$W$60,Q29<='Fiscal Terms_PIA'!$W$61),('Fiscal Terms_PIA'!$X$60*'Fiscal Terms_PIA'!$W$60+(Q29-'Fiscal Terms_PIA'!$W$60)*'Fiscal Terms_PIA'!$X$61)/Q29,IF(AND(Q29>'Fiscal Terms_PIA'!$W$61,Q29<='Fiscal Terms_PIA'!$W$62),('Fiscal Terms_PIA'!$X$60*'Fiscal Terms_PIA'!$W$60+'Fiscal Terms_PIA'!$X$61*('Fiscal Terms_PIA'!$W$61-'Fiscal Terms_PIA'!$W$60)+'Fiscal Terms_PIA'!$X$62*(Q29-'Fiscal Terms_PIA'!$W$61)","=IF(Q29=0,0,IF(Q29<='Fiscal Terms_PIA'!$W$60,'Fiscal Terms_PIA'!$X$60,IF(AND(Q29>'Fiscal Terms_PIA'!$W$60,Q29<='Fiscal Terms_PIA'!$W$61),('Fiscal Terms_PIA'!$X$60*'Fiscal Terms_PIA'!$W$60+(Q29-'Fiscal Terms_PIA'!$W$60)*'Fiscal Terms_PIA'!$X$61)/Q29,IF(AND(Q29>'Fiscal Terms_PIA'!$W$61,Q29<='Fiscal Terms_PIA'!$W$62),('Fiscal Terms_PIA'!$X$60*'Fiscal Terms_PIA'!$W$60+'Fiscal Terms_PIA'!$X$61*('Fiscal Terms_PIA'!$W$61-'Fiscal Terms_PIA'!$W$60)+'Fiscal Terms_PIA'!$X$62*(Q29-'Fiscal Terms_PIA'!$W$61))"
CHANGED,CR Econ,R30,"=IF(Q30=0,"""",IF(Q30<='Fiscal Terms_PIA'!$W$60,'Fiscal Terms_PIA'!$X$60,IF(AND(Q30>'Fiscal Terms_PIA'!$W$60,Q30<='Fiscal Terms_PIA'!$W$61),('Fiscal Terms_PIA'!$X$60*'Fiscal Terms_PIA'!$W$60+(Q30-'Fiscal Terms_PIA'!$W$60)*'Fiscal Terms_PIA'!$X$61)/Q30,IF(AND(Q30>'Fiscal Terms_PIA'!$W$61,Q30<='Fiscal Terms_PIA'!$W$62),('Fiscal Terms_PIA'!$X$60*'Fiscal Terms_PIA'!$W$60+'Fiscal Terms_PIA'!$X$61*('Fiscal Terms_PIA'!$W$61-'Fiscal Terms_PIA'!$W$60)+'Fiscal Terms_PIA'!$X$62*(Q30-'Fiscal Terms_PIA'!$W$61)","=IF(Q30=0,0,IF(Q30<='Fiscal Terms_PIA'!$W$60,'Fiscal Terms_PIA'!$X$60,IF(AND(Q30>'Fiscal Terms_PIA'!$W$60,Q30<='Fiscal Terms_PIA'!$W$61),('Fiscal Terms_PIA'!$X$60*'Fiscal Terms_PIA'!$W$60+(Q30-'Fiscal Terms_PIA'!$W$60)*'Fiscal Terms_PIA'!$X$61)/Q30,IF(AND(Q30>'Fiscal Terms_PIA'!$W$61,Q30<='Fiscal Terms_PIA'!$W$62),('Fiscal Terms_PIA'!$X$60*'Fiscal Terms_PIA'!$W$60+'Fiscal Terms_PIA'!$X$61*('Fiscal Terms_PIA'!$W$61-'Fiscal Terms_PIA'!$W$60)+'Fiscal Terms_PIA'!$X$62*(Q30-'Fiscal Terms_PIA'!$W$61))"
CHANGED,CR Econ,R31,"=IF(Q31=0,"""",IF(Q31<='Fiscal Terms_PIA'!$W$60,'Fiscal Terms_PIA'!$X$60,IF(AND(Q31>'Fiscal Terms_PIA'!$W$60,Q31<='Fiscal Terms_PIA'!$W$61),('Fiscal Terms_PIA'!$X$60*'Fiscal Terms_PIA'!$W$60+(Q31-'Fiscal Terms_PIA'!$W$60)*'Fiscal Terms_PIA'!$X$61)/Q31,IF(AND(Q31>'Fiscal Terms_PIA'!$W$61,Q31<='Fiscal Terms_PIA'!$W$62),('Fiscal Terms_PIA'!$X$60*'Fiscal Terms_PIA'!$W$60+'Fiscal Terms_PIA'!$X$61*('Fiscal Terms_PIA'!$W$61-'Fiscal Terms_PIA'!$W$60)+'Fiscal Terms_PIA'!$X$62*(Q31-'Fiscal Terms_PIA'!$W$61)","=IF(Q31=0,0,IF(Q31<='Fiscal Terms_PIA'!$W$60,'Fiscal Terms_PIA'!$X$60,IF(AND(Q31>'Fiscal Terms_PIA'!$W$60,Q31<='Fiscal Terms_PIA'!$W$61),('Fiscal Terms_PIA'!$X$60*'Fiscal Terms_PIA'!$W$60+(Q31-'Fiscal Terms_PIA'!$W$60)*'Fiscal Terms_PIA'!$X$61)/Q31,IF(AND(Q31>'Fiscal Terms_PIA'!$W$61,Q31<='Fiscal Terms_PIA'!$W$62),('Fiscal Terms_PIA'!$X$60*'Fiscal Terms_PIA'!$W$60+'Fiscal Terms_PIA'!$X$61*('Fiscal Terms_PIA'!$W$61-'Fiscal Terms_PIA'!$W$60)+'Fiscal Terms_PIA'!$X$62*(Q31-'Fiscal Terms_PIA'!$W$61))"
CHANGED,CR Econ,R32,"=IF(Q32=0,"""",IF(Q32<='Fiscal Terms_PIA'!$W$60,'Fiscal Terms_PIA'!$X$60,IF(AND(Q32>'Fiscal Terms_PIA'!$W$60,Q32<='Fiscal Terms_PIA'!$W$61),('Fiscal Terms_PIA'!$X$60*'Fiscal Terms_PIA'!$W$60+(Q32-'Fiscal Terms_PIA'!$W$60)*'Fiscal Terms_PIA'!$X$61)/Q32,IF(AND(Q32>'Fiscal Terms_PIA'!$W$61,Q32<='Fiscal Terms_PIA'!$W$62),('Fiscal Terms_PIA'!$X$60*'Fiscal Terms_PIA'!$W$60+'Fiscal Terms_PIA'!$X$61*('Fiscal Terms_PIA'!$W$61-'Fiscal Terms_PIA'!$W$60)+'Fiscal Terms_PIA'!$X$62*(Q32-'Fiscal Terms_PIA'!$W$61)","=IF(Q32=0,0,IF(Q32<='Fiscal Terms_PIA'!$W$60,'Fiscal Terms_PIA'!$X$60,IF(AND(Q32>'Fiscal Terms_PIA'!$W$60,Q32<='Fiscal Terms_PIA'!$W$61),('Fiscal Terms_PIA'!$X$60*'Fiscal Terms_PIA'!$W$60+(Q32-'Fiscal Terms_PIA'!$W$60)*'Fiscal Terms_PIA'!$X$61)/Q32,IF(AND(Q32>'Fiscal Terms_PIA'!$W$61,Q32<='Fiscal Terms_PIA'!$W$62),('Fiscal Terms_PIA'!$X$60*'Fiscal Terms_PIA'!$W$60+'Fiscal Terms_PIA'!$X$61*('Fiscal Terms_PIA'!$W$61-'Fiscal Terms_PIA'!$W$60)+'Fiscal Terms_PIA'!$X$62*(Q32-'Fiscal Terms_PIA'!$W$61))"
CHANGED,CR Econ,R33,"=IF(Q33=0,"""",IF(Q33<='Fiscal Terms_PIA'!$W$60,'Fiscal Terms_PIA'!$X$60,IF(AND(Q33>'Fiscal Terms_PIA'!$W$60,Q33<='Fiscal Terms_PIA'!$W$61),('Fiscal Terms_PIA'!$X$60*'Fiscal Terms_PIA'!$W$60+(Q33-'Fiscal Terms_PIA'!$W$60)*'Fiscal Terms_PIA'!$X$61)/Q33,IF(AND(Q33>'Fiscal Terms_PIA'!$W$61,Q33<='Fiscal Terms_PIA'!$W$62),('Fiscal Terms_PIA'!$X$60*'Fiscal Terms_PIA'!$W$60+'Fiscal Terms_PIA'!$X$61*('Fiscal Terms_PIA'!$W$61-'Fiscal Terms_PIA'!$W$60)+'Fiscal Terms_PIA'!$X$62*(Q33-'Fiscal Terms_PIA'!$W$61)","=IF(Q33=0,0,IF(Q33<='Fiscal Terms_PIA'!$W$60,'Fiscal Terms_PIA'!$X$60,IF(AND(Q33>'Fiscal Terms_PIA'!$W$60,Q33<='Fiscal Terms_PIA'!$W$61),('Fiscal Terms_PIA'!$X$60*'Fiscal Terms_PIA'!$W$60+(Q33-'Fiscal Terms_PIA'!$W$60)*'Fiscal Terms_PIA'!$X$61)/Q33,IF(AND(Q33>'Fiscal Terms_PIA'!$W$61,Q33<='Fiscal Terms_PIA'!$W$62),('Fiscal Terms_PIA'!$X$60*'Fiscal Terms_PIA'!$W$60+'Fiscal Terms_PIA'!$X$61*('Fiscal Terms_PIA'!$W$61-'Fiscal Terms_PIA'!$W$60)+'Fiscal Terms_PIA'!$X$62*(Q33-'Fiscal Terms_PIA'!$W$61))"
CHANGED,CR Econ,R34,"=IF(Q34=0,"""",IF(Q34<='Fiscal Terms_PIA'!$W$60,'Fiscal Terms_PIA'!$X$60,IF(AND(Q34>'Fiscal Terms_PIA'!$W$60,Q34<='Fiscal Terms_PIA'!$W$61),('Fiscal Terms_PIA'!$X$60*'Fiscal Terms_PIA'!$W$60+(Q34-'Fiscal Terms_PIA'!$W$60)*'Fiscal Terms_PIA'!$X$61)/Q34,IF(AND(Q34>'Fiscal Terms_PIA'!$W$61,Q34<='Fiscal Terms_PIA'!$W$62),('Fiscal Terms_PIA'!$X$60*'Fiscal Terms_PIA'!$W$60+'Fiscal Terms_PIA'!$X$61*('Fiscal Terms_PIA'!$W$61-'Fiscal Terms_PIA'!$W$60)+'Fiscal Terms_PIA'!$X$62*(Q34-'Fiscal Terms_PIA'!$W$61)","=IF(Q34=0,0,IF(Q34<='Fiscal Terms_PIA'!$W$60,'Fiscal Terms_PIA'!$X$60,IF(AND(Q34>'Fiscal Terms_PIA'!$W$60,Q34<='Fiscal Terms_PIA'!$W$61),('Fiscal Terms_PIA'!$X$60*'Fiscal Terms_PIA'!$W$60+(Q34-'Fiscal Terms_PIA'!$W$60)*'Fiscal Terms_PIA'!$X$61)/Q34,IF(AND(Q34>'Fiscal Terms_PIA'!$W$61,Q34<='Fiscal Terms_PIA'!$W$62),('Fiscal Terms_PIA'!$X$60*'Fiscal Terms_PIA'!$W$60+'Fiscal Terms_PIA'!$X$61*('Fiscal Terms_PIA'!$W$61-'Fiscal Terms_PIA'!$W$60)+'Fiscal Terms_PIA'!$X$62*(Q34-'Fiscal Terms_PIA'!$W$61))"
CHANGED,CR Econ,R35,"=IF(Q35=0,"""",IF(Q35<='Fiscal Terms_PIA'!$W$60,'Fiscal Terms_PIA'!$X$60,IF(AND(Q35>'Fiscal Terms_PIA'!$W$60,Q35<='Fiscal Terms_PIA'!$W$61),('Fiscal Terms_PIA'!$X$60*'Fiscal Terms_PIA'!$W$60+(Q35-'Fiscal Terms_PIA'!$W$60)*'Fiscal Terms_PIA'!$X$61)/Q35,IF(AND(Q35>'Fiscal Terms_PIA'!$W$61,Q35<='Fiscal Terms_PIA'!$W$62),('Fiscal Terms_PIA'!$X$60*'Fiscal Terms_PIA'!$W$60+'Fiscal Terms_PIA'!$X$61*('Fiscal Terms_PIA'!$W$61-'Fiscal Terms_PIA'!$W$60)+'Fiscal Terms_PIA'!$X$62*(Q35-'Fiscal Terms_PIA'!$W$61)","=IF(Q35=0,0,IF(Q35<='Fiscal Terms_PIA'!$W$60,'Fiscal Terms_PIA'!$X$60,IF(AND(Q35>'Fiscal Terms_PIA'!$W$60,Q35<='Fiscal Terms_PIA'!$W$61),('Fiscal Terms_PIA'!$X$60*'Fiscal Terms_PIA'!$W$60+(Q35-'Fiscal Terms_PIA'!$W$60)*'Fiscal Terms_PIA'!$X$61)/Q35,IF(AND(Q35>'Fiscal Terms_PIA'!$W$61,Q35<='Fiscal Terms_PIA'!$W$62),('Fiscal Terms_PIA'!$X$60*'Fiscal Terms_PIA'!$W$60+'Fiscal Terms_PIA'!$X$61*('Fiscal Terms_PIA'!$W$61-'Fiscal Terms_PIA'!$W$60)+'Fiscal Terms_PIA'!$X$62*(Q35-'Fiscal Terms_PIA'!$W$61))"
CHANGED,CR Econ,R36,"=IF(Q36=0,"""",IF(Q36<='Fiscal Terms_PIA'!$W$60,'Fiscal Terms_PIA'!$X$60,IF(AND(Q36>'Fiscal Terms_PIA'!$W$60,Q36<='Fiscal Terms_PIA'!$W$61),('Fiscal Terms_PIA'!$X$60*'Fiscal Terms_PIA'!$W$60+(Q36-'Fiscal Terms_PIA'!$W$60)*'Fiscal Terms_PIA'!$X$61)/Q36,IF(AND(Q36>'Fiscal Terms_PIA'!$W$61,Q36<='Fiscal Terms_PIA'!$W$62),('Fiscal Terms_PIA'!$X$60*'Fiscal Terms_PIA'!$W$60+'Fiscal Terms_PIA'!$X$61*('Fiscal Terms_PIA'!$W$61-'Fiscal Terms_PIA'!$W$60)+'Fiscal Terms_PIA'!$X$62*(Q36-'Fiscal Terms_PIA'!$W$61)","=IF(Q36=0,0,IF(Q36<='Fiscal Terms_PIA'!$W$60,'Fiscal Terms_PIA'!$X$60,IF(AND(Q36>'Fiscal Terms_PIA'!$W$60,Q36<='Fiscal Terms_PIA'!$W$61),('Fiscal Terms_PIA'!$X$60*'Fiscal Terms_PIA'!$W$60+(Q36-'Fiscal Terms_PIA'!$W$60)*'Fiscal Terms_PIA'!$X$61)/Q36,IF(AND(Q36>'Fiscal Terms_PIA'!$W$61,Q36<='Fiscal Terms_PIA'!$W$62),('Fiscal Terms_PIA'!$X$60*'Fiscal Terms_PIA'!$W$60+'Fiscal Terms_PIA'!$X$61*('Fiscal Terms_PIA'!$W$61-'Fiscal Terms_PIA'!$W$60)+'Fiscal Terms_PIA'!$X$62*(Q36-'Fiscal Terms_PIA'!$W$61))"
CHANGED,CR Econ,R37,"=IF(Q37=0,"""",IF(Q37<='Fiscal Terms_PIA'!$W$60,'Fiscal Terms_PIA'!$X$60,IF(AND(Q37>'Fiscal Terms_PIA'!$W$60,Q37<='Fiscal Terms_PIA'!$W$61),('Fiscal Terms_PIA'!$X$60*'Fiscal Terms_PIA'!$W$60+(Q37-'Fiscal Terms_PIA'!$W$60)*'Fiscal Terms_PIA'!$X$61)/Q37,IF(AND(Q37>'Fiscal Terms_PIA'!$W$61,Q37<='Fiscal Terms_PIA'!$W$62),('Fiscal Terms_PIA'!$X$60*'Fiscal Terms_PIA'!$W$60+'Fiscal Terms_PIA'!$X$61*('Fiscal Terms_PIA'!$W$61-'Fiscal Terms_PIA'!$W$60)+'Fiscal Terms_PIA'!$X$62*(Q37-'Fiscal Terms_PIA'!$W$61)","=IF(Q37=0,0,IF(Q37<='Fiscal Terms_PIA'!$W$60,'Fiscal Terms_PIA'!$X$60,IF(AND(Q37>'Fiscal Terms_PIA'!$W$60,Q37<='Fiscal Terms_PIA'!$W$61),('Fiscal Terms_PIA'!$X$60*'Fiscal Terms_PIA'!$W$60+(Q37-'Fiscal Terms_PIA'!$W$60)*'Fiscal Terms_PIA'!$X$61)/Q37,IF(AND(Q37>'Fiscal Terms_PIA'!$W$61,Q37<='Fiscal Terms_PIA'!$W$62),('Fiscal Terms_PIA'!$X$60*'Fiscal Terms_PIA'!$W$60+'Fiscal Terms_PIA'!$X$61*('Fiscal Terms_PIA'!$W$61-'Fiscal Terms_PIA'!$W$60)+'Fiscal Terms_PIA'!$X$62*(Q37-'Fiscal Terms_PIA'!$W$61))"
CHANGED,CR Econ,R38,"=IF(Q38=0,"""",IF(Q38<='Fiscal Terms_PIA'!$W$60,'Fiscal Terms_PIA'!$X$60,IF(AND(Q38>'Fiscal Terms_PIA'!$W$60,Q38<='Fiscal Terms_PIA'!$W$61),('Fiscal Terms_PIA'!$X$60*'Fiscal Terms_PIA'!$W$60+(Q38-'Fiscal Terms_PIA'!$W$60)*'Fiscal Terms_PIA'!$X$61)/Q38,IF(AND(Q38>'Fiscal Terms_PIA'!$W$61,Q38<='Fiscal Terms_PIA'!$W$62),('Fiscal Terms_PIA'!$X$60*'Fiscal Terms_PIA'!$W$60+'Fiscal Terms_PIA'!$X$61*('Fiscal Terms_PIA'!$W$61-'Fiscal Terms_PIA'!$W$60)+'Fiscal Terms_PIA'!$X$62*(Q38-'Fiscal Terms_PIA'!$W$61)","=IF(Q38=0,0,IF(Q38<='Fiscal Terms_PIA'!$W$60,'Fiscal Terms_PIA'!$X$60,IF(AND(Q38>'Fiscal Terms_PIA'!$W$60,Q38<='Fiscal Terms_PIA'!$W$61),('Fiscal Terms_PIA'!$X$60*'Fiscal Terms_PIA'!$W$60+(Q38-'Fiscal Terms_PIA'!$W$60)*'Fiscal Terms_PIA'!$X$61)/Q38,IF(AND(Q38>'Fiscal Terms_PIA'!$W$61,Q38<='Fiscal Terms_PIA'!$W$62),('Fiscal Terms_PIA'!$X$60*'Fiscal Terms_PIA'!$W$60+'Fiscal Terms_PIA'!$X$61*('Fiscal Terms_PIA'!$W$61-'Fiscal Terms_PIA'!$W$60)+'Fiscal Terms_PIA'!$X$62*(Q38-'Fiscal Terms_PIA'!$W$61))"
CHANGED,CR Econ,R39,"=IF(Q39=0,"""",IF(Q39<='Fiscal Terms_PIA'!$W$60,'Fiscal Terms_PIA'!$X$60,IF(AND(Q39>'Fiscal Terms_PIA'!$W$60,Q39<='Fiscal Terms_PIA'!$W$61),('Fiscal Terms_PIA'!$X$60*'Fiscal Terms_PIA'!$W$60+(Q39-'Fiscal Terms_PIA'!$W$60)*'Fiscal Terms_PIA'!$X$61)/Q39,IF(AND(Q39>'Fiscal Terms_PIA'!$W$61,Q39<='Fiscal Terms_PIA'!$W$62),('Fiscal Terms_PIA'!$X$60*'Fiscal Terms_PIA'!$W$60+'Fiscal Terms_PIA'!$X$61*('Fiscal Terms_PIA'!$W$61-'Fiscal Terms_PIA'!$W$60)+'Fiscal Terms_PIA'!$X$62*(Q39-'Fiscal Terms_PIA'!$W$61)","=IF(Q39=0,0,IF(Q39<='Fiscal Terms_PIA'!$W$60,'Fiscal Terms_PIA'!$X$60,IF(AND(Q39>'Fiscal Terms_PIA'!$W$60,Q39<='Fiscal Terms_PIA'!$W$61),('Fiscal Terms_PIA'!$X$60*'Fiscal Terms_PIA'!$W$60+(Q39-'Fiscal Terms_PIA'!$W$60)*'Fiscal Terms_PIA'!$X$61)/Q39,IF(AND(Q39>'Fiscal Terms_PIA'!$W$61,Q39<='Fiscal Terms_PIA'!$W$62),('Fiscal Terms_PIA'!$X$60*'Fiscal Terms_PIA'!$W$60+'Fiscal Terms_PIA'!$X$61*('Fiscal Terms_PIA'!$W$61-'Fiscal Terms_PIA'!$W$60)+'Fiscal Terms_PIA'!$X$62*(Q39-'Fiscal Terms_PIA'!$W$61))"
CHANGED,CR Econ,R40,"=IF(Q40=0,"""",IF(Q40<='Fiscal Terms_PIA'!$W$60,'Fiscal Terms_PIA'!$X$60,IF(AND(Q40>'Fiscal Terms_PIA'!$W$60,Q40<='Fiscal Terms_PIA'!$W$61),('Fiscal Terms_PIA'!$X$60*'Fiscal Terms_PIA'!$W$60+(Q40-'Fiscal Terms_PIA'!$W$60)*'Fiscal Terms_PIA'!$X$61)/Q40,IF(AND(Q40>'Fiscal Terms_PIA'!$W$61,Q40<='Fiscal Terms_PIA'!$W$62),('Fiscal Terms_PIA'!$X$60*'Fiscal Terms_PIA'!$W$60+'Fiscal Terms_PIA'!$X$61*('Fiscal Terms_PIA'!$W$61-'Fiscal Terms_PIA'!$W$60)+'Fiscal Terms_PIA'!$X$62*(Q40-'Fiscal Terms_PIA'!$W$61)","=IF(Q40=0,0,IF(Q40<='Fiscal Terms_PIA'!$W$60,'Fiscal Terms_PIA'!$X$60,IF(AND(Q40>'Fiscal Terms_PIA'!$W$60,Q40<='Fiscal Terms_PIA'!$W$61),('Fiscal Terms_PIA'!$X$60*'Fiscal Terms_PIA'!$W$60+(Q40-'Fiscal Terms_PIA'!$W$60)*'Fiscal Terms_PIA'!$X$61)/Q40,IF(AND(Q40>'Fiscal Terms_PIA'!$W$61,Q40<='Fiscal Terms_PIA'!$W$62),('Fiscal Terms_PIA'!$X$60*'Fiscal Terms_PIA'!$W$60+'Fiscal Terms_PIA'!$X$61*('Fiscal Terms_PIA'!$W$61-'Fiscal Terms_PIA'!$W$60)+'Fiscal Terms_PIA'!$X$62*(Q40-'Fiscal Terms_PIA'!$W$61))"
CHANGED,CR Econ,R41,"=IF(Q41=0,"""",IF(Q41<='Fiscal Terms_PIA'!$W$60,'Fiscal Terms_PIA'!$X$60,IF(AND(Q41>'Fiscal Terms_PIA'!$W$60,Q41<='Fiscal Terms_PIA'!$W$61),('Fiscal Terms_PIA'!$X$60*'Fiscal Terms_PIA'!$W$60+(Q41-'Fiscal Terms_PIA'!$W$60)*'Fiscal Terms_PIA'!$X$61)/Q41,IF(AND(Q41>'Fiscal Terms_PIA'!$W$61,Q41<='Fiscal Terms_PIA'!$W$62),('Fiscal Terms_PIA'!$X$60*'Fiscal Terms_PIA'!$W$60+'Fiscal Terms_PIA'!$X$61*('Fiscal Terms_PIA'!$W$61-'Fiscal Terms_PIA'!$W$60)+'Fiscal Terms_PIA'!$X$62*(Q41-'Fiscal Terms_PIA'!$W$61)","=IF(Q41=0,0,IF(Q41<='Fiscal Terms_PIA'!$W$60,'Fiscal Terms_PIA'!$X$60,IF(AND(Q41>'Fiscal Terms_PIA'!$W$60,Q41<='Fiscal Terms_PIA'!$W$61),('Fiscal Terms_PIA'!$X$60*'Fiscal Terms_PIA'!$W$60+(Q41-'Fiscal Terms_PIA'!$W$60)*'Fiscal Terms_PIA'!$X$61)/Q41,IF(AND(Q41>'Fiscal Terms_PIA'!$W$61,Q41<='Fiscal Terms_PIA'!$W$62),('Fiscal Terms_PIA'!$X$60*'Fiscal Terms_PIA'!$W$60+'Fiscal Terms_PIA'!$X$61*('Fiscal Terms_PIA'!$W$61-'Fiscal Terms_PIA'!$W$60)+'Fiscal Terms_PIA'!$X$62*(Q41-'Fiscal Terms_PIA'!$W$61))"
CHANGED,CR Econ,R42,"=IF(Q42=0,"""",IF(Q42<='Fiscal Terms_PIA'!$W$60,'Fiscal Terms_PIA'!$X$60,IF(AND(Q42>'Fiscal Terms_PIA'!$W$60,Q42<='Fiscal Terms_PIA'!$W$61),('Fiscal Terms_PIA'!$X$60*'Fiscal Terms_PIA'!$W$60+(Q42-'Fiscal Terms_PIA'!$W$60)*'Fiscal Terms_PIA'!$X$61)/Q42,IF(AND(Q42>'Fiscal Terms_PIA'!$W$61,Q42<='Fiscal Terms_PIA'!$W$62),('Fiscal Terms_PIA'!$X$60*'Fiscal Terms_PIA'!$W$60+'Fiscal Terms_PIA'!$X$61*('Fiscal Terms_PIA'!$W$61-'Fiscal Terms_PIA'!$W$60)+'Fiscal Terms_PIA'!$X$62*(Q42-'Fiscal Terms_PIA'!$W$61)","=IF(Q42=0,0,IF(Q42<='Fiscal Terms_PIA'!$W$60,'Fiscal Terms_PIA'!$X$60,IF(AND(Q42>'Fiscal Terms_PIA'!$W$60,Q42<='Fiscal Terms_PIA'!$W$61),('Fiscal Terms_PIA'!$X$60*'Fiscal Terms_PIA'!$W$60+(Q42-'Fiscal Terms_PIA'!$W$60)*'Fiscal Terms_PIA'!$X$61)/Q42,IF(AND(Q42>'Fiscal Terms_PIA'!$W$61,Q42<='Fiscal Terms_PIA'!$W$62),('Fiscal Terms_PIA'!$X$60*'Fiscal Terms_PIA'!$W$60+'Fiscal Terms_PIA'!$X$61*('Fiscal Terms_PIA'!$W$61-'Fiscal Terms_PIA'!$W$60)+'Fiscal Terms_PIA'!$X$62*(Q42-'Fiscal Terms_PIA'!$W$61))"
CHANGED,CR Econ,R43,"=IF(Q43=0,"""",IF(Q43<='Fiscal Terms_PIA'!$W$60,'Fiscal Terms_PIA'!$X$60,IF(AND(Q43>'Fiscal Terms_PIA'!$W$60,Q43<='Fiscal Terms_PIA'!$W$61),('Fiscal Terms_PIA'!$X$60*'Fiscal Terms_PIA'!$W$60+(Q43-'Fiscal Terms_PIA'!$W$60)*'Fiscal Terms_PIA'!$X$61)/Q43,IF(AND(Q43>'Fiscal Terms_PIA'!$W$61,Q43<='Fiscal Terms_PIA'!$W$62),('Fiscal Terms_PIA'!$X$60*'Fiscal Terms_PIA'!$W$60+'Fiscal Terms_PIA'!$X$61*('Fiscal Terms_PIA'!$W$61-'Fiscal Terms_PIA'!$W$60)+'Fiscal Terms_PIA'!$X$62*(Q43-'Fiscal Terms_PIA'!$W$61)","=IF(Q43=0,0,IF(Q43<='Fiscal Terms_PIA'!$W$60,'Fiscal Terms_PIA'!$X$60,IF(AND(Q43>'Fiscal Terms_PIA'!$W$60,Q43<='Fiscal Terms_PIA'!$W$61),('Fiscal Terms_PIA'!$X$60*'Fiscal Terms_PIA'!$W$60+(Q43-'Fiscal Terms_PIA'!$W$60)*'Fiscal Terms_PIA'!$X$61)/Q43,IF(AND(Q43>'Fiscal Terms_PIA'!$W$61,Q43<='Fiscal Terms_PIA'!$W$62),('Fiscal Terms_PIA'!$X$60*'Fiscal Terms_PIA'!$W$60+'Fiscal Terms_PIA'!$X$61*('Fiscal Terms_PIA'!$W$61-'Fiscal Terms_PIA'!$W$60)+'Fiscal Terms_PIA'!$X$62*(Q43-'Fiscal Terms_PIA'!$W$61))"
CHANGED,CR Econ,R44,"=IF(Q44=0,"""",IF(Q44<='Fiscal Terms_PIA'!$W$60,'Fiscal Terms_PIA'!$X$60,IF(AND(Q44>'Fiscal Terms_PIA'!$W$60,Q44<='Fiscal Terms_PIA'!$W$61),('Fiscal Terms_PIA'!$X$60*'Fiscal Terms_PIA'!$W$60+(Q44-'Fiscal Terms_PIA'!$W$60)*'Fiscal Terms_PIA'!$X$61)/Q44,IF(AND(Q44>'Fiscal Terms_PIA'!$W$61,Q44<='Fiscal Terms_PIA'!$W$62),('Fiscal Terms_PIA'!$X$60*'Fiscal Terms_PIA'!$W$60+'Fiscal Terms_PIA'!$X$61*('Fiscal Terms_PIA'!$W$61-'Fiscal Terms_PIA'!$W$60)+'Fiscal Terms_PIA'!$X$62*(Q44-'Fiscal Terms_PIA'!$W$61)","=IF(Q44=0,0,IF(Q44<='Fiscal Terms_PIA'!$W$60,'Fiscal Terms_PIA'!$X$60,IF(AND(Q44>'Fiscal Terms_PIA'!$W$60,Q44<='Fiscal Terms_PIA'!$W$61),('Fiscal Terms_PIA'!$X$60*'Fiscal Terms_PIA'!$W$60+(Q44-'Fiscal Terms_PIA'!$W$60)*'Fiscal Terms_PIA'!$X$61)/Q44,IF(AND(Q44>'Fiscal Terms_PIA'!$W$61,Q44<='Fiscal Terms_PIA'!$W$62),('Fiscal Terms_PIA'!$X$60*'Fiscal Terms_PIA'!$W$60+'Fiscal Terms_PIA'!$X$61*('Fiscal Terms_PIA'!$W$61-'Fiscal Terms_PIA'!$W$60)+'Fiscal Terms_PIA'!$X$62*(Q44-'Fiscal Terms_PIA'!$W$61))"
CHANGED,CR Econ,R45,"=IF(Q45=0,"""",IF(Q45<='Fiscal Terms_PIA'!$W$60,'Fiscal Terms_PIA'!$X$60,IF(AND(Q45>'Fiscal Terms_PIA'!$W$60,Q45<='Fiscal Terms_PIA'!$W$61),('Fiscal Terms_PIA'!$X$60*'Fiscal Terms_PIA'!$W$60+(Q45-'Fiscal Terms_PIA'!$W$60)*'Fiscal Terms_PIA'!$X$61)/Q45,IF(AND(Q45>'Fiscal Terms_PIA'!$W$61,Q45<='Fiscal Terms_PIA'!$W$62),('Fiscal Terms_PIA'!$X$60*'Fiscal Terms_PIA'!$W$60+'Fiscal Terms_PIA'!$X$61*('Fiscal Terms_PIA'!$W$61-'Fiscal Terms_PIA'!$W$60)+'Fiscal Terms_PIA'!$X$62*(Q45-'Fiscal Terms_PIA'!$W$61)","=IF(Q45=0,0,IF(Q45<='Fiscal Terms_PIA'!$W$60,'Fiscal Terms_PIA'!$X$60,IF(AND(Q45>'Fiscal Terms_PIA'!$W$60,Q45<='Fiscal Terms_PIA'!$W$61),('Fiscal Terms_PIA'!$X$60*'Fiscal Terms_PIA'!$W$60+(Q45-'Fiscal Terms_PIA'!$W$60)*'Fiscal Terms_PIA'!$X$61)/Q45,IF(AND(Q45>'Fiscal Terms_PIA'!$W$61,Q45<='Fiscal Terms_PIA'!$W$62),('Fiscal Terms_PIA'!$X$60*'Fiscal Terms_PIA'!$W$60+'Fiscal Terms_PIA'!$X$61*('Fiscal Terms_PIA'!$W$61-'Fiscal Terms_PIA'!$W$60)+'Fiscal Terms_PIA'!$X$62*(Q45-'Fiscal Terms_PIA'!$W$61))"
CHANGED,CR Econ,R46,"=IF(Q46=0,"""",IF(Q46<='Fiscal Terms_PIA'!$W$60,'Fiscal Terms_PIA'!$X$60,IF(AND(Q46>'Fiscal Terms_PIA'!$W$60,Q46<='Fiscal Terms_PIA'!$W$61),('Fiscal Terms_PIA'!$X$60*'Fiscal Terms_PIA'!$W$60+(Q46-'Fiscal Terms_PIA'!$W$60)*'Fiscal Terms_PIA'!$X$61)/Q46,IF(AND(Q46>'Fiscal Terms_PIA'!$W$61,Q46<='Fiscal Terms_PIA'!$W$62),('Fiscal Terms_PIA'!$X$60*'Fiscal Terms_PIA'!$W$60+'Fiscal Terms_PIA'!$X$61*('Fiscal Terms_PIA'!$W$61-'Fiscal Terms_PIA'!$W$60)+'Fiscal Terms_PIA'!$X$62*(Q46-'Fiscal Terms_PIA'!$W$61)","=IF(Q46=0,0,IF(Q46<='Fiscal Terms_PIA'!$W$60,'Fiscal Terms_PIA'!$X$60,IF(AND(Q46>'Fiscal Terms_PIA'!$W$60,Q46<='Fiscal Terms_PIA'!$W$61),('Fiscal Terms_PIA'!$X$60*'Fiscal Terms_PIA'!$W$60+(Q46-'Fiscal Terms_PIA'!$W$60)*'Fiscal Terms_PIA'!$X$61)/Q46,IF(AND(Q46>'Fiscal Terms_PIA'!$W$61,Q46<='Fiscal Terms_PIA'!$W$62),('Fiscal Terms_PIA'!$X$60*'Fiscal Terms_PIA'!$W$60+'Fiscal Terms_PIA'!$X$61*('Fiscal Terms_PIA'!$W$61-'Fiscal Terms_PIA'!$W$60)+'Fiscal Terms_PIA'!$X$62*(Q46-'Fiscal Terms_PIA'!$W$61))"
CHANGED,CR Econ,R47,"=IF(Q47=0,"""",IF(Q47<='Fiscal Terms_PIA'!$W$60,'Fiscal Terms_PIA'!$X$60,IF(AND(Q47>'Fiscal Terms_PIA'!$W$60,Q47<='Fiscal Terms_PIA'!$W$61),('Fiscal Terms_PIA'!$X$60*'Fiscal Terms_PIA'!$W$60+(Q47-'Fiscal Terms_PIA'!$W$60)*'Fiscal Terms_PIA'!$X$61)/Q47,IF(AND(Q47>'Fiscal Terms_PIA'!$W$61,Q47<='Fiscal Terms_PIA'!$W$62),('Fiscal Terms_PIA'!$X$60*'Fiscal Terms_PIA'!$W$60+'Fiscal Terms_PIA'!$X$61*('Fiscal Terms_PIA'!$W$61-'Fiscal Terms_PIA'!$W$60)+'Fiscal Terms_PIA'!$X$62*(Q47-'Fiscal Terms_PIA'!$W$61)","=IF(Q47=0,0,IF(Q47<='Fiscal Terms_PIA'!$W$60,'Fiscal Terms_PIA'!$X$60,IF(AND(Q47>'Fiscal Terms_PIA'!$W$60,Q47<='Fiscal Terms_PIA'!$W$61),('Fiscal Terms_PIA'!$X$60*'Fiscal Terms_PIA'!$W$60+(Q47-'Fiscal Terms_PIA'!$W$60)*'Fiscal Terms_PIA'!$X$61)/Q47,IF(AND(Q47>'Fiscal Terms_PIA'!$W$61,Q47<='Fiscal Terms_PIA'!$W$62),('Fiscal Terms_PIA'!$X$60*'Fiscal Terms_PIA'!$W$60+'Fiscal Terms_PIA'!$X$61*('Fiscal Terms_PIA'!$W$61-'Fiscal Terms_PIA'!$W$60)+'Fiscal Terms_PIA'!$X$62*(Q47-'Fiscal Terms_PIA'!$W$61))"
CHANGED,CR Econ,R48,"=IF(Q48=0,"""",IF(Q48<='Fiscal Terms_PIA'!$W$60,'Fiscal Terms_PIA'!$X$60,IF(AND(Q48>'Fiscal Terms_PIA'!$W$60,Q48<='Fiscal Terms_PIA'!$W$61),('Fiscal Terms_PIA'!$X$60*'Fiscal Terms_PIA'!$W$60+(Q48-'Fiscal Terms_PIA'!$W$60)*'Fiscal Terms_PIA'!$X$61)/Q48,IF(AND(Q48>'Fiscal Terms_PIA'!$W$61,Q48<='Fiscal Terms_PIA'!$W$62),('Fiscal Terms_PIA'!$X$60*'Fiscal Terms_PIA'!$W$60+'Fiscal Terms_PIA'!$X$61*('Fiscal Terms_PIA'!$W$61-'Fiscal Terms_PIA'!$W$60)+'Fiscal Terms_PIA'!$X$62*(Q48-'Fiscal Terms_PIA'!$W$61)","=IF(Q48=0,0,IF(Q48<='Fiscal Terms_PIA'!$W$60,'Fiscal Terms_PIA'!$X$60,IF(AND(Q48>'Fiscal Terms_PIA'!$W$60,Q48<='Fiscal Terms_PIA'!$W$61),('Fiscal Terms_PIA'!$X$60*'Fiscal Terms_PIA'!$W$60+(Q48-'Fiscal Terms_PIA'!$W$60)*'Fiscal Terms_PIA'!$X$61)/Q48,IF(AND(Q48>'Fiscal Terms_PIA'!$W$61,Q48<='Fiscal Terms_PIA'!$W$62),('Fiscal Terms_PIA'!$X$60*'Fiscal Terms_PIA'!$W$60+'Fiscal Terms_PIA'!$X$61*('Fiscal Terms_PIA'!$W$61-'Fiscal Terms_PIA'!$W$60)+'Fiscal Terms_PIA'!$X$62*(Q48-'Fiscal Terms_PIA'!$W$61))"
CHANGED,CR Econ,R49,"=IF(Q49=0,"""",IF(Q49<='Fiscal Terms_PIA'!$W$60,'Fiscal Terms_PIA'!$X$60,IF(AND(Q49>'Fiscal Terms_PIA'!$W$60,Q49<='Fiscal Terms_PIA'!$W$61),('Fiscal Terms_PIA'!$X$60*'Fiscal Terms_PIA'!$W$60+(Q49-'Fiscal Terms_PIA'!$W$60)*'Fiscal Terms_PIA'!$X$61)/Q49,IF(AND(Q49>'Fiscal Terms_PIA'!$W$61,Q49<='Fiscal Terms_PIA'!$W$62),('Fiscal Terms_PIA'!$X$60*'Fiscal Terms_PIA'!$W$60+'Fiscal Terms_PIA'!$X$61*('Fiscal Terms_PIA'!$W$61-'Fiscal Terms_PIA'!$W$60)+'Fiscal Terms_PIA'!$X$62*(Q49-'Fiscal Terms_PIA'!$W$61)","=IF(Q49=0,0,IF(Q49<='Fiscal Terms_PIA'!$W$60,'Fiscal Terms_PIA'!$X$60,IF(AND(Q49>'Fiscal Terms_PIA'!$W$60,Q49<='Fiscal Terms_PIA'!$W$61),('Fiscal Terms_PIA'!$X$60*'Fiscal Terms_PIA'!$W$60+(Q49-'Fiscal Terms_PIA'!$W$60)*'Fiscal Terms_PIA'!$X$61)/Q49,IF(AND(Q49>'Fiscal Terms_PIA'!$W$61,Q49<='Fiscal Terms_PIA'!$W$62),('Fiscal Terms_PIA'!$X$60*'Fiscal Terms_PIA'!$W$60+'Fiscal Terms_PIA'!$X$61*('Fiscal Terms_PIA'!$W$61-'Fiscal Terms_PIA'!$W$60)+'Fiscal Terms_PIA'!$X$62*(Q49-'Fiscal Terms_PIA'!$W$61))"
CHANGED,CR Econ,R5,"=IF(Q5=0,"""",IF(Q5<='Fiscal Terms_PIA'!$W$60,'Fiscal Terms_PIA'!$X$60,IF(AND(Q5>'Fiscal Terms_PIA'!$W$60,Q5<='Fiscal Terms_PIA'!$W$61),('Fiscal Terms_PIA'!$X$60*'Fiscal Terms_PIA'!$W$60+(Q5-'Fiscal Terms_PIA'!$W$60)*'Fiscal Terms_PIA'!$X$61)/Q5,IF(AND(Q5>'Fiscal Terms_PIA'!$W$61,Q5<='Fiscal Terms_PIA'!$W$62),('Fiscal Terms_PIA'!$X$60*'Fiscal Terms_PIA'!$W$60+'Fiscal Terms_PIA'!$X$61*('Fiscal Terms_PIA'!$W$61-'Fiscal Terms_PIA'!$W$60)+'Fiscal Terms_PIA'!$X$62*(Q5-'Fiscal Terms_PIA'!$W$61))/Q5,IF(A","=IF(Q5=0,0,IF(Q5<='Fiscal Terms_PIA'!$W$60,'Fiscal Terms_PIA'!$X$60,IF(AND(Q5>'Fiscal Terms_PIA'!$W$60,Q5<='Fiscal Terms_PIA'!$W$61),('Fiscal Terms_PIA'!$X$60*'Fiscal Terms_PIA'!$W$60+(Q5-'Fiscal Terms_PIA'!$W$60)*'Fiscal Terms_PIA'!$X$61)/Q5,IF(AND(Q5>'Fiscal Terms_PIA'!$W$61,Q5<='Fiscal Terms_PIA'!$W$62),('Fiscal Terms_PIA'!$X$60*'Fiscal Terms_PIA'!$W$60+'Fiscal Terms_PIA'!$X$61*('Fiscal Terms_PIA'!$W$61-'Fiscal Terms_PIA'!$W$60)+'Fiscal Terms_PIA'!$X$62*(Q5-'Fiscal Terms_PIA'!$W$61))/Q5,IF(AN"
CHANGED,CR Econ,R6,"=IF(Q6=0,"""",IF(Q6<='Fiscal Terms_PIA'!$W$60,'Fiscal Terms_PIA'!$X$60,IF(AND(Q6>'Fiscal Terms_PIA'!$W$60,Q6<='Fiscal Terms_PIA'!$W$61),('Fiscal Terms_PIA'!$X$60*'Fiscal Terms_PIA'!$W$60+(Q6-'Fiscal Terms_PIA'!$W$60)*'Fiscal Terms_PIA'!$X$61)/Q6,IF(AND(Q6>'Fiscal Terms_PIA'!$W$61,Q6<='Fiscal Terms_PIA'!$W$62),('Fiscal Terms_PIA'!$X$60*'Fiscal Terms_PIA'!$W$60+'Fiscal Terms_PIA'!$X$61*('Fiscal Terms_PIA'!$W$61-'Fiscal Terms_PIA'!$W$60)+'Fiscal Terms_PIA'!$X$62*(Q6-'Fiscal Terms_PIA'!$W$61))/Q6,IF(A","=IF(Q6=0,0,IF(Q6<='Fiscal Terms_PIA'!$W$60,'Fiscal Terms_PIA'!$X$60,IF(AND(Q6>'Fiscal Terms_PIA'!$W$60,Q6<='Fiscal Terms_PIA'!$W$61),('Fiscal Terms_PIA'!$X$60*'Fiscal Terms_PIA'!$W$60+(Q6-'Fiscal Terms_PIA'!$W$60)*'Fiscal Terms_PIA'!$X$61)/Q6,IF(AND(Q6>'Fiscal Terms_PIA'!$W$61,Q6<='Fiscal Terms_PIA'!$W$62),('Fiscal Terms_PIA'!$X$60*'Fiscal Terms_PIA'!$W$60+'Fiscal Terms_PIA'!$X$61*('Fiscal Terms_PIA'!$W$61-'Fiscal Terms_PIA'!$W$60)+'Fiscal Terms_PIA'!$X$62*(Q6-'Fiscal Terms_PIA'!$W$61))/Q6,IF(AN"
CHANGED,CR Econ,R7,"=IF(Q7=0,"""",IF(Q7<='Fiscal Terms_PIA'!$W$60,'Fiscal Terms_PIA'!$X$60,IF(AND(Q7>'Fiscal Terms_PIA'!$W$60,Q7<='Fiscal Terms_PIA'!$W$61),('Fiscal Terms_PIA'!$X$60*'Fiscal Terms_PIA'!$W$60+(Q7-'Fiscal Terms_PIA'!$W$60)*'Fiscal Terms_PIA'!$X$61)/Q7,IF(AND(Q7>'Fiscal Terms_PIA'!$W$61,Q7<='Fiscal Terms_PIA'!$W$62),('Fiscal Terms_PIA'!$X$60*'Fiscal Terms_PIA'!$W$60+'Fiscal Terms_PIA'!$X$61*('Fiscal Terms_PIA'!$W$61-'Fiscal Terms_PIA'!$W$60)+'Fiscal Terms_PIA'!$X$62*(Q7-'Fiscal Terms_PIA'!$W$61))/Q7,IF(A","=IF(Q7=0,0,IF(Q7<='Fiscal Terms_PIA'!$W$60,'Fiscal Terms_PIA'!$X$60,IF(AND(Q7>'Fiscal Terms_PIA'!$W$60,Q7<='Fiscal Terms_PIA'!$W$61),('Fiscal Terms_PIA'!$X$60*'Fiscal Terms_PIA'!$W$60+(Q7-'Fiscal Terms_PIA'!$W$60)*'Fiscal Terms_PIA'!$X$61)/Q7,IF(AND(Q7>'Fiscal Terms_PIA'!$W$61,Q7<='Fiscal Terms_PIA'!$W$62),('Fiscal Terms_PIA'!$X$60*'Fiscal Terms_PIA'!$W$60+'Fiscal Terms_PIA'!$X$61*('Fiscal Terms_PIA'!$W$61-'Fiscal Terms_PIA'!$W$60)+'Fiscal Terms_PIA'!$X$62*(Q7-'Fiscal Terms_PIA'!$W$61))/Q7,IF(AN"
CHANGED,CR Econ,R8,"=IF(Q8=0,"""",IF(Q8<='Fiscal Terms_PIA'!$W$60,'Fiscal Terms_PIA'!$X$60,IF(AND(Q8>'Fiscal Terms_PIA'!$W$60,Q8<='Fiscal Terms_PIA'!$W$61),('Fiscal Terms_PIA'!$X$60*'Fiscal Terms_PIA'!$W$60+(Q8-'Fiscal Terms_PIA'!$W$60)*'Fiscal Terms_PIA'!$X$61)/Q8,IF(AND(Q8>'Fiscal Terms_PIA'!$W$61,Q8<='Fiscal Terms_PIA'!$W$62),('Fiscal Terms_PIA'!$X$60*'Fiscal Terms_PIA'!$W$60+'Fiscal Terms_PIA'!$X$61*('Fiscal Terms_PIA'!$W$61-'Fiscal Terms_PIA'!$W$60)+'Fiscal Terms_PIA'!$X$62*(Q8-'Fiscal Terms_PIA'!$W$61))/Q8,IF(A","=IF(Q8=0,0,IF(Q8<='Fiscal Terms_PIA'!$W$60,'Fiscal Terms_PIA'!$X$60,IF(AND(Q8>'Fiscal Terms_PIA'!$W$60,Q8<='Fiscal Terms_PIA'!$W$61),('Fiscal Terms_PIA'!$X$60*'Fiscal Terms_PIA'!$W$60+(Q8-'Fiscal Terms_PIA'!$W$60)*'Fiscal Terms_PIA'!$X$61)/Q8,IF(AND(Q8>'Fiscal Terms_PIA'!$W$61,Q8<='Fiscal Terms_PIA'!$W$62),('Fiscal Terms_PIA'!$X$60*'Fiscal Terms_PIA'!$W$60+'Fiscal Terms_PIA'!$X$61*('Fiscal Terms_PIA'!$W$61-'Fiscal Terms_PIA'!$W$60)+'Fiscal Terms_PIA'!$X$62*(Q8-'Fiscal Terms_PIA'!$W$61))/Q8,IF(AN"
CHANGED,CR Econ,R9,"=IF(Q9=0,"""",IF(Q9<='Fiscal Terms_PIA'!$W$60,'Fiscal Terms_PIA'!$X$60,IF(AND(Q9>'Fiscal Terms_PIA'!$W$60,Q9<='Fiscal Terms_PIA'!$W$61),('Fiscal Terms_PIA'!$X$60*'Fiscal Terms_PIA'!$W$60+(Q9-'Fiscal Terms_PIA'!$W$60)*'Fiscal Terms_PIA'!$X$61)/Q9,IF(AND(Q9>'Fiscal Terms_PIA'!$W$61,Q9<='Fiscal Terms_PIA'!$W$62),('Fiscal Terms_PIA'!$X$60*'Fiscal Terms_PIA'!$W$60+'Fiscal Terms_PIA'!$X$61*('Fiscal Terms_PIA'!$W$61-'Fiscal Terms_PIA'!$W$60)+'Fiscal Terms_PIA'!$X$62*(Q9-'Fiscal Terms_PIA'!$W$61))/Q9,IF(A","=IF(Q9=0,0,IF(Q9<='Fiscal Terms_PIA'!$W$60,'Fiscal Terms_PIA'!$X$60,IF(AND(Q9>'Fiscal Terms_PIA'!$W$60,Q9<='Fiscal Terms_PIA'!$W$61),('Fiscal Terms_PIA'!$X$60*'Fiscal Terms_PIA'!$W$60+(Q9-'Fiscal Terms_PIA'!$W$60)*'Fiscal Terms_PIA'!$X$61)/Q9,IF(AND(Q9>'Fiscal Terms_PIA'!$W$61,Q9<='Fiscal Terms_PIA'!$W$62),('Fiscal Terms_PIA'!$X$60*'Fiscal Terms_PIA'!$W$60+'Fiscal Terms_PIA'!$X$61*('Fiscal Terms_PIA'!$W$61-'Fiscal Terms_PIA'!$W$60)+'Fiscal Terms_PIA'!$X$62*(Q9-'Fiscal Terms_PIA'!$W$61))/Q9,IF(AN"
CHANGED,CR Econ,S10,"=IF(Q10=0,"""",100%-R10)","=IF(Q10=0,0,100%-R10)"
CHANGED,CR Econ,S11,"=IF(Q11=0,"""",100%-R11)","=IF(Q11=0,0,100%-R11)"
CHANGED,CR Econ,S12,"=IF(Q12=0,"""",100%-R12)","=IF(Q12=0,0,100%-R12)"
CHANGED,CR Econ,S13,"=IF(Q13=0,"""",100%-R13)","=IF(Q13=0,0,100%-R13)"
CHANGED,CR Econ,S14,"=IF(Q14=0,"""",100%-R14)","=IF(Q14=0,0,100%-R14)"
CHANGED,CR Econ,S15,"=IF(Q15=0,"""",100%-R15)","=IF(Q15=0,0,100%-R15)"
CHANGED,CR Econ,S16,"=IF(Q16=0,"""",100%-R16)","=IF(Q16=0,0,100%-R16)"
CHANGED,CR Econ,S17,"=IF(Q17=0,"""",100%-R17)","=IF(Q17=0,0,100%-R17)"
CHANGED,CR Econ,S18,"=IF(Q18=0,"""",100%-R18)","=IF(Q18=0,0,100%-R18)"
CHANGED,CR Econ,S19,"=IF(Q19=0,"""",100%-R19)","=IF(Q19=0,0,100%-R19)"
CHANGED,CR Econ,S20,"=IF(Q20=0,"""",100%-R20)","=IF(Q20=0,0,100%-R20)"
CHANGED,CR Econ,S21,"=IF(Q21=0,"""",100%-R21)","=IF(Q21=0,0,100%-R21)"
CHANGED,CR Econ,S22,"=IF(Q22=0,"""",100%-R22)","=IF(Q22=0,0,100%-R22)"
CHANGED,CR Econ,S23,"=IF(Q23=0,"""",100%-R23)","=IF(Q23=0,0,100%-R23)"
CHANGED,CR Econ,S24,"=IF(Q24=0,"""",100%-R24)","=IF(Q24=0,0,100%-R24)"
CHANGED,CR Econ,S25,"=IF(Q25=0,"""",100%-R25)","=IF(Q25=0,0,100%-R25)"
CHANGED,CR Econ,S26,"=IF(Q26=0,"""",100%-R26)","=IF(Q26=0,0,100%-R26)"
CHANGED,CR Econ,S27,"=IF(Q27=0,"""",100%-R27)","=IF(Q27=0,0,100%-R27)"
CHANGED,CR Econ,S28,"=IF(Q28=0,"""",100%-R28)","=IF(Q28=0,0,100%-R28)"
CHANGED,CR Econ,S29,"=IF(Q29=0,"""",100%-R29)","=IF(Q29=0,0,100%-R29)"
CHANGED,CR Econ,S30,"=IF(Q30=0,"""",100%-R30)","=IF(Q30=0,0,100%-R30)"
CHANGED,CR Econ,S31,"=IF(Q31=0,"""",100%-R31)","=IF(Q31=0,0,100%-R31)"
CHANGED,CR Econ,S32,"=IF(Q32=0,"""",100%-R32)","=IF(Q32=0,0,100%-R32)"
CHANGED,CR Econ,S33,"=IF(Q33=0,"""",100%-R33)","=IF(Q33=0,0,100%-R33)"
CHANGED,CR Econ,S34,"=IF(Q34=0,"""",100%-R34)","=IF(Q34=0,0,100%-R34)"
CHANGED,CR Econ,S35,"=IF(Q35=0,"""",100%-R35)","=IF(Q35=0,0,100%-R35)"
CHANGED,CR Econ,S36,"=IF(Q36=0,"""",100%-R36)","=IF(Q36=0,0,100%-R36)"
CHANGED,CR Econ,S37,"=IF(Q37=0,"""",100%-R37)","=IF(Q37=0,0,100%-R37)"
CHANGED,CR Econ,S38,"=IF(Q38=0,"""",100%-R38)","=IF(Q38=0,0,100%-R38)"
CHANGED,CR Econ,S39,"=IF(Q39=0,"""",100%-R39)","=IF(Q39=0,0,100%-R39)"
CHANGED,CR Econ,S40,"=IF(Q40=0,"""",100%-R40)","=IF(Q40=0,0,100%-R40)"
CHANGED,CR Econ,S41,"=IF(Q41=0,"""",100%-R41)","=IF(Q41=0,0,100%-R41)"
CHANGED,CR Econ,S42,"=IF(Q42=0,"""",100%-R42)","=IF(Q42=0,0,100%-R42)"
CHANGED,CR Econ,S43,"=IF(Q43=0,"""",100%-R43)","=IF(Q43=0,0,100%-R43)"
CHANGED,CR Econ,S44,"=IF(Q44=0,"""",100%-R44)","=IF(Q44=0,0,100%-R44)"
CHANGED,CR Econ,S45,"=IF(Q45=0,"""",100%-R45)","=IF(Q45=0,0,100%-R45)"
CHANGED,CR Econ,S46,"=IF(Q46=0,"""",100%-R46)","=IF(Q46=0,0,100%-R46)"
CHANGED,CR Econ,S47,"=IF(Q47=0,"""",100%-R47)","=IF(Q47=0,0,100%-R47)"
CHANGED,CR Econ,S48,"=IF(Q48=0,"""",100%-R48)","=IF(Q48=0,0,100%-R48)"
CHANGED,CR Econ,S49,"=IF(Q49=0,"""",100%-R49)","=IF(Q49=0,0,100%-R49)"
CHANGED,CR Econ,S5,"=IF(Q5=0,"""",100%-R5)","=IF(Q5=0,0,100%-R5)"
CHANGED,CR Econ,S6,"=IF(Q6=0,"""",100%-R6)","=IF(Q6=0,0,100%-R6)"
CHANGED,CR Econ,S7,"=IF(Q7=0,"""",100%-R7)","=IF(Q7=0,0,100%-R7)"
CHANGED,CR Econ,S8,"=IF(Q8=0,"""",100%-R8)","=IF(Q8=0,0,100%-R8)"
CHANGED,CR Econ,S9,"=IF(Q9=0,"""",100%-R9)","=IF(Q9=0,0,100%-R9)"
CHANGED,Cap_Allow,FF54,=FF52/Prod_Summary!$AA$48,=FF52/Prod_Summary!$Y$50
CHANGED,Cap_Allow,FG54,=FG52/Prod_Summary!$AA$48,=FG52/Prod_Summary!$Y$50
CHANGED,Cap_Allow,FH54,=FH52/Prod_Summary!$AA$48,=FH52/Prod_Summary!$Y$50
CHANGED,Cap_Allow,FI54,=FI52/Prod_Summary!$AA$48,=FI52/Prod_Summary!$Y$50
CHANGED,Cap_Allow,FJ54,=FJ52/Prod_Summary!$AA$48,=FJ52/Prod_Summary!$Y$50
CHANGED,Cap_Allow,FK54,=FK52/Prod_Summary!$AA$48,=FK52/Prod_Summary!$Y$50
CHANGED,Cap_Allow,FL54,=FL52/Prod_Summary!$AA$48,=FL52/Prod_Summary!$Y$50
CHANGED,Cap_Allow,FM54,=FM52/Prod_Summary!$AA$48,=FM52/Prod_Summary!$Y$50
CHANGED,Cap_Allow,FN54,=FN52/Prod_Summary!$AA$48,=FN52/Prod_Summary!$Y$50
CHANGED,Cap_Allow,FO54,=FO52/Prod_Summary!$AA$48,=FO52/Prod_Summary!$Y$50
CHANGED,Cap_Allow,FP54,=FP52/Prod_Summary!$AA$48,=FP52/Prod_Summary!$Y$50
CHANGED,Cap_Allow,FQ54,=FQ52/Prod_Summary!$AA$48,=FQ52/Prod_Summary!$Y$50
CHANGED,Ec_IO,G14,='Project_NCF_Con (2)'!AB51+'Project_NCF_Con (2)'!AC51+'Project_NCF_Con (2)'!AD51,=Project_NCF!AB51+Project_NCF!AC51+Project_NCF!AD51
CHANGED,Ec_IO,G6,='Project_NCF_Con (2)'!AJ51,=Project_NCF!AJ51
CHANGED,Ec_IO,N19,=N16/Prod_Summary!$AA$48,=N16/Prod_Summary!$Y$50
CHANGED,Ec_IO,N20,=N17/Prod_Summary!$AA$48,=N17/Prod_Summary!$Y$50
CHANGED,Ec_IO,N21,=N18/Prod_Summary!$AA$48,=N18/Prod_Summary!$Y$50
CHANGED,Ec_IO,P22,='Project_NCF_Con (2)'!AD51,=Project_NCF!AD51
CHANGED,Ec_IO,P23,='Project_NCF_Con (2)'!AB51,=Project_NCF!AB51
CHANGED,Ec_IO,P24,='Project_NCF_Con (2)'!AC51,=Project_NCF!AC51
CHANGED,Ec_IO,S12,='Project_NCF_Con (2)'!AE51/('Project_NCF_Con (2)'!AE51+'Project_NCF_Con (2)'!AF51),=Project_NCF!AE51/(Project_NCF!AE51+Project_NCF!AF51)
CHANGED,Ec_IO,S19,=S16/Prod_Summary!$AA$48,=S16/Prod_Summary!$Y$50
CHANGED,Ec_IO,S20,=S17/Prod_Summary!$AA$48,=S17/Prod_Summary!$Y$50
CHANGED,Ec_IO,S21,=S18/Prod_Summary!$AA$48,=S18/Prod_Summary!$Y$50
CHANGED,Ec_IO,S7,='Project_NCF_Con (2)'!AG51,=Project_NCF!AG51
CHANGED,Ec_IO,T14,='Project_NCF_Con (2)'!AJ51,=Project_NCF!AJ51
CHANGED,Ec_IO,T23,=Prod_Summary!Y48,=Prod_Summary!Y49
CHANGED,Ec_IO,T7,='Project_NCF_Con (2)'!AH51,=Project_NCF!AH51
CHANGED,Ec_IO,T8,='Project_NCF_Con (2)'!AG58,=Project_NCF!AG58
CHANGED,Equity_NCF_Con,W10,='Project_NCF_Con (2)'!W10*'Equity Dash'!$C$4,=Project_NCF!W10*'Equity Dash'!$C$4
CHANGED,Equity_NCF_Con,W11,='Project_NCF_Con (2)'!W11*'Equity Dash'!$C$4,=Project_NCF!W11*'Equity Dash'!$C$4
CHANGED,Equity_NCF_Con,W12,='Project_NCF_Con (2)'!W12*'Equity Dash'!$C$4,=Project_NCF!W12*'Equity Dash'!$C$4
CHANGED,Equity_NCF_Con,W13,='Project_NCF_Con (2)'!W13*'Equity Dash'!$C$4,=Project_NCF!W13*'Equity Dash'!$C$4
CHANGED,Equity_NCF_Con,W14,='Project_NCF_Con (2)'!W14*'Equity Dash'!$C$4,=Project_NCF!W14*'Equity Dash'!$C$4
CHANGED,Equity_NCF_Con,W15,='Project_NCF_Con (2)'!W15*'Equity Dash'!$C$4,=Project_NCF!W15*'Equity Dash'!$C$4
CHANGED,Equity_NCF_Con,W16,='Project_NCF_Con (2)'!W16*'Equity Dash'!$C$4,=Project_NCF!W16*'Equity Dash'!$C$4
CHANGED,Equity_NCF_Con,W17,='Project_NCF_Con (2)'!W17*'Equity Dash'!$C$4,=Project_NCF!W17*'Equity Dash'!$C$4
CHANGED,Equity_NCF_Con,W18,='Project_NCF_Con (2)'!W18*'Equity Dash'!$C$4,=Project_NCF!W18*'Equity Dash'!$C$4
CHANGED,Equity_NCF_Con,W19,='Project_NCF_Con (2)'!W19*'Equity Dash'!$C$4,=Project_NCF!W19*'Equity Dash'!$C$4
CHANGED,Equity_NCF_Con,W20,='Project_NCF_Con (2)'!W20*'Equity Dash'!$C$4,=Project_NCF!W20*'Equity Dash'!$C$4
CHANGED,Equity_NCF_Con,W21,='Project_NCF_Con (2)'!W21*'Equity Dash'!$C$4,=Project_NCF!W21*'Equity Dash'!$C$4
CHANGED,Equity_NCF_Con,W22,='Project_NCF_Con (2)'!W22*'Equity Dash'!$C$4,=Project_NCF!W22*'Equity Dash'!$C$4
CHANGED,Equity_NCF_Con,W23,='Project_NCF_Con (2)'!W23*'Equity Dash'!$C$4,=Project_NCF!W23*'Equity Dash'!$C$4
CHANGED,Equity_NCF_Con,W24,='Project_NCF_Con (2)'!W24*'Equity Dash'!$C$4,=Project_NCF!W24*'Equity Dash'!$C$4
CHANGED,Equity_NCF_Con,W25,='Project_NCF_Con (2)'!W25*'Equity Dash'!$C$4,=Project_NCF!W25*'Equity Dash'!$C$4
CHANGED,Equity_NCF_Con,W26,='Project_NCF_Con (2)'!W26*'Equity Dash'!$C$4,=Project_NCF!W26*'Equity Dash'!$C$4
CHANGED,Equity_NCF_Con,W27,='Project_NCF_Con (2)'!W27*'Equity Dash'!$C$4,=Project_NCF!W27*'Equity Dash'!$C$4
CHANGED,Equity_NCF_Con,W28,='Project_NCF_Con (2)'!W28*'Equity Dash'!$C$4,=Project_NCF!W28*'Equity Dash'!$C$4
CHANGED,Equity_NCF_Con,W29,='Project_NCF_Con (2)'!W29*'Equity Dash'!$C$4,=Project_NCF!W29*'Equity Dash'!$C$4
CHANGED,Equity_NCF_Con,W30,='Project_NCF_Con (2)'!W30*'Equity Dash'!$C$4,=Project_NCF!W30*'Equity Dash'!$C$4
CHANGED,Equity_NCF_Con,W31,='Project_NCF_Con (2)'!W31*'Equity Dash'!$C$4,=Project_NCF!W31*'Equity Dash'!$C$4
CHANGED,Equity_NCF_Con,W32,='Project_NCF_Con (2)'!W32*'Equity Dash'!$C$4,=Project_NCF!W32*'Equity Dash'!$C$4
CHANGED,Equity_NCF_Con,W33,='Project_NCF_Con (2)'!W33*'Equity Dash'!$C$4,=Project_NCF!W33*'Equity Dash'!$C$4
CHANGED,Equity_NCF_Con,W34,='Project_NCF_Con (2)'!W34*'Equity Dash'!$C$4,=Project_NCF!W34*'Equity Dash'!$C$4
CHANGED,Equity_NCF_Con,W35,='Project_NCF_Con (2)'!W35*'Equity Dash'!$C$4,=Project_NCF!W35*'Equity Dash'!$C$4
CHANGED,Equity_NCF_Con,W36,='Project_NCF_Con (2)'!W36*'Equity Dash'!$C$4,=Project_NCF!W36*'Equity Dash'!$C$4
CHANGED,Equity_NCF_Con,W37,='Project_NCF_Con (2)'!W37*'Equity Dash'!$C$4,=Project_NCF!W37*'Equity Dash'!$C$4
CHANGED,Equity_NCF_Con,W38,='Project_NCF_Con (2)'!W38*'Equity Dash'!$C$4,=Project_NCF!W38*'Equity Dash'!$C$4
CHANGED,Equity_NCF_Con,W39,='Project_NCF_Con (2)'!W39*'Equity Dash'!$C$4,=Project_NCF!W39*'Equity Dash'!$C$4
CHANGED,Equity_NCF_Con,W40,='Project_NCF_Con (2)'!W40*'Equity Dash'!$C$4,=Project_NCF!W40*'Equity Dash'!$C$4
CHANGED,Equity_NCF_Con,W41,='Project_NCF_Con (2)'!W41*'Equity Dash'!$C$4,=Project_NCF!W41*'Equity Dash'!$C$4
CHANGED,Equity_NCF_Con,W42,='Project_NCF_Con (2)'!W42*'Equity Dash'!$C$4,=Project_NCF!W42*'Equity Dash'!$C$4
CHANGED,Equity_NCF_Con,W43,='Project_NCF_Con (2)'!W43*'Equity Dash'!$C$4,=Project_NCF!W43*'Equity Dash'!$C$4
CHANGED,Equity_NCF_Con,W44,='Project_NCF_Con (2)'!W44*'Equity Dash'!$C$4,=Project_NCF!W44*'Equity Dash'!$C$4
CHANGED,Equity_NCF_Con,W45,='Project_NCF_Con (2)'!W45*'Equity Dash'!$C$4,=Project_NCF!W45*'Equity Dash'!$C$4
CHANGED,Equity_NCF_Con,W46,='Project_NCF_Con (2)'!W46*'Equity Dash'!$C$4,=Project_NCF!W46*'Equity Dash'!$C$4
CHANGED,Equity_NCF_Con,W47,='Project_NCF_Con (2)'!W47*'Equity Dash'!$C$4,=Project_NCF!W47*'Equity Dash'!$C$4
CHANGED,Equity_NCF_Con,W48,='Project_NCF_Con (2)'!W48*'Equity Dash'!$C$4,=Project_NCF!W48*'Equity Dash'!$C$4
CHANGED,Equity_NCF_Con,W49,='Project_NCF_Con (2)'!W49*'Equity Dash'!$C$4,=Project_NCF!W49*'Equity Dash'!$C$4
CHANGED,Equity_NCF_Con,W5,='Project_NCF_Con (2)'!W5*'Equity Dash'!$C$4,=Project_NCF!W5*'Equity Dash'!$C$4
CHANGED,Equity_NCF_Con,W6,='Project_NCF_Con (2)'!W6*'Equity Dash'!$C$4,=Project_NCF!W6*'Equity Dash'!$C$4
CHANGED,Equity_NCF_Con,W7,='Project_NCF_Con (2)'!W7*'Equity Dash'!$C$4,=Project_NCF!W7*'Equity Dash'!$C$4
CHANGED,Equity_NCF_Con,W8,='Project_NCF_Con (2)'!W8*'Equity Dash'!$C$4,=Project_NCF!W8*'Equity Dash'!$C$4
CHANGED,Equity_NCF_Con,W9,='Project_NCF_Con (2)'!W9*'Equity Dash'!$C$4,=Project_NCF!W9*'Equity Dash'!$C$4
CHANGED,Equity_NCF_Con,X10,='Project_NCF_Con (2)'!X10*'Equity Dash'!$C$4,=Project_NCF!X10*'Equity Dash'!$C$4
CHANGED,Equity_NCF_Con,X11,='Project_NCF_Con (2)'!X11*'Equity Dash'!$C$4,=Project_NCF!X11*'Equity Dash'!$C$4
CHANGED,Equity_NCF_Con,X12,='Project_NCF_Con (2)'!X12*'Equity Dash'!$C$4,=Project_NCF!X12*'Equity Dash'!$C$4
CHANGED,Equity_NCF_Con,X13,='Project_NCF_Con (2)'!X13*'Equity Dash'!$C$4,=Project_NCF!X13*'Equity Dash'!$C$4
CHANGED,Equity_NCF_Con,X14,='Project_NCF_Con (2)'!X14*'Equity Dash'!$C$4,=Project_NCF!X14*'Equity Dash'!$C$4
CHANGED,Equity_NCF_Con,X15,='Project_NCF_Con (2)'!X15*'Equity Dash'!$C$4,=Project_NCF!X15*'Equity Dash'!$C$4
CHANGED,Equity_NCF_Con,X16,='Project_NCF_Con (2)'!X16*'Equity Dash'!$C$4,=Project_NCF!X16*'Equity Dash'!$C$4
CHANGED,Equity_NCF_Con,X17,='Project_NCF_Con (2)'!X17*'Equity Dash'!$C$4,=Project_NCF!X17*'Equity Dash'!$C$4
CHANGED,Equity_NCF_Con,X18,='Project_NCF_Con (2)'!X18*'Equity Dash'!$C$4,=Project_NCF!X18*'Equity Dash'!$C$4
CHANGED,Equity_NCF_Con,X19,='Project_NCF_Con (2)'!X19*'Equity Dash'!$C$4,=Project_NCF!X19*'Equity Dash'!$C$4
CHANGED,Equity_NCF_Con,X20,='Project_NCF_Con (2)'!X20*'Equity Dash'!$C$4,=Project_NCF!X20*'Equity Dash'!$C$4
CHANGED,Equity_NCF_Con,X21,='Project_NCF_Con (2)'!X21*'Equity Dash'!$C$4,=Project_NCF!X21*'Equity Dash'!$C$4
CHANGED,Equity_NCF_Con,X22,='Project_NCF_Con (2)'!X22*'Equity Dash'!$C$4,=Project_NCF!X22*'Equity Dash'!$C$4
CHANGED,Equity_NCF_Con,X23,='Project_NCF_Con (2)'!X23*'Equity Dash'!$C$4,=Project_NCF!X23*'Equity Dash'!$C$4
CHANGED,Equity_NCF_Con,X24,='Project_NCF_Con (2)'!X24*'Equity Dash'!$C$4,=Project_NCF!X24*'Equity Dash'!$C$4
CHANGED,Equity_NCF_Con,X25,='Project_NCF_Con (2)'!X25*'Equity Dash'!$C$4,=Project_NCF!X25*'Equity Dash'!$C$4
CHANGED,Equity_NCF_Con,X26,='Project_NCF_Con (2)'!X26*'Equity Dash'!$C$4,=Project_NCF!X26*'Equity Dash'!$C$4
CHANGED,Equity_NCF_Con,X27,='Project_NCF_Con (2)'!X27*'Equity Dash'!$C$4,=Project_NCF!X27*'Equity Dash'!$C$4
CHANGED,Equity_NCF_Con,X28,='Project_NCF_Con (2)'!X28*'Equity Dash'!$C$4,=Project_NCF!X28*'Equity Dash'!$C$4
CHANGED,Equity_NCF_Con,X29,='Project_NCF_Con (2)'!X29*'Equity Dash'!$C$4,=Project_NCF!X29*'Equity Dash'!$C$4
CHANGED,Equity_NCF_Con,X30,='Project_NCF_Con (2)'!X30*'Equity Dash'!$C$4,=Project_NCF!X30*'Equity Dash'!$C$4
CHANGED,Equity_NCF_Con,X31,='Project_NCF_Con (2)'!X31*'Equity Dash'!$C$4,=Project_NCF!X31*'Equity Dash'!$C$4
CHANGED,Equity_NCF_Con,X32,='Project_NCF_Con (2)'!X32*'Equity Dash'!$C$4,=Project_NCF!X32*'Equity Dash'!$C$4
CHANGED,Equity_NCF_Con,X33,='Project_NCF_Con (2)'!X33*'Equity Dash'!$C$4,=Project_NCF!X33*'Equity Dash'!$C$4
CHANGED,Equity_NCF_Con,X34,='Project_NCF_Con (2)'!X34*'Equity Dash'!$C$4,=Project_NCF!X34*'Equity Dash'!$C$4
CHANGED,Equity_NCF_Con,X35,='Project_NCF_Con (2)'!X35*'Equity Dash'!$C$4,=Project_NCF!X35*'Equity Dash'!$C$4
CHANGED,Equity_NCF_Con,X36,='Project_NCF_Con (2)'!X36*'Equity Dash'!$C$4,=Project_NCF!X36*'Equity Dash'!$C$4
CHANGED,Equity_NCF_Con,X37,='Project_NCF_Con (2)'!X37*'Equity Dash'!$C$4,=Project_NCF!X37*'Equity Dash'!$C$4
CHANGED,Equity_NCF_Con,X38,='Project_NCF_Con (2)'!X38*'Equity Dash'!$C$4,=Project_NCF!X38*'Equity Dash'!$C$4
CHANGED,Equity_NCF_Con,X39,='Project_NCF_Con (2)'!X39*'Equity Dash'!$C$4,=Project_NCF!X39*'Equity Dash'!$C$4
CHANGED,Equity_NCF_Con,X40,='Project_NCF_Con (2)'!X40*'Equity Dash'!$C$4,=Project_NCF!X40*'Equity Dash'!$C$4
CHANGED,Equity_NCF_Con,X41,='Project_NCF_Con (2)'!X41*'Equity Dash'!$C$4,=Project_NCF!X41*'Equity Dash'!$C$4
CHANGED,Equity_NCF_Con,X42,='Project_NCF_Con (2)'!X42*'Equity Dash'!$C$4,=Project_NCF!X42*'Equity Dash'!$C$4
CHANGED,Equity_NCF_Con,X43,='Project_NCF_Con (2)'!X43*'Equity Dash'!$C$4,=Project_NCF!X43*'Equity Dash'!$C$4
CHANGED,Equity_NCF_Con,X44,='Project_NCF_Con (2)'!X44*'Equity Dash'!$C$4,=Project_NCF!X44*'Equity Dash'!$C$4
CHANGED,Equity_NCF_Con,X45,='Project_NCF_Con (2)'!X45*'Equity Dash'!$C$4,=Project_NCF!X45*'Equity Dash'!$C$4
CHANGED,Equity_NCF_Con,X46,='Project_NCF_Con (2)'!X46*'Equity Dash'!$C$4,=Project_NCF!X46*'Equity Dash'!$C$4
CHANGED,Equity_NCF_Con,X47,='Project_NCF_Con (2)'!X47*'Equity Dash'!$C$4,=Project_NCF!X47*'Equity Dash'!$C$4
CHANGED,Equity_NCF_Con,X48,='Project_NCF_Con (2)'!X48*'Equity Dash'!$C$4,=Project_NCF!X48*'Equity Dash'!$C$4
CHANGED,Equity_NCF_Con,X49,='Project_NCF_Con (2)'!X49*'Equity Dash'!$C$4,=Project_NCF!X49*'Equity Dash'!$C$4
CHANGED,Equity_NCF_Con,X5,='Project_NCF_Con (2)'!X5*'Equity Dash'!$C$4,=Project_NCF!X5*'Equity Dash'!$C$4
CHANGED,Equity_NCF_Con,X6,='Project_NCF_Con (2)'!X6*'Equity Dash'!$C$4,=Project_NCF!X6*'Equity Dash'!$C$4
CHANGED,Equity_NCF_Con,X7,='Project_NCF_Con (2)'!X7*'Equity Dash'!$C$4,=Project_NCF!X7*'Equity Dash'!$C$4
CHANGED,Equity_NCF_Con,X8,='Project_NCF_Con (2)'!X8*'Equity Dash'!$C$4,=Project_NCF!X8*'Equity Dash'!$C$4
CHANGED,Equity_NCF_Con,X9,='Project_NCF_Con (2)'!X9*'Equity Dash'!$C$4,=Project_NCF!X9*'Equity Dash'!$C$4
CHANGED,FLGT,AN10,"=IF(A10='Equity Dash'!$M$4,'Equity Dash'!$R$4/1000000,0)","=IF(A10='Equity Dash'!$M$4,'Equity Dash'!$R$4/$AO$2,0)"
CHANGED,FLGT,AN11,"=IF(A11='Equity Dash'!$M$4,'Equity Dash'!$R$4/1000000,0)","=IF(A11='Equity Dash'!$M$4,'Equity Dash'!$R$4/$AO$2,0)"
CHANGED,FLGT,AN12,"=IF(A12='Equity Dash'!$M$4,'Equity Dash'!$R$4/1000000,0)","=IF(A12='Equity Dash'!$M$4,'Equity Dash'!$R$4/$AO$2,0)"
CHANGED,FLGT,AN13,"=IF(A13='Equity Dash'!$M$4,'Equity Dash'!$R$4/1000000,0)","=IF(A13='Equity Dash'!$M$4,'Equity Dash'!$R$4/$AO$2,0)"
CHANGED,FLGT,AN14,"=IF(A14='Equity Dash'!$M$4,'Equity Dash'!$R$4/1000000,0)","=IF(A14='Equity Dash'!$M$4,'Equity Dash'!$R$4/$AO$2,0)"
CHANGED,FLGT,AN15,"=IF(A15='Equity Dash'!$M$4,'Equity Dash'!$R$4/1000000,0)","=IF(A15='Equity Dash'!$M$4,'Equity Dash'!$R$4/$AO$2,0)"
CHANGED,FLGT,AN16,"=IF(A16='Equity Dash'!$M$4,'Equity Dash'!$R$4/1000000,0)","=IF(A16='Equity Dash'!$M$4,'Equity Dash'!$R$4/$AO$2,0)"
CHANGED,FLGT,AN17,"=IF(A17='Equity Dash'!$M$4,'Equity Dash'!$R$4/1000000,0)","=IF(A17='Equity Dash'!$M$4,'Equity Dash'!$R$4/$AO$2,0)"
CHANGED,FLGT,AN18,"=IF(A18='Equity Dash'!$M$4,'Equity Dash'!$R$4/1000000,0)","=IF(A18='Equity Dash'!$M$4,'Equity Dash'!$R$4/$AO$2,0)"
CHANGED,FLGT,AN19,"=IF(A19='Equity Dash'!$M$4,'Equity Dash'!$R$4/1000000,0)","=IF(A19='Equity Dash'!$M$4,'Equity Dash'!$R$4/$AO$2,0)"
CHANGED,FLGT,AN20,"=IF(A20='Equity Dash'!$M$4,'Equity Dash'!$R$4/1000000,0)","=IF(A20='Equity Dash'!$M$4,'Equity Dash'!$R$4/$AO$2,0)"
CHANGED,FLGT,AN21,"=IF(A21='Equity Dash'!$M$4,'Equity Dash'!$R$4/1000000,0)","=IF(A21='Equity Dash'!$M$4,'Equity Dash'!$R$4/$AO$2,0)"
CHANGED,FLGT,AN22,"=IF(A22='Equity Dash'!$M$4,'Equity Dash'!$R$4/1000000,0)","=IF(A22='Equity Dash'!$M$4,'Equity Dash'!$R$4/$AO$2,0)"
CHANGED,FLGT,AN23,"=IF(A23='Equity Dash'!$M$4,'Equity Dash'!$R$4/1000000,0)","=IF(A23='Equity Dash'!$M$4,'Equity Dash'!$R$4/$AO$2,0)"
CHANGED,FLGT,AN24,"=IF(A24='Equity Dash'!$M$4,'Equity Dash'!$R$4/1000000,0)","=IF(A24='Equity Dash'!$M$4,'Equity Dash'!$R$4/$AO$2,0)"
CHANGED,FLGT,AN25,"=IF(A25='Equity Dash'!$M$4,'Equity Dash'!$R$4/1000000,0)","=IF(A25='Equity Dash'!$M$4,'Equity Dash'!$R$4/$AO$2,0)"
CHANGED,FLGT,AN26,"=IF(A26='Equity Dash'!$M$4,'Equity Dash'!$R$4/1000000,0)","=IF(A26='Equity Dash'!$M$4,'Equity Dash'!$R$4/$AO$2,0)"
CHANGED,FLGT,AN27,"=IF(A27='Equity Dash'!$M$4,'Equity Dash'!$R$4/1000000,0)","=IF(A27='Equity Dash'!$M$4,'Equity Dash'!$R$4/$AO$2,0)"
CHANGED,FLGT,AN28,"=IF(A28='Equity Dash'!$M$4,'Equity Dash'!$R$4/1000000,0)","=IF(A28='Equity Dash'!$M$4,'Equity Dash'!$R$4/$AO$2,0)"
CHANGED,FLGT,AN29,"=IF(A29='Equity Dash'!$M$4,'Equity Dash'!$R$4/1000000,0)","=IF(A29='Equity Dash'!$M$4,'Equity Dash'!$R$4/$AO$2,0)"
CHANGED,FLGT,AN30,"=IF(A30='Equity Dash'!$M$4,'Equity Dash'!$R$4/1000000,0)","=IF(A30='Equity Dash'!$M$4,'Equity Dash'!$R$4/$AO$2,0)"
CHANGED,FLGT,AN31,"=IF(A31='Equity Dash'!$M$4,'Equity Dash'!$R$4/1000000,0)","=IF(A31='Equity Dash'!$M$4,'Equity Dash'!$R$4/$AO$2,0)"
CHANGED,FLGT,AN32,"=IF(A32='Equity Dash'!$M$4,'Equity Dash'!$R$4/1000000,0)","=IF(A32='Equity Dash'!$M$4,'Equity Dash'!$R$4/$AO$2,0)"
CHANGED,FLGT,AN33,"=IF(A33='Equity Dash'!$M$4,'Equity Dash'!$R$4/1000000,0)","=IF(A33='Equity Dash'!$M$4,'Equity Dash'!$R$4/$AO$2,0)"
CHANGED,FLGT,AN34,"=IF(A34='Equity Dash'!$M$4,'Equity Dash'!$R$4/1000000,0)","=IF(A34='Equity Dash'!$M$4,'Equity Dash'!$R$4/$AO$2,0)"
CHANGED,FLGT,AN35,"=IF(A35='Equity Dash'!$M$4,'Equity Dash'!$R$4/1000000,0)","=IF(A35='Equity Dash'!$M$4,'Equity Dash'!$R$4/$AO$2,0)"
CHANGED,FLGT,AN36,"=IF(A36='Equity Dash'!$M$4,'Equity Dash'!$R$4/1000000,0)","=IF(A36='Equity Dash'!$M$4,'Equity Dash'!$R$4/$AO$2,0)"
CHANGED,FLGT,AN37,"=IF(A37='Equity Dash'!$M$4,'Equity Dash'!$R$4/1000000,0)","=IF(A37='Equity Dash'!$M$4,'Equity Dash'!$R$4/$AO$2,0)"
CHANGED,FLGT,AN38,"=IF(A38='Equity Dash'!$M$4,'Equity Dash'!$R$4/1000000,0)","=IF(A38='Equity Dash'!$M$4,'Equity Dash'!$R$4/$AO$2,0)"
CHANGED,FLGT,AN39,"=IF(A39='Equity Dash'!$M$4,'Equity Dash'!$R$4/1000000,0)","=IF(A39='Equity Dash'!$M$4,'Equity Dash'!$R$4/$AO$2,0)"
CHANGED,FLGT,AN40,"=IF(A40='Equity Dash'!$M$4,'Equity Dash'!$R$4/1000000,0)","=IF(A40='Equity Dash'!$M$4,'Equity Dash'!$R$4/$AO$2,0)"
CHANGED,FLGT,AN41,"=IF(A41='Equity Dash'!$M$4,'Equity Dash'!$R$4/1000000,0)","=IF(A41='Equity Dash'!$M$4,'Equity Dash'!$R$4/$AO$2,0)"
CHANGED,FLGT,AN42,"=IF(A42='Equity Dash'!$M$4,'Equity Dash'!$R$4/1000000,0)","=IF(A42='Equity Dash'!$M$4,'Equity Dash'!$R$4/$AO$2,0)"
CHANGED,FLGT,AN43,"=IF(A43='Equity Dash'!$M$4,'Equity Dash'!$R$4/1000000,0)","=IF(A43='Equity Dash'!$M$4,'Equity Dash'!$R$4/$AO$2,0)"
CHANGED,FLGT,AN44,"=IF(A44='Equity Dash'!$M$4,'Equity Dash'!$R$4/1000000,0)","=IF(A44='Equity Dash'!$M$4,'Equity Dash'!$R$4/$AO$2,0)"
CHANGED,FLGT,AN45,"=IF(A45='Equity Dash'!$M$4,'Equity Dash'!$R$4/1000000,0)","=IF(A45='Equity Dash'!$M$4,'Equity Dash'!$R$4/$AO$2,0)"
CHANGED,FLGT,AN46,"=IF(A46='Equity Dash'!$M$4,'Equity Dash'!$R$4/1000000,0)","=IF(A46='Equity Dash'!$M$4,'Equity Dash'!$R$4/$AO$2,0)"
CHANGED,FLGT,AN47,"=IF(A47='Equity Dash'!$M$4,'Equity Dash'!$R$4/1000000,0)","=IF(A47='Equity Dash'!$M$4,'Equity Dash'!$R$4/$AO$2,0)"
CHANGED,FLGT,AN48,"=IF(A48='Equity Dash'!$M$4,'Equity Dash'!$R$4/1000000,0)","=IF(A48='Equity Dash'!$M$4,'Equity Dash'!$R$4/$AO$2,0)"
CHANGED,FLGT,AN49,"=IF(A49='Equity Dash'!$M$4,'Equity Dash'!$R$4/1000000,0)","=IF(A49='Equity Dash'!$M$4,'Equity Dash'!$R$4/$AO$2,0)"
CHANGED,FLGT,AN5,"=IF(A5='Equity Dash'!$M$4,'Equity Dash'!$R$4/1000000,0)","=IF(A5='Equity Dash'!$M$4,'Equity Dash'!$R$4/$AO$2,0)"
CHANGED,FLGT,AN6,"=IF(A6='Equity Dash'!$M$4,'Equity Dash'!$R$4/1000000,0)","=IF(A6='Equity Dash'!$M$4,'Equity Dash'!$R$4/$AO$2,0)"
CHANGED,FLGT,AN7,"=IF(A7='Equity Dash'!$M$4,'Equity Dash'!$R$4/1000000,0)","=IF(A7='Equity Dash'!$M$4,'Equity Dash'!$R$4/$AO$2,0)"
CHANGED,FLGT,AN8,"=IF(A8='Equity Dash'!$M$4,'Equity Dash'!$R$4/1000000,0)","=IF(A8='Equity Dash'!$M$4,'Equity Dash'!$R$4/$AO$2,0)"
CHANGED,FLGT,AN9,"=IF(A9='Equity Dash'!$M$4,'Equity Dash'!$R$4/1000000,0)","=IF(A9='Equity Dash'!$M$4,'Equity Dash'!$R$4/$AO$2,0)"
CHANGED,RESULTS Equity,H19,=H16/Prod_Summary!$AA$48/'Equity Dash'!$C$4,=H16/Prod_Summary!$Y$50/'Equity Dash'!$C$4
CHANGED,RESULTS Equity,H20,=H17/Prod_Summary!$AA$48/'Equity Dash'!$C$4,=H17/Prod_Summary!$Y$50/'Equity Dash'!$C$4
CHANGED,RESULTS Equity,H21,=H18/Prod_Summary!$AA$48/'Equity Dash'!$C$4,=H18/Prod_Summary!$Y$50/'Equity Dash'!$C$4
CHANGED,RESULTS Equity,M19,=M16/Prod_Summary!$AA$48/'Equity Dash'!$C$4,=M16/Prod_Summary!$Y$50/'Equity Dash'!$C$4
CHANGED,RESULTS Equity,M20,=M17/Prod_Summary!$AA$48/'Equity Dash'!$C$4,=M17/Prod_Summary!$Y$50/'Equity Dash'!$C$4
CHANGED,RESULTS Equity,M21,=M18/Prod_Summary!$AA$48/'Equity Dash'!$C$4,=M18/Prod_Summary!$Y$50/'Equity Dash'!$C$4
CHANGED,RESULTS Equity,N23,=Prod_Summary!Y48*'Equity Dash'!$C$4,=Prod_Summary!Y49*'Equity Dash'!$C$4
