cell,formula,cached_value,ambiguity_flag,upstream_sheets,expected_value_status,safe_to_use_as_gtc_expected,notes
R5,"=IF(Q5=0,"""",IF(Q5<='Fiscal Terms_PIA'!$W$60,'Fiscal Terms_PIA'!$X$60,IF(AND(Q5>'Fiscal Terms_PIA'!$W$60,Q5<='Fiscal Terms_PIA'!$W$61),('Fiscal Terms_PIA'!$X$60*'Fiscal Terms_PIA'!$W$60+(Q5-'Fiscal Terms_PIA'!$W$60)*'Fiscal Terms_PIA'!$X$61)/Q5,IF(AND(Q5>'Fiscal Terms_PIA'!$W$61,Q5<='Fiscal Terms_PIA'!$W$62),('Fiscal Terms_PIA'!$X$60*'Fiscal Terms_PIA'!$W$60+'Fiscal Terms_PIA'!$X$61*('Fiscal Terms_PIA'!$W$61-'Fiscal Terms_PIA'!$W$60)+'Fiscal Terms_PIA'!$X$62*(Q5-'Fiscal Terms_PIA'!$W$61))/Q5,IF(AND(Q5>'Fiscal Terms_PIA'!$W$62,Q5<='Fiscal Terms_PIA'!$W$63),('Fiscal Terms_PIA'!$X$60*'Fiscal Terms_PIA'!$W$60+'Fiscal Terms_PIA'!$X$61*('Fiscal Terms_PIA'!$W$61-'Fiscal Terms_PIA'!$W$60)+'Fiscal Terms_PIA'!$X$62*('Fiscal Terms_PIA'!$W$62-'Fiscal Terms_PIA'!$W$61)+'Fiscal Terms_PIA'!$X$63*(Q5-'Fiscal Terms_PIA'!$W$62))/Q5,IF(AND(Q5>'Fiscal Terms_PIA'!$W$63,Q5<='Fiscal Terms_PIA'!$W$64),('Fiscal Terms_PIA'!$X$60*'Fiscal Terms_PIA'!$W$60+'Fiscal Terms_PIA'!$X$61*('Fiscal Terms_PIA'!$W$61-'Fiscal Terms_PIA'!$W$60)+'Fiscal Terms_PIA'!$X$62*('Fiscal Terms_PIA'!$W$62-'Fiscal Terms_PIA'!$W$61)+'Fiscal Terms_PIA'!$X$63*('Fiscal Terms_PIA'!$W$63-'Fiscal Terms_PIA'!$W$62)+'Fiscal Terms_PIA'!$X$64*(Q5-'Fiscal Terms_PIA'!$W$63))/Q5,'Fiscal Terms_PIA'!$X$65))))))",,NO_CACHED_VALUE,Fiscal Terms_PIA,MISSING_CACHE_REQUIRES_EXCEL_RECALC_OR_MANUAL,NO,"Do not fabricate expected output. Open in Excel and recalculate, or validate manually."
S5,"=IF(Q5=0,"""",100%-R5)",,NO_CACHED_VALUE,,MISSING_CACHE_REQUIRES_EXCEL_RECALC_OR_MANUAL,NO,"Do not fabricate expected output. Open in Excel and recalculate, or validate manually."
R6,"=IF(Q6=0,"""",IF(Q6<='Fiscal Terms_PIA'!$W$60,'Fiscal Terms_PIA'!$X$60,IF(AND(Q6>'Fiscal Terms_PIA'!$W$60,Q6<='Fiscal Terms_PIA'!$W$61),('Fiscal Terms_PIA'!$X$60*'Fiscal Terms_PIA'!$W$60+(Q6-'Fiscal Terms_PIA'!$W$60)*'Fiscal Terms_PIA'!$X$61)/Q6,IF(AND(Q6>'Fiscal Terms_PIA'!$W$61,Q6<='Fiscal Terms_PIA'!$W$62),('Fiscal Terms_PIA'!$X$60*'Fiscal Terms_PIA'!$W$60+'Fiscal Terms_PIA'!$X$61*('Fiscal Terms_PIA'!$W$61-'Fiscal Terms_PIA'!$W$60)+'Fiscal Terms_PIA'!$X$62*(Q6-'Fiscal Terms_PIA'!$W$61))/Q6,IF(AND(Q6>'Fiscal Terms_PIA'!$W$62,Q6<='Fiscal Terms_PIA'!$W$63),('Fiscal Terms_PIA'!$X$60*'Fiscal Terms_PIA'!$W$60+'Fiscal Terms_PIA'!$X$61*('Fiscal Terms_PIA'!$W$61-'Fiscal Terms_PIA'!$W$60)+'Fiscal Terms_PIA'!$X$62*('Fiscal Terms_PIA'!$W$62-'Fiscal Terms_PIA'!$W$61)+'Fiscal Terms_PIA'!$X$63*(Q6-'Fiscal Terms_PIA'!$W$62))/Q6,IF(AND(Q6>'Fiscal Terms_PIA'!$W$63,Q6<='Fiscal Terms_PIA'!$W$64),('Fiscal Terms_PIA'!$X$60*'Fiscal Terms_PIA'!$W$60+'Fiscal Terms_PIA'!$X$61*('Fiscal Terms_PIA'!$W$61-'Fiscal Terms_PIA'!$W$60)+'Fiscal Terms_PIA'!$X$62*('Fiscal Terms_PIA'!$W$62-'Fiscal Terms_PIA'!$W$61)+'Fiscal Terms_PIA'!$X$63*('Fiscal Terms_PIA'!$W$63-'Fiscal Terms_PIA'!$W$62)+'Fiscal Terms_PIA'!$X$64*(Q6-'Fiscal Terms_PIA'!$W$63))/Q6,'Fiscal Terms_PIA'!$X$65))))))",,NO_CACHED_VALUE,Fiscal Terms_PIA,MISSING_CACHE_REQUIRES_EXCEL_RECALC_OR_MANUAL,NO,"Do not fabricate expected output. Open in Excel and recalculate, or validate manually."
S6,"=IF(Q6=0,"""",100%-R6)",,NO_CACHED_VALUE,,MISSING_CACHE_REQUIRES_EXCEL_RECALC_OR_MANUAL,NO,"Do not fabricate expected output. Open in Excel and recalculate, or validate manually."
R7,"=IF(Q7=0,"""",IF(Q7<='Fiscal Terms_PIA'!$W$60,'Fiscal Terms_PIA'!$X$60,IF(AND(Q7>'Fiscal Terms_PIA'!$W$60,Q7<='Fiscal Terms_PIA'!$W$61),('Fiscal Terms_PIA'!$X$60*'Fiscal Terms_PIA'!$W$60+(Q7-'Fiscal Terms_PIA'!$W$60)*'Fiscal Terms_PIA'!$X$61)/Q7,IF(AND(Q7>'Fiscal Terms_PIA'!$W$61,Q7<='Fiscal Terms_PIA'!$W$62),('Fiscal Terms_PIA'!$X$60*'Fiscal Terms_PIA'!$W$60+'Fiscal Terms_PIA'!$X$61*('Fiscal Terms_PIA'!$W$61-'Fiscal Terms_PIA'!$W$60)+'Fiscal Terms_PIA'!$X$62*(Q7-'Fiscal Terms_PIA'!$W$61))/Q7,IF(AND(Q7>'Fiscal Terms_PIA'!$W$62,Q7<='Fiscal Terms_PIA'!$W$63),('Fiscal Terms_PIA'!$X$60*'Fiscal Terms_PIA'!$W$60+'Fiscal Terms_PIA'!$X$61*('Fiscal Terms_PIA'!$W$61-'Fiscal Terms_PIA'!$W$60)+'Fiscal Terms_PIA'!$X$62*('Fiscal Terms_PIA'!$W$62-'Fiscal Terms_PIA'!$W$61)+'Fiscal Terms_PIA'!$X$63*(Q7-'Fiscal Terms_PIA'!$W$62))/Q7,IF(AND(Q7>'Fiscal Terms_PIA'!$W$63,Q7<='Fiscal Terms_PIA'!$W$64),('Fiscal Terms_PIA'!$X$60*'Fiscal Terms_PIA'!$W$60+'Fiscal Terms_PIA'!$X$61*('Fiscal Terms_PIA'!$W$61-'Fiscal Terms_PIA'!$W$60)+'Fiscal Terms_PIA'!$X$62*('Fiscal Terms_PIA'!$W$62-'Fiscal Terms_PIA'!$W$61)+'Fiscal Terms_PIA'!$X$63*('Fiscal Terms_PIA'!$W$63-'Fiscal Terms_PIA'!$W$62)+'Fiscal Terms_PIA'!$X$64*(Q7-'Fiscal Terms_PIA'!$W$63))/Q7,'Fiscal Terms_PIA'!$X$65))))))",,NO_CACHED_VALUE,Fiscal Terms_PIA,MISSING_CACHE_REQUIRES_EXCEL_RECALC_OR_MANUAL,NO,"Do not fabricate expected output. Open in Excel and recalculate, or validate manually."
S7,"=IF(Q7=0,"""",100%-R7)",,NO_CACHED_VALUE,,MISSING_CACHE_REQUIRES_EXCEL_RECALC_OR_MANUAL,NO,"Do not fabricate expected output. Open in Excel and recalculate, or validate manually."
R23,"=IF(Q23=0,"""",IF(Q23<='Fiscal Terms_PIA'!$W$60,'Fiscal Terms_PIA'!$X$60,IF(AND(Q23>'Fiscal Terms_PIA'!$W$60,Q23<='Fiscal Terms_PIA'!$W$61),('Fiscal Terms_PIA'!$X$60*'Fiscal Terms_PIA'!$W$60+(Q23-'Fiscal Terms_PIA'!$W$60)*'Fiscal Terms_PIA'!$X$61)/Q23,IF(AND(Q23>'Fiscal Terms_PIA'!$W$61,Q23<='Fiscal Terms_PIA'!$W$62),('Fiscal Terms_PIA'!$X$60*'Fiscal Terms_PIA'!$W$60+'Fiscal Terms_PIA'!$X$61*('Fiscal Terms_PIA'!$W$61-'Fiscal Terms_PIA'!$W$60)+'Fiscal Terms_PIA'!$X$62*(Q23-'Fiscal Terms_PIA'!$W$61))/Q23,IF(AND(Q23>'Fiscal Terms_PIA'!$W$62,Q23<='Fiscal Terms_PIA'!$W$63),('Fiscal Terms_PIA'!$X$60*'Fiscal Terms_PIA'!$W$60+'Fiscal Terms_PIA'!$X$61*('Fiscal Terms_PIA'!$W$61-'Fiscal Terms_PIA'!$W$60)+'Fiscal Terms_PIA'!$X$62*('Fiscal Terms_PIA'!$W$62-'Fiscal Terms_PIA'!$W$61)+'Fiscal Terms_PIA'!$X$63*(Q23-'Fiscal Terms_PIA'!$W$62))/Q23,IF(AND(Q23>'Fiscal Terms_PIA'!$W$63,Q23<='Fiscal Terms_PIA'!$W$64),('Fiscal Terms_PIA'!$X$60*'Fiscal Terms_PIA'!$W$60+'Fiscal Terms_PIA'!$X$61*('Fiscal Terms_PIA'!$W$61-'Fiscal Terms_PIA'!$W$60)+'Fiscal Terms_PIA'!$X$62*('Fiscal Terms_PIA'!$W$62-'Fiscal Terms_PIA'!$W$61)+'Fiscal Terms_PIA'!$X$63*('Fiscal Terms_PIA'!$W$63-'Fiscal Terms_PIA'!$W$62)+'Fiscal Terms_PIA'!$X$64*(Q23-'Fiscal Terms_PIA'!$W$63))/Q23,'Fiscal Terms_PIA'!$X$65))))))",,NO_CACHED_VALUE,Fiscal Terms_PIA,MISSING_CACHE_REQUIRES_EXCEL_RECALC_OR_MANUAL,NO,"Do not fabricate expected output. Open in Excel and recalculate, or validate manually."
S23,"=IF(Q23=0,"""",100%-R23)",,NO_CACHED_VALUE,,MISSING_CACHE_REQUIRES_EXCEL_RECALC_OR_MANUAL,NO,"Do not fabricate expected output. Open in Excel and recalculate, or validate manually."
R24,"=IF(Q24=0,"""",IF(Q24<='Fiscal Terms_PIA'!$W$60,'Fiscal Terms_PIA'!$X$60,IF(AND(Q24>'Fiscal Terms_PIA'!$W$60,Q24<='Fiscal Terms_PIA'!$W$61),('Fiscal Terms_PIA'!$X$60*'Fiscal Terms_PIA'!$W$60+(Q24-'Fiscal Terms_PIA'!$W$60)*'Fiscal Terms_PIA'!$X$61)/Q24,IF(AND(Q24>'Fiscal Terms_PIA'!$W$61,Q24<='Fiscal Terms_PIA'!$W$62),('Fiscal Terms_PIA'!$X$60*'Fiscal Terms_PIA'!$W$60+'Fiscal Terms_PIA'!$X$61*('Fiscal Terms_PIA'!$W$61-'Fiscal Terms_PIA'!$W$60)+'Fiscal Terms_PIA'!$X$62*(Q24-'Fiscal Terms_PIA'!$W$61))/Q24,IF(AND(Q24>'Fiscal Terms_PIA'!$W$62,Q24<='Fiscal Terms_PIA'!$W$63),('Fiscal Terms_PIA'!$X$60*'Fiscal Terms_PIA'!$W$60+'Fiscal Terms_PIA'!$X$61*('Fiscal Terms_PIA'!$W$61-'Fiscal Terms_PIA'!$W$60)+'Fiscal Terms_PIA'!$X$62*('Fiscal Terms_PIA'!$W$62-'Fiscal Terms_PIA'!$W$61)+'Fiscal Terms_PIA'!$X$63*(Q24-'Fiscal Terms_PIA'!$W$62))/Q24,IF(AND(Q24>'Fiscal Terms_PIA'!$W$63,Q24<='Fiscal Terms_PIA'!$W$64),('Fiscal Terms_PIA'!$X$60*'Fiscal Terms_PIA'!$W$60+'Fiscal Terms_PIA'!$X$61*('Fiscal Terms_PIA'!$W$61-'Fiscal Terms_PIA'!$W$60)+'Fiscal Terms_PIA'!$X$62*('Fiscal Terms_PIA'!$W$62-'Fiscal Terms_PIA'!$W$61)+'Fiscal Terms_PIA'!$X$63*('Fiscal Terms_PIA'!$W$63-'Fiscal Terms_PIA'!$W$62)+'Fiscal Terms_PIA'!$X$64*(Q24-'Fiscal Terms_PIA'!$W$63))/Q24,'Fiscal Terms_PIA'!$X$65))))))",,NO_CACHED_VALUE,Fiscal Terms_PIA,MISSING_CACHE_REQUIRES_EXCEL_RECALC_OR_MANUAL,NO,"Do not fabricate expected output. Open in Excel and recalculate, or validate manually."
S24,"=IF(Q24=0,"""",100%-R24)",,NO_CACHED_VALUE,,MISSING_CACHE_REQUIRES_EXCEL_RECALC_OR_MANUAL,NO,"Do not fabricate expected output. Open in Excel and recalculate, or validate manually."
R25,"=IF(Q25=0,"""",IF(Q25<='Fiscal Terms_PIA'!$W$60,'Fiscal Terms_PIA'!$X$60,IF(AND(Q25>'Fiscal Terms_PIA'!$W$60,Q25<='Fiscal Terms_PIA'!$W$61),('Fiscal Terms_PIA'!$X$60*'Fiscal Terms_PIA'!$W$60+(Q25-'Fiscal Terms_PIA'!$W$60)*'Fiscal Terms_PIA'!$X$61)/Q25,IF(AND(Q25>'Fiscal Terms_PIA'!$W$61,Q25<='Fiscal Terms_PIA'!$W$62),('Fiscal Terms_PIA'!$X$60*'Fiscal Terms_PIA'!$W$60+'Fiscal Terms_PIA'!$X$61*('Fiscal Terms_PIA'!$W$61-'Fiscal Terms_PIA'!$W$60)+'Fiscal Terms_PIA'!$X$62*(Q25-'Fiscal Terms_PIA'!$W$61))/Q25,IF(AND(Q25>'Fiscal Terms_PIA'!$W$62,Q25<='Fiscal Terms_PIA'!$W$63),('Fiscal Terms_PIA'!$X$60*'Fiscal Terms_PIA'!$W$60+'Fiscal Terms_PIA'!$X$61*('Fiscal Terms_PIA'!$W$61-'Fiscal Terms_PIA'!$W$60)+'Fiscal Terms_PIA'!$X$62*('Fiscal Terms_PIA'!$W$62-'Fiscal Terms_PIA'!$W$61)+'Fiscal Terms_PIA'!$X$63*(Q25-'Fiscal Terms_PIA'!$W$62))/Q25,IF(AND(Q25>'Fiscal Terms_PIA'!$W$63,Q25<='Fiscal Terms_PIA'!$W$64),('Fiscal Terms_PIA'!$X$60*'Fiscal Terms_PIA'!$W$60+'Fiscal Terms_PIA'!$X$61*('Fiscal Terms_PIA'!$W$61-'Fiscal Terms_PIA'!$W$60)+'Fiscal Terms_PIA'!$X$62*('Fiscal Terms_PIA'!$W$62-'Fiscal Terms_PIA'!$W$61)+'Fiscal Terms_PIA'!$X$63*('Fiscal Terms_PIA'!$W$63-'Fiscal Terms_PIA'!$W$62)+'Fiscal Terms_PIA'!$X$64*(Q25-'Fiscal Terms_PIA'!$W$63))/Q25,'Fiscal Terms_PIA'!$X$65))))))",,NO_CACHED_VALUE,Fiscal Terms_PIA,MISSING_CACHE_REQUIRES_EXCEL_RECALC_OR_MANUAL,NO,"Do not fabricate expected output. Open in Excel and recalculate, or validate manually."
S25,"=IF(Q25=0,"""",100%-R25)",,NO_CACHED_VALUE,,MISSING_CACHE_REQUIRES_EXCEL_RECALC_OR_MANUAL,NO,"Do not fabricate expected output. Open in Excel and recalculate, or validate manually."
R26,"=IF(Q26=0,"""",IF(Q26<='Fiscal Terms_PIA'!$W$60,'Fiscal Terms_PIA'!$X$60,IF(AND(Q26>'Fiscal Terms_PIA'!$W$60,Q26<='Fiscal Terms_PIA'!$W$61),('Fiscal Terms_PIA'!$X$60*'Fiscal Terms_PIA'!$W$60+(Q26-'Fiscal Terms_PIA'!$W$60)*'Fiscal Terms_PIA'!$X$61)/Q26,IF(AND(Q26>'Fiscal Terms_PIA'!$W$61,Q26<='Fiscal Terms_PIA'!$W$62),('Fiscal Terms_PIA'!$X$60*'Fiscal Terms_PIA'!$W$60+'Fiscal Terms_PIA'!$X$61*('Fiscal Terms_PIA'!$W$61-'Fiscal Terms_PIA'!$W$60)+'Fiscal Terms_PIA'!$X$62*(Q26-'Fiscal Terms_PIA'!$W$61))/Q26,IF(AND(Q26>'Fiscal Terms_PIA'!$W$62,Q26<='Fiscal Terms_PIA'!$W$63),('Fiscal Terms_PIA'!$X$60*'Fiscal Terms_PIA'!$W$60+'Fiscal Terms_PIA'!$X$61*('Fiscal Terms_PIA'!$W$61-'Fiscal Terms_PIA'!$W$60)+'Fiscal Terms_PIA'!$X$62*('Fiscal Terms_PIA'!$W$62-'Fiscal Terms_PIA'!$W$61)+'Fiscal Terms_PIA'!$X$63*(Q26-'Fiscal Terms_PIA'!$W$62))/Q26,IF(AND(Q26>'Fiscal Terms_PIA'!$W$63,Q26<='Fiscal Terms_PIA'!$W$64),('Fiscal Terms_PIA'!$X$60*'Fiscal Terms_PIA'!$W$60+'Fiscal Terms_PIA'!$X$61*('Fiscal Terms_PIA'!$W$61-'Fiscal Terms_PIA'!$W$60)+'Fiscal Terms_PIA'!$X$62*('Fiscal Terms_PIA'!$W$62-'Fiscal Terms_PIA'!$W$61)+'Fiscal Terms_PIA'!$X$63*('Fiscal Terms_PIA'!$W$63-'Fiscal Terms_PIA'!$W$62)+'Fiscal Terms_PIA'!$X$64*(Q26-'Fiscal Terms_PIA'!$W$63))/Q26,'Fiscal Terms_PIA'!$X$65))))))",,NO_CACHED_VALUE,Fiscal Terms_PIA,MISSING_CACHE_REQUIRES_EXCEL_RECALC_OR_MANUAL,NO,"Do not fabricate expected output. Open in Excel and recalculate, or validate manually."
S26,"=IF(Q26=0,"""",100%-R26)",,NO_CACHED_VALUE,,MISSING_CACHE_REQUIRES_EXCEL_RECALC_OR_MANUAL,NO,"Do not fabricate expected output. Open in Excel and recalculate, or validate manually."
R27,"=IF(Q27=0,"""",IF(Q27<='Fiscal Terms_PIA'!$W$60,'Fiscal Terms_PIA'!$X$60,IF(AND(Q27>'Fiscal Terms_PIA'!$W$60,Q27<='Fiscal Terms_PIA'!$W$61),('Fiscal Terms_PIA'!$X$60*'Fiscal Terms_PIA'!$W$60+(Q27-'Fiscal Terms_PIA'!$W$60)*'Fiscal Terms_PIA'!$X$61)/Q27,IF(AND(Q27>'Fiscal Terms_PIA'!$W$61,Q27<='Fiscal Terms_PIA'!$W$62),('Fiscal Terms_PIA'!$X$60*'Fiscal Terms_PIA'!$W$60+'Fiscal Terms_PIA'!$X$61*('Fiscal Terms_PIA'!$W$61-'Fiscal Terms_PIA'!$W$60)+'Fiscal Terms_PIA'!$X$62*(Q27-'Fiscal Terms_PIA'!$W$61))/Q27,IF(AND(Q27>'Fiscal Terms_PIA'!$W$62,Q27<='Fiscal Terms_PIA'!$W$63),('Fiscal Terms_PIA'!$X$60*'Fiscal Terms_PIA'!$W$60+'Fiscal Terms_PIA'!$X$61*('Fiscal Terms_PIA'!$W$61-'Fiscal Terms_PIA'!$W$60)+'Fiscal Terms_PIA'!$X$62*('Fiscal Terms_PIA'!$W$62-'Fiscal Terms_PIA'!$W$61)+'Fiscal Terms_PIA'!$X$63*(Q27-'Fiscal Terms_PIA'!$W$62))/Q27,IF(AND(Q27>'Fiscal Terms_PIA'!$W$63,Q27<='Fiscal Terms_PIA'!$W$64),('Fiscal Terms_PIA'!$X$60*'Fiscal Terms_PIA'!$W$60+'Fiscal Terms_PIA'!$X$61*('Fiscal Terms_PIA'!$W$61-'Fiscal Terms_PIA'!$W$60)+'Fiscal Terms_PIA'!$X$62*('Fiscal Terms_PIA'!$W$62-'Fiscal Terms_PIA'!$W$61)+'Fiscal Terms_PIA'!$X$63*('Fiscal Terms_PIA'!$W$63-'Fiscal Terms_PIA'!$W$62)+'Fiscal Terms_PIA'!$X$64*(Q27-'Fiscal Terms_PIA'!$W$63))/Q27,'Fiscal Terms_PIA'!$X$65))))))",,NO_CACHED_VALUE,Fiscal Terms_PIA,MISSING_CACHE_REQUIRES_EXCEL_RECALC_OR_MANUAL,NO,"Do not fabricate expected output. Open in Excel and recalculate, or validate manually."
S27,"=IF(Q27=0,"""",100%-R27)",,NO_CACHED_VALUE,,MISSING_CACHE_REQUIRES_EXCEL_RECALC_OR_MANUAL,NO,"Do not fabricate expected output. Open in Excel and recalculate, or validate manually."
R28,"=IF(Q28=0,"""",IF(Q28<='Fiscal Terms_PIA'!$W$60,'Fiscal Terms_PIA'!$X$60,IF(AND(Q28>'Fiscal Terms_PIA'!$W$60,Q28<='Fiscal Terms_PIA'!$W$61),('Fiscal Terms_PIA'!$X$60*'Fiscal Terms_PIA'!$W$60+(Q28-'Fiscal Terms_PIA'!$W$60)*'Fiscal Terms_PIA'!$X$61)/Q28,IF(AND(Q28>'Fiscal Terms_PIA'!$W$61,Q28<='Fiscal Terms_PIA'!$W$62),('Fiscal Terms_PIA'!$X$60*'Fiscal Terms_PIA'!$W$60+'Fiscal Terms_PIA'!$X$61*('Fiscal Terms_PIA'!$W$61-'Fiscal Terms_PIA'!$W$60)+'Fiscal Terms_PIA'!$X$62*(Q28-'Fiscal Terms_PIA'!$W$61))/Q28,IF(AND(Q28>'Fiscal Terms_PIA'!$W$62,Q28<='Fiscal Terms_PIA'!$W$63),('Fiscal Terms_PIA'!$X$60*'Fiscal Terms_PIA'!$W$60+'Fiscal Terms_PIA'!$X$61*('Fiscal Terms_PIA'!$W$61-'Fiscal Terms_PIA'!$W$60)+'Fiscal Terms_PIA'!$X$62*('Fiscal Terms_PIA'!$W$62-'Fiscal Terms_PIA'!$W$61)+'Fiscal Terms_PIA'!$X$63*(Q28-'Fiscal Terms_PIA'!$W$62))/Q28,IF(AND(Q28>'Fiscal Terms_PIA'!$W$63,Q28<='Fiscal Terms_PIA'!$W$64),('Fiscal Terms_PIA'!$X$60*'Fiscal Terms_PIA'!$W$60+'Fiscal Terms_PIA'!$X$61*('Fiscal Terms_PIA'!$W$61-'Fiscal Terms_PIA'!$W$60)+'Fiscal Terms_PIA'!$X$62*('Fiscal Terms_PIA'!$W$62-'Fiscal Terms_PIA'!$W$61)+'Fiscal Terms_PIA'!$X$63*('Fiscal Terms_PIA'!$W$63-'Fiscal Terms_PIA'!$W$62)+'Fiscal Terms_PIA'!$X$64*(Q28-'Fiscal Terms_PIA'!$W$63))/Q28,'Fiscal Terms_PIA'!$X$65))))))",,NO_CACHED_VALUE,Fiscal Terms_PIA,MISSING_CACHE_REQUIRES_EXCEL_RECALC_OR_MANUAL,NO,"Do not fabricate expected output. Open in Excel and recalculate, or validate manually."
S28,"=IF(Q28=0,"""",100%-R28)",,NO_CACHED_VALUE,,MISSING_CACHE_REQUIRES_EXCEL_RECALC_OR_MANUAL,NO,"Do not fabricate expected output. Open in Excel and recalculate, or validate manually."
R29,"=IF(Q29=0,"""",IF(Q29<='Fiscal Terms_PIA'!$W$60,'Fiscal Terms_PIA'!$X$60,IF(AND(Q29>'Fiscal Terms_PIA'!$W$60,Q29<='Fiscal Terms_PIA'!$W$61),('Fiscal Terms_PIA'!$X$60*'Fiscal Terms_PIA'!$W$60+(Q29-'Fiscal Terms_PIA'!$W$60)*'Fiscal Terms_PIA'!$X$61)/Q29,IF(AND(Q29>'Fiscal Terms_PIA'!$W$61,Q29<='Fiscal Terms_PIA'!$W$62),('Fiscal Terms_PIA'!$X$60*'Fiscal Terms_PIA'!$W$60+'Fiscal Terms_PIA'!$X$61*('Fiscal Terms_PIA'!$W$61-'Fiscal Terms_PIA'!$W$60)+'Fiscal Terms_PIA'!$X$62*(Q29-'Fiscal Terms_PIA'!$W$61))/Q29,IF(AND(Q29>'Fiscal Terms_PIA'!$W$62,Q29<='Fiscal Terms_PIA'!$W$63),('Fiscal Terms_PIA'!$X$60*'Fiscal Terms_PIA'!$W$60+'Fiscal Terms_PIA'!$X$61*('Fiscal Terms_PIA'!$W$61-'Fiscal Terms_PIA'!$W$60)+'Fiscal Terms_PIA'!$X$62*('Fiscal Terms_PIA'!$W$62-'Fiscal Terms_PIA'!$W$61)+'Fiscal Terms_PIA'!$X$63*(Q29-'Fiscal Terms_PIA'!$W$62))/Q29,IF(AND(Q29>'Fiscal Terms_PIA'!$W$63,Q29<='Fiscal Terms_PIA'!$W$64),('Fiscal Terms_PIA'!$X$60*'Fiscal Terms_PIA'!$W$60+'Fiscal Terms_PIA'!$X$61*('Fiscal Terms_PIA'!$W$61-'Fiscal Terms_PIA'!$W$60)+'Fiscal Terms_PIA'!$X$62*('Fiscal Terms_PIA'!$W$62-'Fiscal Terms_PIA'!$W$61)+'Fiscal Terms_PIA'!$X$63*('Fiscal Terms_PIA'!$W$63-'Fiscal Terms_PIA'!$W$62)+'Fiscal Terms_PIA'!$X$64*(Q29-'Fiscal Terms_PIA'!$W$63))/Q29,'Fiscal Terms_PIA'!$X$65))))))",,NO_CACHED_VALUE,Fiscal Terms_PIA,MISSING_CACHE_REQUIRES_EXCEL_RECALC_OR_MANUAL,NO,"Do not fabricate expected output. Open in Excel and recalculate, or validate manually."
S29,"=IF(Q29=0,"""",100%-R29)",,NO_CACHED_VALUE,,MISSING_CACHE_REQUIRES_EXCEL_RECALC_OR_MANUAL,NO,"Do not fabricate expected output. Open in Excel and recalculate, or validate manually."
R30,"=IF(Q30=0,"""",IF(Q30<='Fiscal Terms_PIA'!$W$60,'Fiscal Terms_PIA'!$X$60,IF(AND(Q30>'Fiscal Terms_PIA'!$W$60,Q30<='Fiscal Terms_PIA'!$W$61),('Fiscal Terms_PIA'!$X$60*'Fiscal Terms_PIA'!$W$60+(Q30-'Fiscal Terms_PIA'!$W$60)*'Fiscal Terms_PIA'!$X$61)/Q30,IF(AND(Q30>'Fiscal Terms_PIA'!$W$61,Q30<='Fiscal Terms_PIA'!$W$62),('Fiscal Terms_PIA'!$X$60*'Fiscal Terms_PIA'!$W$60+'Fiscal Terms_PIA'!$X$61*('Fiscal Terms_PIA'!$W$61-'Fiscal Terms_PIA'!$W$60)+'Fiscal Terms_PIA'!$X$62*(Q30-'Fiscal Terms_PIA'!$W$61))/Q30,IF(AND(Q30>'Fiscal Terms_PIA'!$W$62,Q30<='Fiscal Terms_PIA'!$W$63),('Fiscal Terms_PIA'!$X$60*'Fiscal Terms_PIA'!$W$60+'Fiscal Terms_PIA'!$X$61*('Fiscal Terms_PIA'!$W$61-'Fiscal Terms_PIA'!$W$60)+'Fiscal Terms_PIA'!$X$62*('Fiscal Terms_PIA'!$W$62-'Fiscal Terms_PIA'!$W$61)+'Fiscal Terms_PIA'!$X$63*(Q30-'Fiscal Terms_PIA'!$W$62))/Q30,IF(AND(Q30>'Fiscal Terms_PIA'!$W$63,Q30<='Fiscal Terms_PIA'!$W$64),('Fiscal Terms_PIA'!$X$60*'Fiscal Terms_PIA'!$W$60+'Fiscal Terms_PIA'!$X$61*('Fiscal Terms_PIA'!$W$61-'Fiscal Terms_PIA'!$W$60)+'Fiscal Terms_PIA'!$X$62*('Fiscal Terms_PIA'!$W$62-'Fiscal Terms_PIA'!$W$61)+'Fiscal Terms_PIA'!$X$63*('Fiscal Terms_PIA'!$W$63-'Fiscal Terms_PIA'!$W$62)+'Fiscal Terms_PIA'!$X$64*(Q30-'Fiscal Terms_PIA'!$W$63))/Q30,'Fiscal Terms_PIA'!$X$65))))))",,NO_CACHED_VALUE,Fiscal Terms_PIA,MISSING_CACHE_REQUIRES_EXCEL_RECALC_OR_MANUAL,NO,"Do not fabricate expected output. Open in Excel and recalculate, or validate manually."
S30,"=IF(Q30=0,"""",100%-R30)",,NO_CACHED_VALUE,,MISSING_CACHE_REQUIRES_EXCEL_RECALC_OR_MANUAL,NO,"Do not fabricate expected output. Open in Excel and recalculate, or validate manually."
R31,"=IF(Q31=0,"""",IF(Q31<='Fiscal Terms_PIA'!$W$60,'Fiscal Terms_PIA'!$X$60,IF(AND(Q31>'Fiscal Terms_PIA'!$W$60,Q31<='Fiscal Terms_PIA'!$W$61),('Fiscal Terms_PIA'!$X$60*'Fiscal Terms_PIA'!$W$60+(Q31-'Fiscal Terms_PIA'!$W$60)*'Fiscal Terms_PIA'!$X$61)/Q31,IF(AND(Q31>'Fiscal Terms_PIA'!$W$61,Q31<='Fiscal Terms_PIA'!$W$62),('Fiscal Terms_PIA'!$X$60*'Fiscal Terms_PIA'!$W$60+'Fiscal Terms_PIA'!$X$61*('Fiscal Terms_PIA'!$W$61-'Fiscal Terms_PIA'!$W$60)+'Fiscal Terms_PIA'!$X$62*(Q31-'Fiscal Terms_PIA'!$W$61))/Q31,IF(AND(Q31>'Fiscal Terms_PIA'!$W$62,Q31<='Fiscal Terms_PIA'!$W$63),('Fiscal Terms_PIA'!$X$60*'Fiscal Terms_PIA'!$W$60+'Fiscal Terms_PIA'!$X$61*('Fiscal Terms_PIA'!$W$61-'Fiscal Terms_PIA'!$W$60)+'Fiscal Terms_PIA'!$X$62*('Fiscal Terms_PIA'!$W$62-'Fiscal Terms_PIA'!$W$61)+'Fiscal Terms_PIA'!$X$63*(Q31-'Fiscal Terms_PIA'!$W$62))/Q31,IF(AND(Q31>'Fiscal Terms_PIA'!$W$63,Q31<='Fiscal Terms_PIA'!$W$64),('Fiscal Terms_PIA'!$X$60*'Fiscal Terms_PIA'!$W$60+'Fiscal Terms_PIA'!$X$61*('Fiscal Terms_PIA'!$W$61-'Fiscal Terms_PIA'!$W$60)+'Fiscal Terms_PIA'!$X$62*('Fiscal Terms_PIA'!$W$62-'Fiscal Terms_PIA'!$W$61)+'Fiscal Terms_PIA'!$X$63*('Fiscal Terms_PIA'!$W$63-'Fiscal Terms_PIA'!$W$62)+'Fiscal Terms_PIA'!$X$64*(Q31-'Fiscal Terms_PIA'!$W$63))/Q31,'Fiscal Terms_PIA'!$X$65))))))",,NO_CACHED_VALUE,Fiscal Terms_PIA,MISSING_CACHE_REQUIRES_EXCEL_RECALC_OR_MANUAL,NO,"Do not fabricate expected output. Open in Excel and recalculate, or validate manually."
S31,"=IF(Q31=0,"""",100%-R31)",,NO_CACHED_VALUE,,MISSING_CACHE_REQUIRES_EXCEL_RECALC_OR_MANUAL,NO,"Do not fabricate expected output. Open in Excel and recalculate, or validate manually."
R32,"=IF(Q32=0,"""",IF(Q32<='Fiscal Terms_PIA'!$W$60,'Fiscal Terms_PIA'!$X$60,IF(AND(Q32>'Fiscal Terms_PIA'!$W$60,Q32<='Fiscal Terms_PIA'!$W$61),('Fiscal Terms_PIA'!$X$60*'Fiscal Terms_PIA'!$W$60+(Q32-'Fiscal Terms_PIA'!$W$60)*'Fiscal Terms_PIA'!$X$61)/Q32,IF(AND(Q32>'Fiscal Terms_PIA'!$W$61,Q32<='Fiscal Terms_PIA'!$W$62),('Fiscal Terms_PIA'!$X$60*'Fiscal Terms_PIA'!$W$60+'Fiscal Terms_PIA'!$X$61*('Fiscal Terms_PIA'!$W$61-'Fiscal Terms_PIA'!$W$60)+'Fiscal Terms_PIA'!$X$62*(Q32-'Fiscal Terms_PIA'!$W$61))/Q32,IF(AND(Q32>'Fiscal Terms_PIA'!$W$62,Q32<='Fiscal Terms_PIA'!$W$63),('Fiscal Terms_PIA'!$X$60*'Fiscal Terms_PIA'!$W$60+'Fiscal Terms_PIA'!$X$61*('Fiscal Terms_PIA'!$W$61-'Fiscal Terms_PIA'!$W$60)+'Fiscal Terms_PIA'!$X$62*('Fiscal Terms_PIA'!$W$62-'Fiscal Terms_PIA'!$W$61)+'Fiscal Terms_PIA'!$X$63*(Q32-'Fiscal Terms_PIA'!$W$62))/Q32,IF(AND(Q32>'Fiscal Terms_PIA'!$W$63,Q32<='Fiscal Terms_PIA'!$W$64),('Fiscal Terms_PIA'!$X$60*'Fiscal Terms_PIA'!$W$60+'Fiscal Terms_PIA'!$X$61*('Fiscal Terms_PIA'!$W$61-'Fiscal Terms_PIA'!$W$60)+'Fiscal Terms_PIA'!$X$62*('Fiscal Terms_PIA'!$W$62-'Fiscal Terms_PIA'!$W$61)+'Fiscal Terms_PIA'!$X$63*('Fiscal Terms_PIA'!$W$63-'Fiscal Terms_PIA'!$W$62)+'Fiscal Terms_PIA'!$X$64*(Q32-'Fiscal Terms_PIA'!$W$63))/Q32,'Fiscal Terms_PIA'!$X$65))))))",,NO_CACHED_VALUE,Fiscal Terms_PIA,MISSING_CACHE_REQUIRES_EXCEL_RECALC_OR_MANUAL,NO,"Do not fabricate expected output. Open in Excel and recalculate, or validate manually."
S32,"=IF(Q32=0,"""",100%-R32)",,NO_CACHED_VALUE,,MISSING_CACHE_REQUIRES_EXCEL_RECALC_OR_MANUAL,NO,"Do not fabricate expected output. Open in Excel and recalculate, or validate manually."
R33,"=IF(Q33=0,"""",IF(Q33<='Fiscal Terms_PIA'!$W$60,'Fiscal Terms_PIA'!$X$60,IF(AND(Q33>'Fiscal Terms_PIA'!$W$60,Q33<='Fiscal Terms_PIA'!$W$61),('Fiscal Terms_PIA'!$X$60*'Fiscal Terms_PIA'!$W$60+(Q33-'Fiscal Terms_PIA'!$W$60)*'Fiscal Terms_PIA'!$X$61)/Q33,IF(AND(Q33>'Fiscal Terms_PIA'!$W$61,Q33<='Fiscal Terms_PIA'!$W$62),('Fiscal Terms_PIA'!$X$60*'Fiscal Terms_PIA'!$W$60+'Fiscal Terms_PIA'!$X$61*('Fiscal Terms_PIA'!$W$61-'Fiscal Terms_PIA'!$W$60)+'Fiscal Terms_PIA'!$X$62*(Q33-'Fiscal Terms_PIA'!$W$61))/Q33,IF(AND(Q33>'Fiscal Terms_PIA'!$W$62,Q33<='Fiscal Terms_PIA'!$W$63),('Fiscal Terms_PIA'!$X$60*'Fiscal Terms_PIA'!$W$60+'Fiscal Terms_PIA'!$X$61*('Fiscal Terms_PIA'!$W$61-'Fiscal Terms_PIA'!$W$60)+'Fiscal Terms_PIA'!$X$62*('Fiscal Terms_PIA'!$W$62-'Fiscal Terms_PIA'!$W$61)+'Fiscal Terms_PIA'!$X$63*(Q33-'Fiscal Terms_PIA'!$W$62))/Q33,IF(AND(Q33>'Fiscal Terms_PIA'!$W$63,Q33<='Fiscal Terms_PIA'!$W$64),('Fiscal Terms_PIA'!$X$60*'Fiscal Terms_PIA'!$W$60+'Fiscal Terms_PIA'!$X$61*('Fiscal Terms_PIA'!$W$61-'Fiscal Terms_PIA'!$W$60)+'Fiscal Terms_PIA'!$X$62*('Fiscal Terms_PIA'!$W$62-'Fiscal Terms_PIA'!$W$61)+'Fiscal Terms_PIA'!$X$63*('Fiscal Terms_PIA'!$W$63-'Fiscal Terms_PIA'!$W$62)+'Fiscal Terms_PIA'!$X$64*(Q33-'Fiscal Terms_PIA'!$W$63))/Q33,'Fiscal Terms_PIA'!$X$65))))))",,NO_CACHED_VALUE,Fiscal Terms_PIA,MISSING_CACHE_REQUIRES_EXCEL_RECALC_OR_MANUAL,NO,"Do not fabricate expected output. Open in Excel and recalculate, or validate manually."
S33,"=IF(Q33=0,"""",100%-R33)",,NO_CACHED_VALUE,,MISSING_CACHE_REQUIRES_EXCEL_RECALC_OR_MANUAL,NO,"Do not fabricate expected output. Open in Excel and recalculate, or validate manually."
R34,"=IF(Q34=0,"""",IF(Q34<='Fiscal Terms_PIA'!$W$60,'Fiscal Terms_PIA'!$X$60,IF(AND(Q34>'Fiscal Terms_PIA'!$W$60,Q34<='Fiscal Terms_PIA'!$W$61),('Fiscal Terms_PIA'!$X$60*'Fiscal Terms_PIA'!$W$60+(Q34-'Fiscal Terms_PIA'!$W$60)*'Fiscal Terms_PIA'!$X$61)/Q34,IF(AND(Q34>'Fiscal Terms_PIA'!$W$61,Q34<='Fiscal Terms_PIA'!$W$62),('Fiscal Terms_PIA'!$X$60*'Fiscal Terms_PIA'!$W$60+'Fiscal Terms_PIA'!$X$61*('Fiscal Terms_PIA'!$W$61-'Fiscal Terms_PIA'!$W$60)+'Fiscal Terms_PIA'!$X$62*(Q34-'Fiscal Terms_PIA'!$W$61))/Q34,IF(AND(Q34>'Fiscal Terms_PIA'!$W$62,Q34<='Fiscal Terms_PIA'!$W$63),('Fiscal Terms_PIA'!$X$60*'Fiscal Terms_PIA'!$W$60+'Fiscal Terms_PIA'!$X$61*('Fiscal Terms_PIA'!$W$61-'Fiscal Terms_PIA'!$W$60)+'Fiscal Terms_PIA'!$X$62*('Fiscal Terms_PIA'!$W$62-'Fiscal Terms_PIA'!$W$61)+'Fiscal Terms_PIA'!$X$63*(Q34-'Fiscal Terms_PIA'!$W$62))/Q34,IF(AND(Q34>'Fiscal Terms_PIA'!$W$63,Q34<='Fiscal Terms_PIA'!$W$64),('Fiscal Terms_PIA'!$X$60*'Fiscal Terms_PIA'!$W$60+'Fiscal Terms_PIA'!$X$61*('Fiscal Terms_PIA'!$W$61-'Fiscal Terms_PIA'!$W$60)+'Fiscal Terms_PIA'!$X$62*('Fiscal Terms_PIA'!$W$62-'Fiscal Terms_PIA'!$W$61)+'Fiscal Terms_PIA'!$X$63*('Fiscal Terms_PIA'!$W$63-'Fiscal Terms_PIA'!$W$62)+'Fiscal Terms_PIA'!$X$64*(Q34-'Fiscal Terms_PIA'!$W$63))/Q34,'Fiscal Terms_PIA'!$X$65))))))",,NO_CACHED_VALUE,Fiscal Terms_PIA,MISSING_CACHE_REQUIRES_EXCEL_RECALC_OR_MANUAL,NO,"Do not fabricate expected output. Open in Excel and recalculate, or validate manually."
S34,"=IF(Q34=0,"""",100%-R34)",,NO_CACHED_VALUE,,MISSING_CACHE_REQUIRES_EXCEL_RECALC_OR_MANUAL,NO,"Do not fabricate expected output. Open in Excel and recalculate, or validate manually."
R35,"=IF(Q35=0,"""",IF(Q35<='Fiscal Terms_PIA'!$W$60,'Fiscal Terms_PIA'!$X$60,IF(AND(Q35>'Fiscal Terms_PIA'!$W$60,Q35<='Fiscal Terms_PIA'!$W$61),('Fiscal Terms_PIA'!$X$60*'Fiscal Terms_PIA'!$W$60+(Q35-'Fiscal Terms_PIA'!$W$60)*'Fiscal Terms_PIA'!$X$61)/Q35,IF(AND(Q35>'Fiscal Terms_PIA'!$W$61,Q35<='Fiscal Terms_PIA'!$W$62),('Fiscal Terms_PIA'!$X$60*'Fiscal Terms_PIA'!$W$60+'Fiscal Terms_PIA'!$X$61*('Fiscal Terms_PIA'!$W$61-'Fiscal Terms_PIA'!$W$60)+'Fiscal Terms_PIA'!$X$62*(Q35-'Fiscal Terms_PIA'!$W$61))/Q35,IF(AND(Q35>'Fiscal Terms_PIA'!$W$62,Q35<='Fiscal Terms_PIA'!$W$63),('Fiscal Terms_PIA'!$X$60*'Fiscal Terms_PIA'!$W$60+'Fiscal Terms_PIA'!$X$61*('Fiscal Terms_PIA'!$W$61-'Fiscal Terms_PIA'!$W$60)+'Fiscal Terms_PIA'!$X$62*('Fiscal Terms_PIA'!$W$62-'Fiscal Terms_PIA'!$W$61)+'Fiscal Terms_PIA'!$X$63*(Q35-'Fiscal Terms_PIA'!$W$62))/Q35,IF(AND(Q35>'Fiscal Terms_PIA'!$W$63,Q35<='Fiscal Terms_PIA'!$W$64),('Fiscal Terms_PIA'!$X$60*'Fiscal Terms_PIA'!$W$60+'Fiscal Terms_PIA'!$X$61*('Fiscal Terms_PIA'!$W$61-'Fiscal Terms_PIA'!$W$60)+'Fiscal Terms_PIA'!$X$62*('Fiscal Terms_PIA'!$W$62-'Fiscal Terms_PIA'!$W$61)+'Fiscal Terms_PIA'!$X$63*('Fiscal Terms_PIA'!$W$63-'Fiscal Terms_PIA'!$W$62)+'Fiscal Terms_PIA'!$X$64*(Q35-'Fiscal Terms_PIA'!$W$63))/Q35,'Fiscal Terms_PIA'!$X$65))))))",,NO_CACHED_VALUE,Fiscal Terms_PIA,MISSING_CACHE_REQUIRES_EXCEL_RECALC_OR_MANUAL,NO,"Do not fabricate expected output. Open in Excel and recalculate, or validate manually."
S35,"=IF(Q35=0,"""",100%-R35)",,NO_CACHED_VALUE,,MISSING_CACHE_REQUIRES_EXCEL_RECALC_OR_MANUAL,NO,"Do not fabricate expected output. Open in Excel and recalculate, or validate manually."
R36,"=IF(Q36=0,"""",IF(Q36<='Fiscal Terms_PIA'!$W$60,'Fiscal Terms_PIA'!$X$60,IF(AND(Q36>'Fiscal Terms_PIA'!$W$60,Q36<='Fiscal Terms_PIA'!$W$61),('Fiscal Terms_PIA'!$X$60*'Fiscal Terms_PIA'!$W$60+(Q36-'Fiscal Terms_PIA'!$W$60)*'Fiscal Terms_PIA'!$X$61)/Q36,IF(AND(Q36>'Fiscal Terms_PIA'!$W$61,Q36<='Fiscal Terms_PIA'!$W$62),('Fiscal Terms_PIA'!$X$60*'Fiscal Terms_PIA'!$W$60+'Fiscal Terms_PIA'!$X$61*('Fiscal Terms_PIA'!$W$61-'Fiscal Terms_PIA'!$W$60)+'Fiscal Terms_PIA'!$X$62*(Q36-'Fiscal Terms_PIA'!$W$61))/Q36,IF(AND(Q36>'Fiscal Terms_PIA'!$W$62,Q36<='Fiscal Terms_PIA'!$W$63),('Fiscal Terms_PIA'!$X$60*'Fiscal Terms_PIA'!$W$60+'Fiscal Terms_PIA'!$X$61*('Fiscal Terms_PIA'!$W$61-'Fiscal Terms_PIA'!$W$60)+'Fiscal Terms_PIA'!$X$62*('Fiscal Terms_PIA'!$W$62-'Fiscal Terms_PIA'!$W$61)+'Fiscal Terms_PIA'!$X$63*(Q36-'Fiscal Terms_PIA'!$W$62))/Q36,IF(AND(Q36>'Fiscal Terms_PIA'!$W$63,Q36<='Fiscal Terms_PIA'!$W$64),('Fiscal Terms_PIA'!$X$60*'Fiscal Terms_PIA'!$W$60+'Fiscal Terms_PIA'!$X$61*('Fiscal Terms_PIA'!$W$61-'Fiscal Terms_PIA'!$W$60)+'Fiscal Terms_PIA'!$X$62*('Fiscal Terms_PIA'!$W$62-'Fiscal Terms_PIA'!$W$61)+'Fiscal Terms_PIA'!$X$63*('Fiscal Terms_PIA'!$W$63-'Fiscal Terms_PIA'!$W$62)+'Fiscal Terms_PIA'!$X$64*(Q36-'Fiscal Terms_PIA'!$W$63))/Q36,'Fiscal Terms_PIA'!$X$65))))))",,NO_CACHED_VALUE,Fiscal Terms_PIA,MISSING_CACHE_REQUIRES_EXCEL_RECALC_OR_MANUAL,NO,"Do not fabricate expected output. Open in Excel and recalculate, or validate manually."
S36,"=IF(Q36=0,"""",100%-R36)",,NO_CACHED_VALUE,,MISSING_CACHE_REQUIRES_EXCEL_RECALC_OR_MANUAL,NO,"Do not fabricate expected output. Open in Excel and recalculate, or validate manually."
R37,"=IF(Q37=0,"""",IF(Q37<='Fiscal Terms_PIA'!$W$60,'Fiscal Terms_PIA'!$X$60,IF(AND(Q37>'Fiscal Terms_PIA'!$W$60,Q37<='Fiscal Terms_PIA'!$W$61),('Fiscal Terms_PIA'!$X$60*'Fiscal Terms_PIA'!$W$60+(Q37-'Fiscal Terms_PIA'!$W$60)*'Fiscal Terms_PIA'!$X$61)/Q37,IF(AND(Q37>'Fiscal Terms_PIA'!$W$61,Q37<='Fiscal Terms_PIA'!$W$62),('Fiscal Terms_PIA'!$X$60*'Fiscal Terms_PIA'!$W$60+'Fiscal Terms_PIA'!$X$61*('Fiscal Terms_PIA'!$W$61-'Fiscal Terms_PIA'!$W$60)+'Fiscal Terms_PIA'!$X$62*(Q37-'Fiscal Terms_PIA'!$W$61))/Q37,IF(AND(Q37>'Fiscal Terms_PIA'!$W$62,Q37<='Fiscal Terms_PIA'!$W$63),('Fiscal Terms_PIA'!$X$60*'Fiscal Terms_PIA'!$W$60+'Fiscal Terms_PIA'!$X$61*('Fiscal Terms_PIA'!$W$61-'Fiscal Terms_PIA'!$W$60)+'Fiscal Terms_PIA'!$X$62*('Fiscal Terms_PIA'!$W$62-'Fiscal Terms_PIA'!$W$61)+'Fiscal Terms_PIA'!$X$63*(Q37-'Fiscal Terms_PIA'!$W$62))/Q37,IF(AND(Q37>'Fiscal Terms_PIA'!$W$63,Q37<='Fiscal Terms_PIA'!$W$64),('Fiscal Terms_PIA'!$X$60*'Fiscal Terms_PIA'!$W$60+'Fiscal Terms_PIA'!$X$61*('Fiscal Terms_PIA'!$W$61-'Fiscal Terms_PIA'!$W$60)+'Fiscal Terms_PIA'!$X$62*('Fiscal Terms_PIA'!$W$62-'Fiscal Terms_PIA'!$W$61)+'Fiscal Terms_PIA'!$X$63*('Fiscal Terms_PIA'!$W$63-'Fiscal Terms_PIA'!$W$62)+'Fiscal Terms_PIA'!$X$64*(Q37-'Fiscal Terms_PIA'!$W$63))/Q37,'Fiscal Terms_PIA'!$X$65))))))",,NO_CACHED_VALUE,Fiscal Terms_PIA,MISSING_CACHE_REQUIRES_EXCEL_RECALC_OR_MANUAL,NO,"Do not fabricate expected output. Open in Excel and recalculate, or validate manually."
S37,"=IF(Q37=0,"""",100%-R37)",,NO_CACHED_VALUE,,MISSING_CACHE_REQUIRES_EXCEL_RECALC_OR_MANUAL,NO,"Do not fabricate expected output. Open in Excel and recalculate, or validate manually."
R38,"=IF(Q38=0,"""",IF(Q38<='Fiscal Terms_PIA'!$W$60,'Fiscal Terms_PIA'!$X$60,IF(AND(Q38>'Fiscal Terms_PIA'!$W$60,Q38<='Fiscal Terms_PIA'!$W$61),('Fiscal Terms_PIA'!$X$60*'Fiscal Terms_PIA'!$W$60+(Q38-'Fiscal Terms_PIA'!$W$60)*'Fiscal Terms_PIA'!$X$61)/Q38,IF(AND(Q38>'Fiscal Terms_PIA'!$W$61,Q38<='Fiscal Terms_PIA'!$W$62),('Fiscal Terms_PIA'!$X$60*'Fiscal Terms_PIA'!$W$60+'Fiscal Terms_PIA'!$X$61*('Fiscal Terms_PIA'!$W$61-'Fiscal Terms_PIA'!$W$60)+'Fiscal Terms_PIA'!$X$62*(Q38-'Fiscal Terms_PIA'!$W$61))/Q38,IF(AND(Q38>'Fiscal Terms_PIA'!$W$62,Q38<='Fiscal Terms_PIA'!$W$63),('Fiscal Terms_PIA'!$X$60*'Fiscal Terms_PIA'!$W$60+'Fiscal Terms_PIA'!$X$61*('Fiscal Terms_PIA'!$W$61-'Fiscal Terms_PIA'!$W$60)+'Fiscal Terms_PIA'!$X$62*('Fiscal Terms_PIA'!$W$62-'Fiscal Terms_PIA'!$W$61)+'Fiscal Terms_PIA'!$X$63*(Q38-'Fiscal Terms_PIA'!$W$62))/Q38,IF(AND(Q38>'Fiscal Terms_PIA'!$W$63,Q38<='Fiscal Terms_PIA'!$W$64),('Fiscal Terms_PIA'!$X$60*'Fiscal Terms_PIA'!$W$60+'Fiscal Terms_PIA'!$X$61*('Fiscal Terms_PIA'!$W$61-'Fiscal Terms_PIA'!$W$60)+'Fiscal Terms_PIA'!$X$62*('Fiscal Terms_PIA'!$W$62-'Fiscal Terms_PIA'!$W$61)+'Fiscal Terms_PIA'!$X$63*('Fiscal Terms_PIA'!$W$63-'Fiscal Terms_PIA'!$W$62)+'Fiscal Terms_PIA'!$X$64*(Q38-'Fiscal Terms_PIA'!$W$63))/Q38,'Fiscal Terms_PIA'!$X$65))))))",,NO_CACHED_VALUE,Fiscal Terms_PIA,MISSING_CACHE_REQUIRES_EXCEL_RECALC_OR_MANUAL,NO,"Do not fabricate expected output. Open in Excel and recalculate, or validate manually."
S38,"=IF(Q38=0,"""",100%-R38)",,NO_CACHED_VALUE,,MISSING_CACHE_REQUIRES_EXCEL_RECALC_OR_MANUAL,NO,"Do not fabricate expected output. Open in Excel and recalculate, or validate manually."
R39,"=IF(Q39=0,"""",IF(Q39<='Fiscal Terms_PIA'!$W$60,'Fiscal Terms_PIA'!$X$60,IF(AND(Q39>'Fiscal Terms_PIA'!$W$60,Q39<='Fiscal Terms_PIA'!$W$61),('Fiscal Terms_PIA'!$X$60*'Fiscal Terms_PIA'!$W$60+(Q39-'Fiscal Terms_PIA'!$W$60)*'Fiscal Terms_PIA'!$X$61)/Q39,IF(AND(Q39>'Fiscal Terms_PIA'!$W$61,Q39<='Fiscal Terms_PIA'!$W$62),('Fiscal Terms_PIA'!$X$60*'Fiscal Terms_PIA'!$W$60+'Fiscal Terms_PIA'!$X$61*('Fiscal Terms_PIA'!$W$61-'Fiscal Terms_PIA'!$W$60)+'Fiscal Terms_PIA'!$X$62*(Q39-'Fiscal Terms_PIA'!$W$61))/Q39,IF(AND(Q39>'Fiscal Terms_PIA'!$W$62,Q39<='Fiscal Terms_PIA'!$W$63),('Fiscal Terms_PIA'!$X$60*'Fiscal Terms_PIA'!$W$60+'Fiscal Terms_PIA'!$X$61*('Fiscal Terms_PIA'!$W$61-'Fiscal Terms_PIA'!$W$60)+'Fiscal Terms_PIA'!$X$62*('Fiscal Terms_PIA'!$W$62-'Fiscal Terms_PIA'!$W$61)+'Fiscal Terms_PIA'!$X$63*(Q39-'Fiscal Terms_PIA'!$W$62))/Q39,IF(AND(Q39>'Fiscal Terms_PIA'!$W$63,Q39<='Fiscal Terms_PIA'!$W$64),('Fiscal Terms_PIA'!$X$60*'Fiscal Terms_PIA'!$W$60+'Fiscal Terms_PIA'!$X$61*('Fiscal Terms_PIA'!$W$61-'Fiscal Terms_PIA'!$W$60)+'Fiscal Terms_PIA'!$X$62*('Fiscal Terms_PIA'!$W$62-'Fiscal Terms_PIA'!$W$61)+'Fiscal Terms_PIA'!$X$63*('Fiscal Terms_PIA'!$W$63-'Fiscal Terms_PIA'!$W$62)+'Fiscal Terms_PIA'!$X$64*(Q39-'Fiscal Terms_PIA'!$W$63))/Q39,'Fiscal Terms_PIA'!$X$65))))))",,NO_CACHED_VALUE,Fiscal Terms_PIA,MISSING_CACHE_REQUIRES_EXCEL_RECALC_OR_MANUAL,NO,"Do not fabricate expected output. Open in Excel and recalculate, or validate manually."
S39,"=IF(Q39=0,"""",100%-R39)",,NO_CACHED_VALUE,,MISSING_CACHE_REQUIRES_EXCEL_RECALC_OR_MANUAL,NO,"Do not fabricate expected output. Open in Excel and recalculate, or validate manually."
R40,"=IF(Q40=0,"""",IF(Q40<='Fiscal Terms_PIA'!$W$60,'Fiscal Terms_PIA'!$X$60,IF(AND(Q40>'Fiscal Terms_PIA'!$W$60,Q40<='Fiscal Terms_PIA'!$W$61),('Fiscal Terms_PIA'!$X$60*'Fiscal Terms_PIA'!$W$60+(Q40-'Fiscal Terms_PIA'!$W$60)*'Fiscal Terms_PIA'!$X$61)/Q40,IF(AND(Q40>'Fiscal Terms_PIA'!$W$61,Q40<='Fiscal Terms_PIA'!$W$62),('Fiscal Terms_PIA'!$X$60*'Fiscal Terms_PIA'!$W$60+'Fiscal Terms_PIA'!$X$61*('Fiscal Terms_PIA'!$W$61-'Fiscal Terms_PIA'!$W$60)+'Fiscal Terms_PIA'!$X$62*(Q40-'Fiscal Terms_PIA'!$W$61))/Q40,IF(AND(Q40>'Fiscal Terms_PIA'!$W$62,Q40<='Fiscal Terms_PIA'!$W$63),('Fiscal Terms_PIA'!$X$60*'Fiscal Terms_PIA'!$W$60+'Fiscal Terms_PIA'!$X$61*('Fiscal Terms_PIA'!$W$61-'Fiscal Terms_PIA'!$W$60)+'Fiscal Terms_PIA'!$X$62*('Fiscal Terms_PIA'!$W$62-'Fiscal Terms_PIA'!$W$61)+'Fiscal Terms_PIA'!$X$63*(Q40-'Fiscal Terms_PIA'!$W$62))/Q40,IF(AND(Q40>'Fiscal Terms_PIA'!$W$63,Q40<='Fiscal Terms_PIA'!$W$64),('Fiscal Terms_PIA'!$X$60*'Fiscal Terms_PIA'!$W$60+'Fiscal Terms_PIA'!$X$61*('Fiscal Terms_PIA'!$W$61-'Fiscal Terms_PIA'!$W$60)+'Fiscal Terms_PIA'!$X$62*('Fiscal Terms_PIA'!$W$62-'Fiscal Terms_PIA'!$W$61)+'Fiscal Terms_PIA'!$X$63*('Fiscal Terms_PIA'!$W$63-'Fiscal Terms_PIA'!$W$62)+'Fiscal Terms_PIA'!$X$64*(Q40-'Fiscal Terms_PIA'!$W$63))/Q40,'Fiscal Terms_PIA'!$X$65))))))",,NO_CACHED_VALUE,Fiscal Terms_PIA,MISSING_CACHE_REQUIRES_EXCEL_RECALC_OR_MANUAL,NO,"Do not fabricate expected output. Open in Excel and recalculate, or validate manually."
S40,"=IF(Q40=0,"""",100%-R40)",,NO_CACHED_VALUE,,MISSING_CACHE_REQUIRES_EXCEL_RECALC_OR_MANUAL,NO,"Do not fabricate expected output. Open in Excel and recalculate, or validate manually."
R41,"=IF(Q41=0,"""",IF(Q41<='Fiscal Terms_PIA'!$W$60,'Fiscal Terms_PIA'!$X$60,IF(AND(Q41>'Fiscal Terms_PIA'!$W$60,Q41<='Fiscal Terms_PIA'!$W$61),('Fiscal Terms_PIA'!$X$60*'Fiscal Terms_PIA'!$W$60+(Q41-'Fiscal Terms_PIA'!$W$60)*'Fiscal Terms_PIA'!$X$61)/Q41,IF(AND(Q41>'Fiscal Terms_PIA'!$W$61,Q41<='Fiscal Terms_PIA'!$W$62),('Fiscal Terms_PIA'!$X$60*'Fiscal Terms_PIA'!$W$60+'Fiscal Terms_PIA'!$X$61*('Fiscal Terms_PIA'!$W$61-'Fiscal Terms_PIA'!$W$60)+'Fiscal Terms_PIA'!$X$62*(Q41-'Fiscal Terms_PIA'!$W$61))/Q41,IF(AND(Q41>'Fiscal Terms_PIA'!$W$62,Q41<='Fiscal Terms_PIA'!$W$63),('Fiscal Terms_PIA'!$X$60*'Fiscal Terms_PIA'!$W$60+'Fiscal Terms_PIA'!$X$61*('Fiscal Terms_PIA'!$W$61-'Fiscal Terms_PIA'!$W$60)+'Fiscal Terms_PIA'!$X$62*('Fiscal Terms_PIA'!$W$62-'Fiscal Terms_PIA'!$W$61)+'Fiscal Terms_PIA'!$X$63*(Q41-'Fiscal Terms_PIA'!$W$62))/Q41,IF(AND(Q41>'Fiscal Terms_PIA'!$W$63,Q41<='Fiscal Terms_PIA'!$W$64),('Fiscal Terms_PIA'!$X$60*'Fiscal Terms_PIA'!$W$60+'Fiscal Terms_PIA'!$X$61*('Fiscal Terms_PIA'!$W$61-'Fiscal Terms_PIA'!$W$60)+'Fiscal Terms_PIA'!$X$62*('Fiscal Terms_PIA'!$W$62-'Fiscal Terms_PIA'!$W$61)+'Fiscal Terms_PIA'!$X$63*('Fiscal Terms_PIA'!$W$63-'Fiscal Terms_PIA'!$W$62)+'Fiscal Terms_PIA'!$X$64*(Q41-'Fiscal Terms_PIA'!$W$63))/Q41,'Fiscal Terms_PIA'!$X$65))))))",,NO_CACHED_VALUE,Fiscal Terms_PIA,MISSING_CACHE_REQUIRES_EXCEL_RECALC_OR_MANUAL,NO,"Do not fabricate expected output. Open in Excel and recalculate, or validate manually."
S41,"=IF(Q41=0,"""",100%-R41)",,NO_CACHED_VALUE,,MISSING_CACHE_REQUIRES_EXCEL_RECALC_OR_MANUAL,NO,"Do not fabricate expected output. Open in Excel and recalculate, or validate manually."
R42,"=IF(Q42=0,"""",IF(Q42<='Fiscal Terms_PIA'!$W$60,'Fiscal Terms_PIA'!$X$60,IF(AND(Q42>'Fiscal Terms_PIA'!$W$60,Q42<='Fiscal Terms_PIA'!$W$61),('Fiscal Terms_PIA'!$X$60*'Fiscal Terms_PIA'!$W$60+(Q42-'Fiscal Terms_PIA'!$W$60)*'Fiscal Terms_PIA'!$X$61)/Q42,IF(AND(Q42>'Fiscal Terms_PIA'!$W$61,Q42<='Fiscal Terms_PIA'!$W$62),('Fiscal Terms_PIA'!$X$60*'Fiscal Terms_PIA'!$W$60+'Fiscal Terms_PIA'!$X$61*('Fiscal Terms_PIA'!$W$61-'Fiscal Terms_PIA'!$W$60)+'Fiscal Terms_PIA'!$X$62*(Q42-'Fiscal Terms_PIA'!$W$61))/Q42,IF(AND(Q42>'Fiscal Terms_PIA'!$W$62,Q42<='Fiscal Terms_PIA'!$W$63),('Fiscal Terms_PIA'!$X$60*'Fiscal Terms_PIA'!$W$60+'Fiscal Terms_PIA'!$X$61*('Fiscal Terms_PIA'!$W$61-'Fiscal Terms_PIA'!$W$60)+'Fiscal Terms_PIA'!$X$62*('Fiscal Terms_PIA'!$W$62-'Fiscal Terms_PIA'!$W$61)+'Fiscal Terms_PIA'!$X$63*(Q42-'Fiscal Terms_PIA'!$W$62))/Q42,IF(AND(Q42>'Fiscal Terms_PIA'!$W$63,Q42<='Fiscal Terms_PIA'!$W$64),('Fiscal Terms_PIA'!$X$60*'Fiscal Terms_PIA'!$W$60+'Fiscal Terms_PIA'!$X$61*('Fiscal Terms_PIA'!$W$61-'Fiscal Terms_PIA'!$W$60)+'Fiscal Terms_PIA'!$X$62*('Fiscal Terms_PIA'!$W$62-'Fiscal Terms_PIA'!$W$61)+'Fiscal Terms_PIA'!$X$63*('Fiscal Terms_PIA'!$W$63-'Fiscal Terms_PIA'!$W$62)+'Fiscal Terms_PIA'!$X$64*(Q42-'Fiscal Terms_PIA'!$W$63))/Q42,'Fiscal Terms_PIA'!$X$65))))))",,NO_CACHED_VALUE,Fiscal Terms_PIA,MISSING_CACHE_REQUIRES_EXCEL_RECALC_OR_MANUAL,NO,"Do not fabricate expected output. Open in Excel and recalculate, or validate manually."
S42,"=IF(Q42=0,"""",100%-R42)",,NO_CACHED_VALUE,,MISSING_CACHE_REQUIRES_EXCEL_RECALC_OR_MANUAL,NO,"Do not fabricate expected output. Open in Excel and recalculate, or validate manually."
R43,"=IF(Q43=0,"""",IF(Q43<='Fiscal Terms_PIA'!$W$60,'Fiscal Terms_PIA'!$X$60,IF(AND(Q43>'Fiscal Terms_PIA'!$W$60,Q43<='Fiscal Terms_PIA'!$W$61),('Fiscal Terms_PIA'!$X$60*'Fiscal Terms_PIA'!$W$60+(Q43-'Fiscal Terms_PIA'!$W$60)*'Fiscal Terms_PIA'!$X$61)/Q43,IF(AND(Q43>'Fiscal Terms_PIA'!$W$61,Q43<='Fiscal Terms_PIA'!$W$62),('Fiscal Terms_PIA'!$X$60*'Fiscal Terms_PIA'!$W$60+'Fiscal Terms_PIA'!$X$61*('Fiscal Terms_PIA'!$W$61-'Fiscal Terms_PIA'!$W$60)+'Fiscal Terms_PIA'!$X$62*(Q43-'Fiscal Terms_PIA'!$W$61))/Q43,IF(AND(Q43>'Fiscal Terms_PIA'!$W$62,Q43<='Fiscal Terms_PIA'!$W$63),('Fiscal Terms_PIA'!$X$60*'Fiscal Terms_PIA'!$W$60+'Fiscal Terms_PIA'!$X$61*('Fiscal Terms_PIA'!$W$61-'Fiscal Terms_PIA'!$W$60)+'Fiscal Terms_PIA'!$X$62*('Fiscal Terms_PIA'!$W$62-'Fiscal Terms_PIA'!$W$61)+'Fiscal Terms_PIA'!$X$63*(Q43-'Fiscal Terms_PIA'!$W$62))/Q43,IF(AND(Q43>'Fiscal Terms_PIA'!$W$63,Q43<='Fiscal Terms_PIA'!$W$64),('Fiscal Terms_PIA'!$X$60*'Fiscal Terms_PIA'!$W$60+'Fiscal Terms_PIA'!$X$61*('Fiscal Terms_PIA'!$W$61-'Fiscal Terms_PIA'!$W$60)+'Fiscal Terms_PIA'!$X$62*('Fiscal Terms_PIA'!$W$62-'Fiscal Terms_PIA'!$W$61)+'Fiscal Terms_PIA'!$X$63*('Fiscal Terms_PIA'!$W$63-'Fiscal Terms_PIA'!$W$62)+'Fiscal Terms_PIA'!$X$64*(Q43-'Fiscal Terms_PIA'!$W$63))/Q43,'Fiscal Terms_PIA'!$X$65))))))",,NO_CACHED_VALUE,Fiscal Terms_PIA,MISSING_CACHE_REQUIRES_EXCEL_RECALC_OR_MANUAL,NO,"Do not fabricate expected output. Open in Excel and recalculate, or validate manually."
S43,"=IF(Q43=0,"""",100%-R43)",,NO_CACHED_VALUE,,MISSING_CACHE_REQUIRES_EXCEL_RECALC_OR_MANUAL,NO,"Do not fabricate expected output. Open in Excel and recalculate, or validate manually."
R44,"=IF(Q44=0,"""",IF(Q44<='Fiscal Terms_PIA'!$W$60,'Fiscal Terms_PIA'!$X$60,IF(AND(Q44>'Fiscal Terms_PIA'!$W$60,Q44<='Fiscal Terms_PIA'!$W$61),('Fiscal Terms_PIA'!$X$60*'Fiscal Terms_PIA'!$W$60+(Q44-'Fiscal Terms_PIA'!$W$60)*'Fiscal Terms_PIA'!$X$61)/Q44,IF(AND(Q44>'Fiscal Terms_PIA'!$W$61,Q44<='Fiscal Terms_PIA'!$W$62),('Fiscal Terms_PIA'!$X$60*'Fiscal Terms_PIA'!$W$60+'Fiscal Terms_PIA'!$X$61*('Fiscal Terms_PIA'!$W$61-'Fiscal Terms_PIA'!$W$60)+'Fiscal Terms_PIA'!$X$62*(Q44-'Fiscal Terms_PIA'!$W$61))/Q44,IF(AND(Q44>'Fiscal Terms_PIA'!$W$62,Q44<='Fiscal Terms_PIA'!$W$63),('Fiscal Terms_PIA'!$X$60*'Fiscal Terms_PIA'!$W$60+'Fiscal Terms_PIA'!$X$61*('Fiscal Terms_PIA'!$W$61-'Fiscal Terms_PIA'!$W$60)+'Fiscal Terms_PIA'!$X$62*('Fiscal Terms_PIA'!$W$62-'Fiscal Terms_PIA'!$W$61)+'Fiscal Terms_PIA'!$X$63*(Q44-'Fiscal Terms_PIA'!$W$62))/Q44,IF(AND(Q44>'Fiscal Terms_PIA'!$W$63,Q44<='Fiscal Terms_PIA'!$W$64),('Fiscal Terms_PIA'!$X$60*'Fiscal Terms_PIA'!$W$60+'Fiscal Terms_PIA'!$X$61*('Fiscal Terms_PIA'!$W$61-'Fiscal Terms_PIA'!$W$60)+'Fiscal Terms_PIA'!$X$62*('Fiscal Terms_PIA'!$W$62-'Fiscal Terms_PIA'!$W$61)+'Fiscal Terms_PIA'!$X$63*('Fiscal Terms_PIA'!$W$63-'Fiscal Terms_PIA'!$W$62)+'Fiscal Terms_PIA'!$X$64*(Q44-'Fiscal Terms_PIA'!$W$63))/Q44,'Fiscal Terms_PIA'!$X$65))))))",,NO_CACHED_VALUE,Fiscal Terms_PIA,MISSING_CACHE_REQUIRES_EXCEL_RECALC_OR_MANUAL,NO,"Do not fabricate expected output. Open in Excel and recalculate, or validate manually."
S44,"=IF(Q44=0,"""",100%-R44)",,NO_CACHED_VALUE,,MISSING_CACHE_REQUIRES_EXCEL_RECALC_OR_MANUAL,NO,"Do not fabricate expected output. Open in Excel and recalculate, or validate manually."
R45,"=IF(Q45=0,"""",IF(Q45<='Fiscal Terms_PIA'!$W$60,'Fiscal Terms_PIA'!$X$60,IF(AND(Q45>'Fiscal Terms_PIA'!$W$60,Q45<='Fiscal Terms_PIA'!$W$61),('Fiscal Terms_PIA'!$X$60*'Fiscal Terms_PIA'!$W$60+(Q45-'Fiscal Terms_PIA'!$W$60)*'Fiscal Terms_PIA'!$X$61)/Q45,IF(AND(Q45>'Fiscal Terms_PIA'!$W$61,Q45<='Fiscal Terms_PIA'!$W$62),('Fiscal Terms_PIA'!$X$60*'Fiscal Terms_PIA'!$W$60+'Fiscal Terms_PIA'!$X$61*('Fiscal Terms_PIA'!$W$61-'Fiscal Terms_PIA'!$W$60)+'Fiscal Terms_PIA'!$X$62*(Q45-'Fiscal Terms_PIA'!$W$61))/Q45,IF(AND(Q45>'Fiscal Terms_PIA'!$W$62,Q45<='Fiscal Terms_PIA'!$W$63),('Fiscal Terms_PIA'!$X$60*'Fiscal Terms_PIA'!$W$60+'Fiscal Terms_PIA'!$X$61*('Fiscal Terms_PIA'!$W$61-'Fiscal Terms_PIA'!$W$60)+'Fiscal Terms_PIA'!$X$62*('Fiscal Terms_PIA'!$W$62-'Fiscal Terms_PIA'!$W$61)+'Fiscal Terms_PIA'!$X$63*(Q45-'Fiscal Terms_PIA'!$W$62))/Q45,IF(AND(Q45>'Fiscal Terms_PIA'!$W$63,Q45<='Fiscal Terms_PIA'!$W$64),('Fiscal Terms_PIA'!$X$60*'Fiscal Terms_PIA'!$W$60+'Fiscal Terms_PIA'!$X$61*('Fiscal Terms_PIA'!$W$61-'Fiscal Terms_PIA'!$W$60)+'Fiscal Terms_PIA'!$X$62*('Fiscal Terms_PIA'!$W$62-'Fiscal Terms_PIA'!$W$61)+'Fiscal Terms_PIA'!$X$63*('Fiscal Terms_PIA'!$W$63-'Fiscal Terms_PIA'!$W$62)+'Fiscal Terms_PIA'!$X$64*(Q45-'Fiscal Terms_PIA'!$W$63))/Q45,'Fiscal Terms_PIA'!$X$65))))))",,NO_CACHED_VALUE,Fiscal Terms_PIA,MISSING_CACHE_REQUIRES_EXCEL_RECALC_OR_MANUAL,NO,"Do not fabricate expected output. Open in Excel and recalculate, or validate manually."
S45,"=IF(Q45=0,"""",100%-R45)",,NO_CACHED_VALUE,,MISSING_CACHE_REQUIRES_EXCEL_RECALC_OR_MANUAL,NO,"Do not fabricate expected output. Open in Excel and recalculate, or validate manually."
R46,"=IF(Q46=0,"""",IF(Q46<='Fiscal Terms_PIA'!$W$60,'Fiscal Terms_PIA'!$X$60,IF(AND(Q46>'Fiscal Terms_PIA'!$W$60,Q46<='Fiscal Terms_PIA'!$W$61),('Fiscal Terms_PIA'!$X$60*'Fiscal Terms_PIA'!$W$60+(Q46-'Fiscal Terms_PIA'!$W$60)*'Fiscal Terms_PIA'!$X$61)/Q46,IF(AND(Q46>'Fiscal Terms_PIA'!$W$61,Q46<='Fiscal Terms_PIA'!$W$62),('Fiscal Terms_PIA'!$X$60*'Fiscal Terms_PIA'!$W$60+'Fiscal Terms_PIA'!$X$61*('Fiscal Terms_PIA'!$W$61-'Fiscal Terms_PIA'!$W$60)+'Fiscal Terms_PIA'!$X$62*(Q46-'Fiscal Terms_PIA'!$W$61))/Q46,IF(AND(Q46>'Fiscal Terms_PIA'!$W$62,Q46<='Fiscal Terms_PIA'!$W$63),('Fiscal Terms_PIA'!$X$60*'Fiscal Terms_PIA'!$W$60+'Fiscal Terms_PIA'!$X$61*('Fiscal Terms_PIA'!$W$61-'Fiscal Terms_PIA'!$W$60)+'Fiscal Terms_PIA'!$X$62*('Fiscal Terms_PIA'!$W$62-'Fiscal Terms_PIA'!$W$61)+'Fiscal Terms_PIA'!$X$63*(Q46-'Fiscal Terms_PIA'!$W$62))/Q46,IF(AND(Q46>'Fiscal Terms_PIA'!$W$63,Q46<='Fiscal Terms_PIA'!$W$64),('Fiscal Terms_PIA'!$X$60*'Fiscal Terms_PIA'!$W$60+'Fiscal Terms_PIA'!$X$61*('Fiscal Terms_PIA'!$W$61-'Fiscal Terms_PIA'!$W$60)+'Fiscal Terms_PIA'!$X$62*('Fiscal Terms_PIA'!$W$62-'Fiscal Terms_PIA'!$W$61)+'Fiscal Terms_PIA'!$X$63*('Fiscal Terms_PIA'!$W$63-'Fiscal Terms_PIA'!$W$62)+'Fiscal Terms_PIA'!$X$64*(Q46-'Fiscal Terms_PIA'!$W$63))/Q46,'Fiscal Terms_PIA'!$X$65))))))",,NO_CACHED_VALUE,Fiscal Terms_PIA,MISSING_CACHE_REQUIRES_EXCEL_RECALC_OR_MANUAL,NO,"Do not fabricate expected output. Open in Excel and recalculate, or validate manually."
S46,"=IF(Q46=0,"""",100%-R46)",,NO_CACHED_VALUE,,MISSING_CACHE_REQUIRES_EXCEL_RECALC_OR_MANUAL,NO,"Do not fabricate expected output. Open in Excel and recalculate, or validate manually."
R47,"=IF(Q47=0,"""",IF(Q47<='Fiscal Terms_PIA'!$W$60,'Fiscal Terms_PIA'!$X$60,IF(AND(Q47>'Fiscal Terms_PIA'!$W$60,Q47<='Fiscal Terms_PIA'!$W$61),('Fiscal Terms_PIA'!$X$60*'Fiscal Terms_PIA'!$W$60+(Q47-'Fiscal Terms_PIA'!$W$60)*'Fiscal Terms_PIA'!$X$61)/Q47,IF(AND(Q47>'Fiscal Terms_PIA'!$W$61,Q47<='Fiscal Terms_PIA'!$W$62),('Fiscal Terms_PIA'!$X$60*'Fiscal Terms_PIA'!$W$60+'Fiscal Terms_PIA'!$X$61*('Fiscal Terms_PIA'!$W$61-'Fiscal Terms_PIA'!$W$60)+'Fiscal Terms_PIA'!$X$62*(Q47-'Fiscal Terms_PIA'!$W$61))/Q47,IF(AND(Q47>'Fiscal Terms_PIA'!$W$62,Q47<='Fiscal Terms_PIA'!$W$63),('Fiscal Terms_PIA'!$X$60*'Fiscal Terms_PIA'!$W$60+'Fiscal Terms_PIA'!$X$61*('Fiscal Terms_PIA'!$W$61-'Fiscal Terms_PIA'!$W$60)+'Fiscal Terms_PIA'!$X$62*('Fiscal Terms_PIA'!$W$62-'Fiscal Terms_PIA'!$W$61)+'Fiscal Terms_PIA'!$X$63*(Q47-'Fiscal Terms_PIA'!$W$62))/Q47,IF(AND(Q47>'Fiscal Terms_PIA'!$W$63,Q47<='Fiscal Terms_PIA'!$W$64),('Fiscal Terms_PIA'!$X$60*'Fiscal Terms_PIA'!$W$60+'Fiscal Terms_PIA'!$X$61*('Fiscal Terms_PIA'!$W$61-'Fiscal Terms_PIA'!$W$60)+'Fiscal Terms_PIA'!$X$62*('Fiscal Terms_PIA'!$W$62-'Fiscal Terms_PIA'!$W$61)+'Fiscal Terms_PIA'!$X$63*('Fiscal Terms_PIA'!$W$63-'Fiscal Terms_PIA'!$W$62)+'Fiscal Terms_PIA'!$X$64*(Q47-'Fiscal Terms_PIA'!$W$63))/Q47,'Fiscal Terms_PIA'!$X$65))))))",,NO_CACHED_VALUE,Fiscal Terms_PIA,MISSING_CACHE_REQUIRES_EXCEL_RECALC_OR_MANUAL,NO,"Do not fabricate expected output. Open in Excel and recalculate, or validate manually."
S47,"=IF(Q47=0,"""",100%-R47)",,NO_CACHED_VALUE,,MISSING_CACHE_REQUIRES_EXCEL_RECALC_OR_MANUAL,NO,"Do not fabricate expected output. Open in Excel and recalculate, or validate manually."
R48,"=IF(Q48=0,"""",IF(Q48<='Fiscal Terms_PIA'!$W$60,'Fiscal Terms_PIA'!$X$60,IF(AND(Q48>'Fiscal Terms_PIA'!$W$60,Q48<='Fiscal Terms_PIA'!$W$61),('Fiscal Terms_PIA'!$X$60*'Fiscal Terms_PIA'!$W$60+(Q48-'Fiscal Terms_PIA'!$W$60)*'Fiscal Terms_PIA'!$X$61)/Q48,IF(AND(Q48>'Fiscal Terms_PIA'!$W$61,Q48<='Fiscal Terms_PIA'!$W$62),('Fiscal Terms_PIA'!$X$60*'Fiscal Terms_PIA'!$W$60+'Fiscal Terms_PIA'!$X$61*('Fiscal Terms_PIA'!$W$61-'Fiscal Terms_PIA'!$W$60)+'Fiscal Terms_PIA'!$X$62*(Q48-'Fiscal Terms_PIA'!$W$61))/Q48,IF(AND(Q48>'Fiscal Terms_PIA'!$W$62,Q48<='Fiscal Terms_PIA'!$W$63),('Fiscal Terms_PIA'!$X$60*'Fiscal Terms_PIA'!$W$60+'Fiscal Terms_PIA'!$X$61*('Fiscal Terms_PIA'!$W$61-'Fiscal Terms_PIA'!$W$60)+'Fiscal Terms_PIA'!$X$62*('Fiscal Terms_PIA'!$W$62-'Fiscal Terms_PIA'!$W$61)+'Fiscal Terms_PIA'!$X$63*(Q48-'Fiscal Terms_PIA'!$W$62))/Q48,IF(AND(Q48>'Fiscal Terms_PIA'!$W$63,Q48<='Fiscal Terms_PIA'!$W$64),('Fiscal Terms_PIA'!$X$60*'Fiscal Terms_PIA'!$W$60+'Fiscal Terms_PIA'!$X$61*('Fiscal Terms_PIA'!$W$61-'Fiscal Terms_PIA'!$W$60)+'Fiscal Terms_PIA'!$X$62*('Fiscal Terms_PIA'!$W$62-'Fiscal Terms_PIA'!$W$61)+'Fiscal Terms_PIA'!$X$63*('Fiscal Terms_PIA'!$W$63-'Fiscal Terms_PIA'!$W$62)+'Fiscal Terms_PIA'!$X$64*(Q48-'Fiscal Terms_PIA'!$W$63))/Q48,'Fiscal Terms_PIA'!$X$65))))))",,NO_CACHED_VALUE,Fiscal Terms_PIA,MISSING_CACHE_REQUIRES_EXCEL_RECALC_OR_MANUAL,NO,"Do not fabricate expected output. Open in Excel and recalculate, or validate manually."
S48,"=IF(Q48=0,"""",100%-R48)",,NO_CACHED_VALUE,,MISSING_CACHE_REQUIRES_EXCEL_RECALC_OR_MANUAL,NO,"Do not fabricate expected output. Open in Excel and recalculate, or validate manually."
R49,"=IF(Q49=0,"""",IF(Q49<='Fiscal Terms_PIA'!$W$60,'Fiscal Terms_PIA'!$X$60,IF(AND(Q49>'Fiscal Terms_PIA'!$W$60,Q49<='Fiscal Terms_PIA'!$W$61),('Fiscal Terms_PIA'!$X$60*'Fiscal Terms_PIA'!$W$60+(Q49-'Fiscal Terms_PIA'!$W$60)*'Fiscal Terms_PIA'!$X$61)/Q49,IF(AND(Q49>'Fiscal Terms_PIA'!$W$61,Q49<='Fiscal Terms_PIA'!$W$62),('Fiscal Terms_PIA'!$X$60*'Fiscal Terms_PIA'!$W$60+'Fiscal Terms_PIA'!$X$61*('Fiscal Terms_PIA'!$W$61-'Fiscal Terms_PIA'!$W$60)+'Fiscal Terms_PIA'!$X$62*(Q49-'Fiscal Terms_PIA'!$W$61))/Q49,IF(AND(Q49>'Fiscal Terms_PIA'!$W$62,Q49<='Fiscal Terms_PIA'!$W$63),('Fiscal Terms_PIA'!$X$60*'Fiscal Terms_PIA'!$W$60+'Fiscal Terms_PIA'!$X$61*('Fiscal Terms_PIA'!$W$61-'Fiscal Terms_PIA'!$W$60)+'Fiscal Terms_PIA'!$X$62*('Fiscal Terms_PIA'!$W$62-'Fiscal Terms_PIA'!$W$61)+'Fiscal Terms_PIA'!$X$63*(Q49-'Fiscal Terms_PIA'!$W$62))/Q49,IF(AND(Q49>'Fiscal Terms_PIA'!$W$63,Q49<='Fiscal Terms_PIA'!$W$64),('Fiscal Terms_PIA'!$X$60*'Fiscal Terms_PIA'!$W$60+'Fiscal Terms_PIA'!$X$61*('Fiscal Terms_PIA'!$W$61-'Fiscal Terms_PIA'!$W$60)+'Fiscal Terms_PIA'!$X$62*('Fiscal Terms_PIA'!$W$62-'Fiscal Terms_PIA'!$W$61)+'Fiscal Terms_PIA'!$X$63*('Fiscal Terms_PIA'!$W$63-'Fiscal Terms_PIA'!$W$62)+'Fiscal Terms_PIA'!$X$64*(Q49-'Fiscal Terms_PIA'!$W$63))/Q49,'Fiscal Terms_PIA'!$X$65))))))",,NO_CACHED_VALUE,Fiscal Terms_PIA,MISSING_CACHE_REQUIRES_EXCEL_RECALC_OR_MANUAL,NO,"Do not fabricate expected output. Open in Excel and recalculate, or validate manually."
S49,"=IF(Q49=0,"""",100%-R49)",,NO_CACHED_VALUE,,MISSING_CACHE_REQUIRES_EXCEL_RECALC_OR_MANUAL,NO,"Do not fabricate expected output. Open in Excel and recalculate, or validate manually."
L1,=Ec_IO!G22,New Acreage,,Ec_IO,CACHE_PRESENT,YES_IF_CACHE_TRUSTED,Cached value available from GM extraction.
U1,=Ec_IO!$G$24,R/T (SR),,Ec_IO,CACHE_PRESENT,YES_IF_CACHE_TRUSTED,Cached value available from GM extraction.
A3,=FLGT!A3,YEAR,,FLGT,CACHE_PRESENT,YES_IF_CACHE_TRUSTED,Cached value available from GM extraction.
B3,=FLGT!W3,Nominal Oil Revenue,,FLGT,CACHE_PRESENT,YES_IF_CACHE_TRUSTED,Cached value available from GM extraction.
C3,=FLGT!X3,Nominal Gas Revenue,,FLGT,CACHE_PRESENT,YES_IF_CACHE_TRUSTED,Cached value available from GM extraction.
D3,=FLGT!Y3,Nominal Total Revenue,,FLGT,CACHE_PRESENT,YES_IF_CACHE_TRUSTED,Cached value available from GM extraction.
G3,=Cap_Allow!FP2,Expensed CAPEX,,Cap_Allow,CACHE_PRESENT,YES_IF_CACHE_TRUSTED,Cached value available from GM extraction.
J3,=CIT_NCF_Oil!Z3,Allowable Interest,,CIT_NCF_Oil,CACHE_PRESENT,YES_IF_CACHE_TRUSTED,Cached value available from GM extraction.
Q3,=FLGT!D3,Cumulative Oil Production,,FLGT,CACHE_PRESENT,YES_IF_CACHE_TRUSTED,Cached value available from GM extraction.
B4,=FLGT!W4,$mm,,FLGT,CACHE_PRESENT,YES_IF_CACHE_TRUSTED,Cached value available from GM extraction.
C4,=FLGT!X4,$mm,,FLGT,CACHE_PRESENT,YES_IF_CACHE_TRUSTED,Cached value available from GM extraction.
D4,=FLGT!Y4,$mm,,FLGT,CACHE_PRESENT,YES_IF_CACHE_TRUSTED,Cached value available from GM extraction.
A5,=FLGT!A5,2024,,FLGT,CACHE_PRESENT,YES_IF_CACHE_TRUSTED,Cached value available from GM extraction.
B5,=FLGT!W5,0,,FLGT,CACHE_PRESENT,YES_IF_CACHE_TRUSTED,Cached value available from GM extraction.
C5,=FLGT!X5,0,,FLGT,CACHE_PRESENT,YES_IF_CACHE_TRUSTED,Cached value available from GM extraction.
D5,=FLGT!Y5,0,,FLGT,CACHE_PRESENT,YES_IF_CACHE_TRUSTED,Cached value available from GM extraction.
E5,=SUM(FLGT!AB5:AD5),0,,FLGT,CACHE_PRESENT,YES_IF_CACHE_TRUSTED,Cached value available from GM extraction.
F5,=FLGT!AE5+FLGT!AF5+FLGT!AG5+FLGT!AH5+FLGT!Z5,0,,FLGT,CACHE_PRESENT,YES_IF_CACHE_TRUSTED,Cached value available from GM extraction.
J5,=CIT_NCF_Oil!Z5,0,,CIT_NCF_Oil,CACHE_PRESENT,YES_IF_CACHE_TRUSTED,Cached value available from GM extraction.
K5,=F5+H5+I5+G5+J5,0,,,CACHE_PRESENT,YES_IF_CACHE_TRUSTED,Cached value available from GM extraction.
L5,"=IF(Ec_IO!$G$22='Fiscal Terms_PIA'!$T$59,'Fiscal Terms_PIA'!$T$60*(D5-E5),'Fiscal Terms_PIA'!$U$60*(D5-E5))",0,,Ec_IO | Fiscal Terms_PIA,CACHE_PRESENT,YES_IF_CACHE_TRUSTED,Cached value available from GM extraction.
M5,=D5-E5-L5,0,,,CACHE_PRESENT,YES_IF_CACHE_TRUSTED,Cached value available from GM extraction.
N5,"=IF(AND(G5=0,D5=0),0,IF(L5-K5+N4<0,L5-K5+N4,0))",0,,,CACHE_PRESENT,YES_IF_CACHE_TRUSTED,Cached value available from GM extraction.
O5,"=IF(AND(G5=0,D5=0),0,IF(L5-K5+N4>0,L5-K5+N4,0))",0,,,CACHE_PRESENT,YES_IF_CACHE_TRUSTED,Cached value available from GM extraction.
P5,=O5+M5,0,,,CACHE_PRESENT,YES_IF_CACHE_TRUSTED,Cached value available from GM extraction.
Q5,=FLGT!D5,0,,FLGT,CACHE_PRESENT,YES_IF_CACHE_TRUSTED,Cached value available from GM extraction.
T5,"=IFERROR(S5*P5,0)",0,,,CACHE_PRESENT,YES_IF_CACHE_TRUSTED,Cached value available from GM extraction.
U5,"=IF(Ec_IO!$G$24=""PSC/SC"",(P5-T5),0)",0,,Ec_IO,CACHE_PRESENT,YES_IF_CACHE_TRUSTED,Cached value available from GM extraction.
A6,=FLGT!A6,2025,,FLGT,CACHE_PRESENT,YES_IF_CACHE_TRUSTED,Cached value available from GM extraction.
B6,=FLGT!W6,0,,FLGT,CACHE_PRESENT,YES_IF_CACHE_TRUSTED,Cached value available from GM extraction.
C6,=FLGT!X6,0,,FLGT,CACHE_PRESENT,YES_IF_CACHE_TRUSTED,Cached value available from GM extraction.
D6,=FLGT!Y6,0,,FLGT,CACHE_PRESENT,YES_IF_CACHE_TRUSTED,Cached value available from GM extraction.
E6,=SUM(FLGT!AB6:AD6),0,,FLGT,CACHE_PRESENT,YES_IF_CACHE_TRUSTED,Cached value available from GM extraction.
F6,=FLGT!AE6+FLGT!AF6+FLGT!AG6+FLGT!AH6+FLGT!Z6,0,,FLGT,CACHE_PRESENT,YES_IF_CACHE_TRUSTED,Cached value available from GM extraction.
J6,=CIT_NCF_Oil!Z6,0,,CIT_NCF_Oil,CACHE_PRESENT,YES_IF_CACHE_TRUSTED,Cached value available from GM extraction.
K6,=F6+H6+I6+G6+J6,0,,,CACHE_PRESENT,YES_IF_CACHE_TRUSTED,Cached value available from GM extraction.
L6,"=IF(Ec_IO!$G$22='Fiscal Terms_PIA'!$T$59,'Fiscal Terms_PIA'!$T$60*(D6-E6),'Fiscal Terms_PIA'!$U$60*(D6-E6))",0,,Ec_IO | Fiscal Terms_PIA,CACHE_PRESENT,YES_IF_CACHE_TRUSTED,Cached value available from GM extraction.
M6,=D6-E6-L6,0,,,CACHE_PRESENT,YES_IF_CACHE_TRUSTED,Cached value available from GM extraction.
N6,"=IF(AND(G6=0,D6=0),0,IF(L6-K6+N5<0,L6-K6+N5,0))",0,,,CACHE_PRESENT,YES_IF_CACHE_TRUSTED,Cached value available from GM extraction.
O6,"=IF(AND(G6=0,D6=0),0,IF(L6-K6+N5>0,L6-K6+N5,0))",0,,,CACHE_PRESENT,YES_IF_CACHE_TRUSTED,Cached value available from GM extraction.
P6,=O6+M6,0,,,CACHE_PRESENT,YES_IF_CACHE_TRUSTED,Cached value available from GM extraction.
Q6,=FLGT!D6,0,,FLGT,CACHE_PRESENT,YES_IF_CACHE_TRUSTED,Cached value available from GM extraction.
T6,"=IFERROR(S6*P6,0)",0,,,CACHE_PRESENT,YES_IF_CACHE_TRUSTED,Cached value available from GM extraction.
U6,"=IF(Ec_IO!$G$24=""PSC/SC"",(P6-T6),0)",0,,Ec_IO,CACHE_PRESENT,YES_IF_CACHE_TRUSTED,Cached value available from GM extraction.
A7,=FLGT!A7,2026,,FLGT,CACHE_PRESENT,YES_IF_CACHE_TRUSTED,Cached value available from GM extraction.
B7,=FLGT!W7,0,,FLGT,CACHE_PRESENT,YES_IF_CACHE_TRUSTED,Cached value available from GM extraction.
C7,=FLGT!X7,0,,FLGT,CACHE_PRESENT,YES_IF_CACHE_TRUSTED,Cached value available from GM extraction.
D7,=FLGT!Y7,0,,FLGT,CACHE_PRESENT,YES_IF_CACHE_TRUSTED,Cached value available from GM extraction.
E7,=SUM(FLGT!AB7:AD7),0,,FLGT,CACHE_PRESENT,YES_IF_CACHE_TRUSTED,Cached value available from GM extraction.
F7,=FLGT!AE7+FLGT!AF7+FLGT!AG7+FLGT!AH7+FLGT!Z7,0,,FLGT,CACHE_PRESENT,YES_IF_CACHE_TRUSTED,Cached value available from GM extraction.
J7,=CIT_NCF_Oil!Z7,0,,CIT_NCF_Oil,CACHE_PRESENT,YES_IF_CACHE_TRUSTED,Cached value available from GM extraction.
K7,=F7+H7+I7+G7+J7,0,,,CACHE_PRESENT,YES_IF_CACHE_TRUSTED,Cached value available from GM extraction.
L7,"=IF(Ec_IO!$G$22='Fiscal Terms_PIA'!$T$59,'Fiscal Terms_PIA'!$T$60*(D7-E7),'Fiscal Terms_PIA'!$U$60*(D7-E7))",0,,Ec_IO | Fiscal Terms_PIA,CACHE_PRESENT,YES_IF_CACHE_TRUSTED,Cached value available from GM extraction.
M7,=D7-E7-L7,0,,,CACHE_PRESENT,YES_IF_CACHE_TRUSTED,Cached value available from GM extraction.
N7,"=IF(AND(G7=0,D7=0),0,IF(L7-K7+N6<0,L7-K7+N6,0))",0,,,CACHE_PRESENT,YES_IF_CACHE_TRUSTED,Cached value available from GM extraction.
O7,"=IF(AND(G7=0,D7=0),0,IF(L7-K7+N6>0,L7-K7+N6,0))",0,,,CACHE_PRESENT,YES_IF_CACHE_TRUSTED,Cached value available from GM extraction.
P7,=O7+M7,0,,,CACHE_PRESENT,YES_IF_CACHE_TRUSTED,Cached value available from GM extraction.
Q7,=FLGT!D7,0,,FLGT,CACHE_PRESENT,YES_IF_CACHE_TRUSTED,Cached value available from GM extraction.
T7,"=IFERROR(S7*P7,0)",0,,,CACHE_PRESENT,YES_IF_CACHE_TRUSTED,Cached value available from GM extraction.
U7,"=IF(Ec_IO!$G$24=""PSC/SC"",(P7-T7),0)",0,,Ec_IO,CACHE_PRESENT,YES_IF_CACHE_TRUSTED,Cached value available from GM extraction.
A8,=FLGT!A8,2027,,FLGT,CACHE_PRESENT,YES_IF_CACHE_TRUSTED,Cached value available from GM extraction.
B8,=FLGT!W8,18.2625,,FLGT,CACHE_PRESENT,YES_IF_CACHE_TRUSTED,Cached value available from GM extraction.
C8,=FLGT!X8,0,,FLGT,CACHE_PRESENT,YES_IF_CACHE_TRUSTED,Cached value available from GM extraction.
D8,=FLGT!Y8,18.2625,,FLGT,CACHE_PRESENT,YES_IF_CACHE_TRUSTED,Cached value available from GM extraction.
E8,=SUM(FLGT!AB8:AD8),0.913125,,FLGT,CACHE_PRESENT,YES_IF_CACHE_TRUSTED,Cached value available from GM extraction.
F8,=FLGT!AE8+FLGT!AF8+FLGT!AG8+FLGT!AH8+FLGT!Z8,0.519243164114933,,FLGT,CACHE_PRESENT,YES_IF_CACHE_TRUSTED,Cached value available from GM extraction.
G8,=Cap_Allow!FP5,0,,Cap_Allow,CACHE_PRESENT,YES_IF_CACHE_TRUSTED,Cached value available from GM extraction.
H8,=Cap_Allow!GX5+Cap_Allow!HC5,0,,Cap_Allow,CACHE_PRESENT,YES_IF_CACHE_TRUSTED,Cached value available from GM extraction.
I8,=Cap_Allow!FI5,11.45,,Cap_Allow,CACHE_PRESENT,YES_IF_CACHE_TRUSTED,Cached value available from GM extraction.
J8,=CIT_NCF_Oil!Z8,0,,CIT_NCF_Oil,CACHE_PRESENT,YES_IF_CACHE_TRUSTED,Cached value available from GM extraction.
K8,=F8+H8+I8+G8+J8,11.9692431641149,,,CACHE_PRESENT,YES_IF_CACHE_TRUSTED,Cached value available from GM extraction.
L8,"=IF(Ec_IO!$G$22='Fiscal Terms_PIA'!$T$59,'Fiscal Terms_PIA'!$T$60*(D8-E8),'Fiscal Terms_PIA'!$U$60*(D8-E8))",12.1445625,,Ec_IO | Fiscal Terms_PIA,CACHE_PRESENT,YES_IF_CACHE_TRUSTED,Cached value available from GM extraction.
M8,=D8-E8-L8,5.2048125,,,CACHE_PRESENT,YES_IF_CACHE_TRUSTED,Cached value available from GM extraction.
N8,"=IF(AND(G8=0,D8=0),0,IF(L8-K8+N7<0,L8-K8+N7,0))",0,,,CACHE_PRESENT,YES_IF_CACHE_TRUSTED,Cached value available from GM extraction.
O8,"=IF(AND(G8=0,D8=0),0,IF(L8-K8+N7>0,L8-K8+N7,0))",0.175319335885064,,,CACHE_PRESENT,YES_IF_CACHE_TRUSTED,Cached value available from GM extraction.
P8,=O8+M8,5.38013183588506,,,CACHE_PRESENT,YES_IF_CACHE_TRUSTED,Cached value available from GM extraction.
Q8,=FLGT!D8,0.36525,,FLGT,CACHE_PRESENT,YES_IF_CACHE_TRUSTED,Cached value available from GM extraction.
R8,"=IF(Q8=0,"""",IF(Q8<='Fiscal Terms_PIA'!$W$60,'Fiscal Terms_PIA'!$X$60,IF(AND(Q8>'Fiscal Terms_PIA'!$W$60,Q8<='Fiscal Terms_PIA'!$W$61),('Fiscal Terms_PIA'!$X$60*'Fiscal Terms_PIA'!$W$60+(Q8-'Fiscal Terms_PIA'!$W$60)*'Fiscal Terms_PIA'!$X$61)/Q8,IF(AND(Q8>'Fiscal Terms_PIA'!$W$61,Q8<='Fiscal Terms_PIA'!$W$62),('Fiscal Terms_PIA'!$X$60*'Fiscal Terms_PIA'!$W$60+'Fiscal Terms_PIA'!$X$61*('Fiscal Terms_PIA'!$W$61-'Fiscal Terms_PIA'!$W$60)+'Fiscal Terms_PIA'!$X$62*(Q8-'Fiscal Terms_PIA'!$W$61))/Q8,IF(AND(Q8>'Fiscal Terms_PIA'!$W$62,Q8<='Fiscal Terms_PIA'!$W$63),('Fiscal Terms_PIA'!$X$60*'Fiscal Terms_PIA'!$W$60+'Fiscal Terms_PIA'!$X$61*('Fiscal Terms_PIA'!$W$61-'Fiscal Terms_PIA'!$W$60)+'Fiscal Terms_PIA'!$X$62*('Fiscal Terms_PIA'!$W$62-'Fiscal Terms_PIA'!$W$61)+'Fiscal Terms_PIA'!$X$63*(Q8-'Fiscal Terms_PIA'!$W$62))/Q8,IF(AND(Q8>'Fiscal Terms_PIA'!$W$63,Q8<='Fiscal Terms_PIA'!$W$64),('Fiscal Terms_PIA'!$X$60*'Fiscal Terms_PIA'!$W$60+'Fiscal Terms_PIA'!$X$61*('Fiscal Terms_PIA'!$W$61-'Fiscal Terms_PIA'!$W$60)+'Fiscal Terms_PIA'!$X$62*('Fiscal Terms_PIA'!$W$62-'Fiscal Terms_PIA'!$W$61)+'Fiscal Terms_PIA'!$X$63*('Fiscal Terms_PIA'!$W$63-'Fiscal Terms_PIA'!$W$62)+'Fiscal Terms_PIA'!$X$64*(Q8-'Fiscal Terms_PIA'!$W$63))/Q8,'Fiscal Terms_PIA'!$X$65))))))",0.05,,Fiscal Terms_PIA,CACHE_PRESENT,YES_IF_CACHE_TRUSTED,Cached value available from GM extraction.
S8,"=IF(Q8=0,"""",100%-R8)",0.95,,,CACHE_PRESENT,YES_IF_CACHE_TRUSTED,Cached value available from GM extraction.
T8,"=IFERROR(S8*P8,0)",5.11112524409081,,,CACHE_PRESENT,YES_IF_CACHE_TRUSTED,Cached value available from GM extraction.
U8,"=IF(Ec_IO!$G$24=""PSC/SC"",(P8-T8),0)",0,,Ec_IO,CACHE_PRESENT,YES_IF_CACHE_TRUSTED,Cached value available from GM extraction.
A9,=FLGT!A9,2028,,FLGT,CACHE_PRESENT,YES_IF_CACHE_TRUSTED,Cached value available from GM extraction.
B9,=FLGT!W9,39.3453635267073,,FLGT,CACHE_PRESENT,YES_IF_CACHE_TRUSTED,Cached value available from GM extraction.
C9,=FLGT!X9,1.43616896867432,,FLGT,CACHE_PRESENT,YES_IF_CACHE_TRUSTED,Cached value available from GM extraction.
D9,=FLGT!Y9,40.7815324953816,,FLGT,CACHE_PRESENT,YES_IF_CACHE_TRUSTED,Cached value available from GM extraction.
E9,=SUM(FLGT!AB9:AD9),2.00317240055222,,FLGT,CACHE_PRESENT,YES_IF_CACHE_TRUSTED,Cached value available from GM extraction.
F9,=FLGT!AE9+FLGT!AF9+FLGT!AG9+FLGT!AH9+FLGT!Z9,4.94540924551685,,FLGT,CACHE_PRESENT,YES_IF_CACHE_TRUSTED,Cached value available from GM extraction.
G9,=Cap_Allow!FP6,35,,Cap_Allow,CACHE_PRESENT,YES_IF_CACHE_TRUSTED,Cached value available from GM extraction.
H9,=Cap_Allow!GX6+Cap_Allow!HC6,16,,Cap_Allow,CACHE_PRESENT,YES_IF_CACHE_TRUSTED,Cached value available from GM extraction.
I9,=Cap_Allow!FI6,28.7588693800638,,Cap_Allow,CACHE_PRESENT,YES_IF_CACHE_TRUSTED,Cached value available from GM extraction.
J9,=CIT_NCF_Oil!Z9,0,,CIT_NCF_Oil,CACHE_PRESENT,YES_IF_CACHE_TRUSTED,Cached value available from GM extraction.
K9,=F9+H9+I9+G9+J9,84.7042786255806,,,CACHE_PRESENT,YES_IF_CACHE_TRUSTED,Cached value available from GM extraction.
L9,"=IF(Ec_IO!$G$22='Fiscal Terms_PIA'!$T$59,'Fiscal Terms_PIA'!$T$60*(D9-E9),'Fiscal Terms_PIA'!$U$60*(D9-E9))",27.1448520663806,,Ec_IO | Fiscal Terms_PIA,CACHE_PRESENT,YES_IF_CACHE_TRUSTED,Cached value available from GM extraction.
M9,=D9-E9-L9,11.6335080284488,,,CACHE_PRESENT,YES_IF_CACHE_TRUSTED,Cached value available from GM extraction.
N9,"=IF(AND(G9=0,D9=0),0,IF(L9-K9+N8<0,L9-K9+N8,0))",-57.5594265592,,,CACHE_PRESENT,YES_IF_CACHE_TRUSTED,Cached value available from GM extraction.
O9,"=IF(AND(G9=0,D9=0),0,IF(L9-K9+N8>0,L9-K9+N8,0))",0,,,CACHE_PRESENT,YES_IF_CACHE_TRUSTED,Cached value available from GM extraction.
P9,=O9+M9,11.6335080284488,,,CACHE_PRESENT,YES_IF_CACHE_TRUSTED,Cached value available from GM extraction.
Q9,=FLGT!D9,1.15215727053415,,FLGT,CACHE_PRESENT,YES_IF_CACHE_TRUSTED,Cached value available from GM extraction.
R9,"=IF(Q9=0,"""",IF(Q9<='Fiscal Terms_PIA'!$W$60,'Fiscal Terms_PIA'!$X$60,IF(AND(Q9>'Fiscal Terms_PIA'!$W$60,Q9<='Fiscal Terms_PIA'!$W$61),('Fiscal Terms_PIA'!$X$60*'Fiscal Terms_PIA'!$W$60+(Q9-'Fiscal Terms_PIA'!$W$60)*'Fiscal Terms_PIA'!$X$61)/Q9,IF(AND(Q9>'Fiscal Terms_PIA'!$W$61,Q9<='Fiscal Terms_PIA'!$W$62),('Fiscal Terms_PIA'!$X$60*'Fiscal Terms_PIA'!$W$60+'Fiscal Terms_PIA'!$X$61*('Fiscal Terms_PIA'!$W$61-'Fiscal Terms_PIA'!$W$60)+'Fiscal Terms_PIA'!$X$62*(Q9-'Fiscal Terms_PIA'!$W$61))/Q9,IF(AND(Q9>'Fiscal Terms_PIA'!$W$62,Q9<='Fiscal Terms_PIA'!$W$63),('Fiscal Terms_PIA'!$X$60*'Fiscal Terms_PIA'!$W$60+'Fiscal Terms_PIA'!$X$61*('Fiscal Terms_PIA'!$W$61-'Fiscal Terms_PIA'!$W$60)+'Fiscal Terms_PIA'!$X$62*('Fiscal Terms_PIA'!$W$62-'Fiscal Terms_PIA'!$W$61)+'Fiscal Terms_PIA'!$X$63*(Q9-'Fiscal Terms_PIA'!$W$62))/Q9,IF(AND(Q9>'Fiscal Terms_PIA'!$W$63,Q9<='Fiscal Terms_PIA'!$W$64),('Fiscal Terms_PIA'!$X$60*'Fiscal Terms_PIA'!$W$60+'Fiscal Terms_PIA'!$X$61*('Fiscal Terms_PIA'!$W$61-'Fiscal Terms_PIA'!$W$60)+'Fiscal Terms_PIA'!$X$62*('Fiscal Terms_PIA'!$W$62-'Fiscal Terms_PIA'!$W$61)+'Fiscal Terms_PIA'!$X$63*('Fiscal Terms_PIA'!$W$63-'Fiscal Terms_PIA'!$W$62)+'Fiscal Terms_PIA'!$X$64*(Q9-'Fiscal Terms_PIA'!$W$63))/Q9,'Fiscal Terms_PIA'!$X$65))))))",0.05,,Fiscal Terms_PIA,CACHE_PRESENT,YES_IF_CACHE_TRUSTED,Cached value available from GM extraction.
S9,"=IF(Q9=0,"""",100%-R9)",0.95,,,CACHE_PRESENT,YES_IF_CACHE_TRUSTED,Cached value available from GM extraction.
T9,"=IFERROR(S9*P9,0)",11.0518326270264,,,CACHE_PRESENT,YES_IF_CACHE_TRUSTED,Cached value available from GM extraction.
U9,"=IF(Ec_IO!$G$24=""PSC/SC"",(P9-T9),0)",0,,Ec_IO,CACHE_PRESENT,YES_IF_CACHE_TRUSTED,Cached value available from GM extraction.
A10,=FLGT!A10,2029,,FLGT,CACHE_PRESENT,YES_IF_CACHE_TRUSTED,Cached value available from GM extraction.
B10,=FLGT!W10,84.7670160738534,,FLGT,CACHE_PRESENT,YES_IF_CACHE_TRUSTED,Cached value available from GM extraction.
C10,=FLGT!X10,3.09413224685928,,FLGT,CACHE_PRESENT,YES_IF_CACHE_TRUSTED,Cached value available from GM extraction.
D10,=FLGT!Y10,87.8611483207126,,FLGT,CACHE_PRESENT,YES_IF_CACHE_TRUSTED,Cached value available from GM extraction.
E10,=SUM(FLGT!AB10:AD10),4.31570410986415,,FLGT,CACHE_PRESENT,YES_IF_CACHE_TRUSTED,Cached value available from GM extraction.
F10,=FLGT!AE10+FLGT!AF10+FLGT!AG10+FLGT!AH10+FLGT!Z10,3.36690457553361,,FLGT,CACHE_PRESENT,YES_IF_CACHE_TRUSTED,Cached value available from GM extraction.
G10,=Cap_Allow!FP7,0,,Cap_Allow,CACHE_PRESENT,YES_IF_CACHE_TRUSTED,Cached value available from GM extraction.
H10,=Cap_Allow!GX7+Cap_Allow!HC7,23,,Cap_Allow,CACHE_PRESENT,YES_IF_CACHE_TRUSTED,Cached value available from GM extraction.
I10,=Cap_Allow!FI7,38.8331776672256,,Cap_Allow,CACHE_PRESENT,YES_IF_CACHE_TRUSTED,Cached value available from GM extraction.
J10,=CIT_NCF_Oil!Z10,0,,CIT_NCF_Oil,CACHE_PRESENT,YES_IF_CACHE_TRUSTED,Cached value available from GM extraction.
K10,=F10+H10+I10+G10+J10,65.2000822427592,,,CACHE_PRESENT,YES_IF_CACHE_TRUSTED,Cached value available from GM extraction.
L10,"=IF(Ec_IO!$G$22='Fiscal Terms_PIA'!$T$59,'Fiscal Terms_PIA'!$T$60*(D10-E10),'Fiscal Terms_PIA'!$U$60*(D10-E10))",58.4818109475939,,Ec_IO | Fiscal Terms_PIA,CACHE_PRESENT,YES_IF_CACHE_TRUSTED,Cached value available from GM extraction.
M10,=D10-E10-L10,25.0636332632546,,,CACHE_PRESENT,YES_IF_CACHE_TRUSTED,Cached value available from GM extraction.
N10,"=IF(AND(G10=0,D10=0),0,IF(L10-K10+N9<0,L10-K10+N9,0))",-64.2776978543653,,,CACHE_PRESENT,YES_IF_CACHE_TRUSTED,Cached value available from GM extraction.
O10,"=IF(AND(G10=0,D10=0),0,IF(L10-K10+N9>0,L10-K10+N9,0))",0,,,CACHE_PRESENT,YES_IF_CACHE_TRUSTED,Cached value available from GM extraction.
P10,=O10+M10,25.0636332632546,,,CACHE_PRESENT,YES_IF_CACHE_TRUSTED,Cached value available from GM extraction.
Q10,=FLGT!D10,2.84749759201121,,FLGT,CACHE_PRESENT,YES_IF_CACHE_TRUSTED,Cached value available from GM extraction.
R10,"=IF(Q10=0,"""",IF(Q10<='Fiscal Terms_PIA'!$W$60,'Fiscal Terms_PIA'!$X$60,IF(AND(Q10>'Fiscal Terms_PIA'!$W$60,Q10<='Fiscal Terms_PIA'!$W$61),('Fiscal Terms_PIA'!$X$60*'Fiscal Terms_PIA'!$W$60+(Q10-'Fiscal Terms_PIA'!$W$60)*'Fiscal Terms_PIA'!$X$61)/Q10,IF(AND(Q10>'Fiscal Terms_PIA'!$W$61,Q10<='Fiscal Terms_PIA'!$W$62),('Fiscal Terms_PIA'!$X$60*'Fiscal Terms_PIA'!$W$60+'Fiscal Terms_PIA'!$X$61*('Fiscal Terms_PIA'!$W$61-'Fiscal Terms_PIA'!$W$60)+'Fiscal Terms_PIA'!$X$62*(Q10-'Fiscal Terms_PIA'!$W$61))/Q10,IF(AND(Q10>'Fiscal Terms_PIA'!$W$62,Q10<='Fiscal Terms_PIA'!$W$63),('Fiscal Terms_PIA'!$X$60*'Fiscal Terms_PIA'!$W$60+'Fiscal Terms_PIA'!$X$61*('Fiscal Terms_PIA'!$W$61-'Fiscal Terms_PIA'!$W$60)+'Fiscal Terms_PIA'!$X$62*('Fiscal Terms_PIA'!$W$62-'Fiscal Terms_PIA'!$W$61)+'Fiscal Terms_PIA'!$X$63*(Q10-'Fiscal Terms_PIA'!$W$62))/Q10,IF(AND(Q10>'Fiscal Terms_PIA'!$W$63,Q10<='Fiscal Terms_PIA'!$W$64),('Fiscal Terms_PIA'!$X$60*'Fiscal Terms_PIA'!$W$60+'Fiscal Terms_PIA'!$X$61*('Fiscal Terms_PIA'!$W$61-'Fiscal Terms_PIA'!$W$60)+'Fiscal Terms_PIA'!$X$62*('Fiscal Terms_PIA'!$W$62-'Fiscal Terms_PIA'!$W$61)+'Fiscal Terms_PIA'!$X$63*('Fiscal Terms_PIA'!$W$63-'Fiscal Terms_PIA'!$W$62)+'Fiscal Terms_PIA'!$X$64*(Q10-'Fiscal Terms_PIA'!$W$63))/Q10,'Fiscal Terms_PIA'!$X$65))))))",0.05,,Fiscal Terms_PIA,CACHE_PRESENT,YES_IF_CACHE_TRUSTED,Cached value available from GM extraction.
S10,"=IF(Q10=0,"""",100%-R10)",0.95,,,CACHE_PRESENT,YES_IF_CACHE_TRUSTED,Cached value available from GM extraction.
T10,"=IFERROR(S10*P10,0)",23.8104516000918,,,CACHE_PRESENT,YES_IF_CACHE_TRUSTED,Cached value available from GM extraction.
U10,"=IF(Ec_IO!$G$24=""PSC/SC"",(P10-T10),0)",0,,Ec_IO,CACHE_PRESENT,YES_IF_CACHE_TRUSTED,Cached value available from GM extraction.
A11,=FLGT!A11,2030,,FLGT,CACHE_PRESENT,YES_IF_CACHE_TRUSTED,Cached value available from GM extraction.
B11,=FLGT!W11,182.625,,FLGT,CACHE_PRESENT,YES_IF_CACHE_TRUSTED,Cached value available from GM extraction.
C11,=FLGT!X11,6.66610584817992,,FLGT,CACHE_PRESENT,YES_IF_CACHE_TRUSTED,Cached value available from GM extraction.
D11,=FLGT!Y11,189.29110584818,,FLGT,CACHE_PRESENT,YES_IF_CACHE_TRUSTED,Cached value available from GM extraction.
E11,=SUM(FLGT!AB11:AD11),11.5807151462045,,FLGT,CACHE_PRESENT,YES_IF_CACHE_TRUSTED,Cached value available from GM extraction.
F11,=FLGT!AE11+FLGT!AF11+FLGT!AG11+FLGT!AH11+FLGT!Z11,3.1416384941317,,FLGT,CACHE_PRESENT,YES_IF_CACHE_TRUSTED,Cached value available from GM extraction.
G11,=Cap_Allow!FP8,0,,Cap_Allow,CACHE_PRESENT,YES_IF_CACHE_TRUSTED,Cached value available from GM extraction.
H11,=Cap_Allow!GX8+Cap_Allow!HC8,28,,Cap_Allow,CACHE_PRESENT,YES_IF_CACHE_TRUSTED,Cached value available from GM extraction.
I11,=Cap_Allow!FI8,31.25,,Cap_Allow,CACHE_PRESENT,YES_IF_CACHE_TRUSTED,Cached value available from GM extraction.
J11,=CIT_NCF_Oil!Z11,0,,CIT_NCF_Oil,CACHE_PRESENT,YES_IF_CACHE_TRUSTED,Cached value available from GM extraction.
K11,=F11+H11+I11+G11+J11,62.3916384941317,,,CACHE_PRESENT,YES_IF_CACHE_TRUSTED,Cached value available from GM extraction.
L11,"=IF(Ec_IO!$G$22='Fiscal Terms_PIA'!$T$59,'Fiscal Terms_PIA'!$T$60*(D11-E11),'Fiscal Terms_PIA'!$U$60*(D11-E11))",124.397273491383,,Ec_IO | Fiscal Terms_PIA,CACHE_PRESENT,YES_IF_CACHE_TRUSTED,Cached value available from GM extraction.
M11,=D11-E11-L11,53.3131172105926,,,CACHE_PRESENT,YES_IF_CACHE_TRUSTED,Cached value available from GM extraction.
N11,"=IF(AND(G11=0,D11=0),0,IF(L11-K11+N10<0,L11-K11+N10,0))",-2.27206285711419,,,CACHE_PRESENT,YES_IF_CACHE_TRUSTED,Cached value available from GM extraction.
O11,"=IF(AND(G11=0,D11=0),0,IF(L11-K11+N10>0,L11-K11+N10,0))",0,,,CACHE_PRESENT,YES_IF_CACHE_TRUSTED,Cached value available from GM extraction.
P11,=O11+M11,53.3131172105926,,,CACHE_PRESENT,YES_IF_CACHE_TRUSTED,Cached value available from GM extraction.
Q11,=FLGT!D11,6.49999759201121,,FLGT,CACHE_PRESENT,YES_IF_CACHE_TRUSTED,Cached value available from GM extraction.
R11,"=IF(Q11=0,"""",IF(Q11<='Fiscal Terms_PIA'!$W$60,'Fiscal Terms_PIA'!$X$60,IF(AND(Q11>'Fiscal Terms_PIA'!$W$60,Q11<='Fiscal Terms_PIA'!$W$61),('Fiscal Terms_PIA'!$X$60*'Fiscal Terms_PIA'!$W$60+(Q11-'Fiscal Terms_PIA'!$W$60)*'Fiscal Terms_PIA'!$X$61)/Q11,IF(AND(Q11>'Fiscal Terms_PIA'!$W$61,Q11<='Fiscal Terms_PIA'!$W$62),('Fiscal Terms_PIA'!$X$60*'Fiscal Terms_PIA'!$W$60+'Fiscal Terms_PIA'!$X$61*('Fiscal Terms_PIA'!$W$61-'Fiscal Terms_PIA'!$W$60)+'Fiscal Terms_PIA'!$X$62*(Q11-'Fiscal Terms_PIA'!$W$61))/Q11,IF(AND(Q11>'Fiscal Terms_PIA'!$W$62,Q11<='Fiscal Terms_PIA'!$W$63),('Fiscal Terms_PIA'!$X$60*'Fiscal Terms_PIA'!$W$60+'Fiscal Terms_PIA'!$X$61*('Fiscal Terms_PIA'!$W$61-'Fiscal Terms_PIA'!$W$60)+'Fiscal Terms_PIA'!$X$62*('Fiscal Terms_PIA'!$W$62-'Fiscal Terms_PIA'!$W$61)+'Fiscal Terms_PIA'!$X$63*(Q11-'Fiscal Terms_PIA'!$W$62))/Q11,IF(AND(Q11>'Fiscal Terms_PIA'!$W$63,Q11<='Fiscal Terms_PIA'!$W$64),('Fiscal Terms_PIA'!$X$60*'Fiscal Terms_PIA'!$W$60+'Fiscal Terms_PIA'!$X$61*('Fiscal Terms_PIA'!$W$61-'Fiscal Terms_PIA'!$W$60)+'Fiscal Terms_PIA'!$X$62*('Fiscal Terms_PIA'!$W$62-'Fiscal Terms_PIA'!$W$61)+'Fiscal Terms_PIA'!$X$63*('Fiscal Terms_PIA'!$W$63-'Fiscal Terms_PIA'!$W$62)+'Fiscal Terms_PIA'!$X$64*(Q11-'Fiscal Terms_PIA'!$W$63))/Q11,'Fiscal Terms_PIA'!$X$65))))))",0.05,,Fiscal Terms_PIA,CACHE_PRESENT,YES_IF_CACHE_TRUSTED,Cached value available from GM extraction.
S11,"=IF(Q11=0,"""",100%-R11)",0.95,,,CACHE_PRESENT,YES_IF_CACHE_TRUSTED,Cached value available from GM extraction.
T11,"=IFERROR(S11*P11,0)",50.647461350063,,,CACHE_PRESENT,YES_IF_CACHE_TRUSTED,Cached value available from GM extraction.
U11,"=IF(Ec_IO!$G$24=""PSC/SC"",(P11-T11),0)",0,,Ec_IO,CACHE_PRESENT,YES_IF_CACHE_TRUSTED,Cached value available from GM extraction.
A12,=FLGT!A12,2031,,FLGT,CACHE_PRESENT,YES_IF_CACHE_TRUSTED,Cached value available from GM extraction.
B12,=FLGT!W12,182.625,,FLGT,CACHE_PRESENT,YES_IF_CACHE_TRUSTED,Cached value available from GM extraction.
C12,=FLGT!X12,9.5484,,FLGT,CACHE_PRESENT,YES_IF_CACHE_TRUSTED,Cached value available from GM extraction.
D12,=FLGT!Y12,192.1734,,FLGT,CACHE_PRESENT,YES_IF_CACHE_TRUSTED,Cached value available from GM extraction.
E12,=SUM(FLGT!AB12:AD12),11.6527725,,FLGT,CACHE_PRESENT,YES_IF_CACHE_TRUSTED,Cached value available from GM extraction.
F12,=FLGT!AE12+FLGT!AF12+FLGT!AG12+FLGT!AH12+FLGT!Z12,2.77614316411493,,FLGT,CACHE_PRESENT,YES_IF_CACHE_TRUSTED,Cached value available from GM extraction.
G12,=Cap_Allow!FP9,0,,Cap_Allow,CACHE_PRESENT,YES_IF_CACHE_TRUSTED,Cached value available from GM extraction.
H12,=Cap_Allow!GX9+Cap_Allow!HC9,28,,Cap_Allow,CACHE_PRESENT,YES_IF_CACHE_TRUSTED,Cached value available from GM extraction.
I12,=Cap_Allow!FI9,51.65,,Cap_Allow,CACHE_PRESENT,YES_IF_CACHE_TRUSTED,Cached value available from GM extraction.
J12,=CIT_NCF_Oil!Z12,0,,CIT_NCF_Oil,CACHE_PRESENT,YES_IF_CACHE_TRUSTED,Cached value available from GM extraction.
K12,=F12+H12+I12+G12+J12,82.4261431641149,,,CACHE_PRESENT,YES_IF_CACHE_TRUSTED,Cached value available from GM extraction.
L12,"=IF(Ec_IO!$G$22='Fiscal Terms_PIA'!$T$59,'Fiscal Terms_PIA'!$T$60*(D12-E12),'Fiscal Terms_PIA'!$U$60*(D12-E12))",126.36443925,,Ec_IO | Fiscal Terms_PIA,CACHE_PRESENT,YES_IF_CACHE_TRUSTED,Cached value available from GM extraction.
M12,=D12-E12-L12,54.15618825,,,CACHE_PRESENT,YES_IF_CACHE_TRUSTED,Cached value available from GM extraction.
N12,"=IF(AND(G12=0,D12=0),0,IF(L12-K12+N11<0,L12-K12+N11,0))",0,,,CACHE_PRESENT,YES_IF_CACHE_TRUSTED,Cached value available from GM extraction.
O12,"=IF(AND(G12=0,D12=0),0,IF(L12-K12+N11>0,L12-K12+N11,0))",41.6662332287709,,,CACHE_PRESENT,YES_IF_CACHE_TRUSTED,Cached value available from GM extraction.
P12,=O12+M12,95.8224214787709,,,CACHE_PRESENT,YES_IF_CACHE_TRUSTED,Cached value available from GM extraction.
Q12,=FLGT!D12,10.1524975920112,,FLGT,CACHE_PRESENT,YES_IF_CACHE_TRUSTED,Cached value available from GM extraction.
R12,"=IF(Q12=0,"""",IF(Q12<='Fiscal Terms_PIA'!$W$60,'Fiscal Terms_PIA'!$X$60,IF(AND(Q12>'Fiscal Terms_PIA'!$W$60,Q12<='Fiscal Terms_PIA'!$W$61),('Fiscal Terms_PIA'!$X$60*'Fiscal Terms_PIA'!$W$60+(Q12-'Fiscal Terms_PIA'!$W$60)*'Fiscal Terms_PIA'!$X$61)/Q12,IF(AND(Q12>'Fiscal Terms_PIA'!$W$61,Q12<='Fiscal Terms_PIA'!$W$62),('Fiscal Terms_PIA'!$X$60*'Fiscal Terms_PIA'!$W$60+'Fiscal Terms_PIA'!$X$61*('Fiscal Terms_PIA'!$W$61-'Fiscal Terms_PIA'!$W$60)+'Fiscal Terms_PIA'!$X$62*(Q12-'Fiscal Terms_PIA'!$W$61))/Q12,IF(AND(Q12>'Fiscal Terms_PIA'!$W$62,Q12<='Fiscal Terms_PIA'!$W$63),('Fiscal Terms_PIA'!$X$60*'Fiscal Terms_PIA'!$W$60+'Fiscal Terms_PIA'!$X$61*('Fiscal Terms_PIA'!$W$61-'Fiscal Terms_PIA'!$W$60)+'Fiscal Terms_PIA'!$X$62*('Fiscal Terms_PIA'!$W$62-'Fiscal Terms_PIA'!$W$61)+'Fiscal Terms_PIA'!$X$63*(Q12-'Fiscal Terms_PIA'!$W$62))/Q12,IF(AND(Q12>'Fiscal Terms_PIA'!$W$63,Q12<='Fiscal Terms_PIA'!$W$64),('Fiscal Terms_PIA'!$X$60*'Fiscal Terms_PIA'!$W$60+'Fiscal Terms_PIA'!$X$61*('Fiscal Terms_PIA'!$W$61-'Fiscal Terms_PIA'!$W$60)+'Fiscal Terms_PIA'!$X$62*('Fiscal Terms_PIA'!$W$62-'Fiscal Terms_PIA'!$W$61)+'Fiscal Terms_PIA'!$X$63*('Fiscal Terms_PIA'!$W$63-'Fiscal Terms_PIA'!$W$62)+'Fiscal Terms_PIA'!$X$64*(Q12-'Fiscal Terms_PIA'!$W$63))/Q12,'Fiscal Terms_PIA'!$X$65))))))",0.05,,Fiscal Terms_PIA,CACHE_PRESENT,YES_IF_CACHE_TRUSTED,Cached value available from GM extraction.
S12,"=IF(Q12=0,"""",100%-R12)",0.95,,,CACHE_PRESENT,YES_IF_CACHE_TRUSTED,Cached value available from GM extraction.
T12,"=IFERROR(S12*P12,0)",91.0313004048323,,,CACHE_PRESENT,YES_IF_CACHE_TRUSTED,Cached value available from GM extraction.
U12,"=IF(Ec_IO!$G$24=""PSC/SC"",(P12-T12),0)",0,,Ec_IO,CACHE_PRESENT,YES_IF_CACHE_TRUSTED,Cached value available from GM extraction.
A13,=FLGT!A13,2032,,FLGT,CACHE_PRESENT,YES_IF_CACHE_TRUSTED,Cached value available from GM extraction.
B13,=FLGT!W13,142.141523592523,,FLGT,CACHE_PRESENT,YES_IF_CACHE_TRUSTED,Cached value available from GM extraction.
C13,=FLGT!X13,8.44591866326895,,FLGT,CACHE_PRESENT,YES_IF_CACHE_TRUSTED,Cached value available from GM extraction.
D13,=FLGT!Y13,150.587442255791,,FLGT,CACHE_PRESENT,YES_IF_CACHE_TRUSTED,Cached value available from GM extraction.
E13,=SUM(FLGT!AB13:AD13),8.58894973602091,,FLGT,CACHE_PRESENT,YES_IF_CACHE_TRUSTED,Cached value available from GM extraction.
F13,=FLGT!AE13+FLGT!AF13+FLGT!AG13+FLGT!AH13+FLGT!Z13,3.36313790281727,,FLGT,CACHE_PRESENT,YES_IF_CACHE_TRUSTED,Cached value available from GM extraction.
G13,=Cap_Allow!FP10,0,,Cap_Allow,CACHE_PRESENT,YES_IF_CACHE_TRUSTED,Cached value available from GM extraction.
H13,=Cap_Allow!GX10+Cap_Allow!HC10,28,,Cap_Allow,CACHE_PRESENT,YES_IF_CACHE_TRUSTED,Cached value available from GM extraction.
I13,=Cap_Allow!FI10,50.8164912900778,,Cap_Allow,CACHE_PRESENT,YES_IF_CACHE_TRUSTED,Cached value available from GM extraction.
J13,=CIT_NCF_Oil!Z13,0,,CIT_NCF_Oil,CACHE_PRESENT,YES_IF_CACHE_TRUSTED,Cached value available from GM extraction.
K13,=F13+H13+I13+G13+J13,82.179629192895,,,CACHE_PRESENT,YES_IF_CACHE_TRUSTED,Cached value available from GM extraction.
L13,"=IF(Ec_IO!$G$22='Fiscal Terms_PIA'!$T$59,'Fiscal Terms_PIA'!$T$60*(D13-E13),'Fiscal Terms_PIA'!$U$60*(D13-E13))",99.3989447638394,,Ec_IO | Fiscal Terms_PIA,CACHE_PRESENT,YES_IF_CACHE_TRUSTED,Cached value available from GM extraction.
M13,=D13-E13-L13,42.5995477559312,,,CACHE_PRESENT,YES_IF_CACHE_TRUSTED,Cached value available from GM extraction.
N13,"=IF(AND(G13=0,D13=0),0,IF(L13-K13+N12<0,L13-K13+N12,0))",0,,,CACHE_PRESENT,YES_IF_CACHE_TRUSTED,Cached value available from GM extraction.
O13,"=IF(AND(G13=0,D13=0),0,IF(L13-K13+N12>0,L13-K13+N12,0))",17.2193155709443,,,CACHE_PRESENT,YES_IF_CACHE_TRUSTED,Cached value available from GM extraction.
P13,=O13+M13,59.8188633268755,,,CACHE_PRESENT,YES_IF_CACHE_TRUSTED,Cached value available from GM extraction.
Q13,=FLGT!D13,12.9953280638617,,FLGT,CACHE_PRESENT,YES_IF_CACHE_TRUSTED,Cached value available from GM extraction.
R13,"=IF(Q13=0,"""",IF(Q13<='Fiscal Terms_PIA'!$W$60,'Fiscal Terms_PIA'!$X$60,IF(AND(Q13>'Fiscal Terms_PIA'!$W$60,Q13<='Fiscal Terms_PIA'!$W$61),('Fiscal Terms_PIA'!$X$60*'Fiscal Terms_PIA'!$W$60+(Q13-'Fiscal Terms_PIA'!$W$60)*'Fiscal Terms_PIA'!$X$61)/Q13,IF(AND(Q13>'Fiscal Terms_PIA'!$W$61,Q13<='Fiscal Terms_PIA'!$W$62),('Fiscal Terms_PIA'!$X$60*'Fiscal Terms_PIA'!$W$60+'Fiscal Terms_PIA'!$X$61*('Fiscal Terms_PIA'!$W$61-'Fiscal Terms_PIA'!$W$60)+'Fiscal Terms_PIA'!$X$62*(Q13-'Fiscal Terms_PIA'!$W$61))/Q13,IF(AND(Q13>'Fiscal Terms_PIA'!$W$62,Q13<='Fiscal Terms_PIA'!$W$63),('Fiscal Terms_PIA'!$X$60*'Fiscal Terms_PIA'!$W$60+'Fiscal Terms_PIA'!$X$61*('Fiscal Terms_PIA'!$W$61-'Fiscal Terms_PIA'!$W$60)+'Fiscal Terms_PIA'!$X$62*('Fiscal Terms_PIA'!$W$62-'Fiscal Terms_PIA'!$W$61)+'Fiscal Terms_PIA'!$X$63*(Q13-'Fiscal Terms_PIA'!$W$62))/Q13,IF(AND(Q13>'Fiscal Terms_PIA'!$W$63,Q13<='Fiscal Terms_PIA'!$W$64),('Fiscal Terms_PIA'!$X$60*'Fiscal Terms_PIA'!$W$60+'Fiscal Terms_PIA'!$X$61*('Fiscal Terms_PIA'!$W$61-'Fiscal Terms_PIA'!$W$60)+'Fiscal Terms_PIA'!$X$62*('Fiscal Terms_PIA'!$W$62-'Fiscal Terms_PIA'!$W$61)+'Fiscal Terms_PIA'!$X$63*('Fiscal Terms_PIA'!$W$63-'Fiscal Terms_PIA'!$W$62)+'Fiscal Terms_PIA'!$X$64*(Q13-'Fiscal Terms_PIA'!$W$63))/Q13,'Fiscal Terms_PIA'!$X$65))))))",0.05,,Fiscal Terms_PIA,CACHE_PRESENT,YES_IF_CACHE_TRUSTED,Cached value available from GM extraction.
S13,"=IF(Q13=0,"""",100%-R13)",0.95,,,CACHE_PRESENT,YES_IF_CACHE_TRUSTED,Cached value available from GM extraction.
T13,"=IFERROR(S13*P13,0)",56.8279201605317,,,CACHE_PRESENT,YES_IF_CACHE_TRUSTED,Cached value available from GM extraction.
U13,"=IF(Ec_IO!$G$24=""PSC/SC"",(P13-T13),0)",0,,Ec_IO,CACHE_PRESENT,YES_IF_CACHE_TRUSTED,Cached value available from GM extraction.
A14,=FLGT!A14,2033,,FLGT,CACHE_PRESENT,YES_IF_CACHE_TRUSTED,Cached value available from GM extraction.
B14,=FLGT!W14,110.632239448069,,FLGT,CACHE_PRESENT,YES_IF_CACHE_TRUSTED,Cached value available from GM extraction.
C14,=FLGT!X14,6.57366596542406,,FLGT,CACHE_PRESENT,YES_IF_CACHE_TRUSTED,Cached value available from GM extraction.
D14,=FLGT!Y14,117.205905413493,,FLGT,CACHE_PRESENT,YES_IF_CACHE_TRUSTED,Cached value available from GM extraction.
E14,=SUM(FLGT!AB14:AD14),6.17894710774079,,FLGT,CACHE_PRESENT,YES_IF_CACHE_TRUSTED,Cached value available from GM extraction.
F14,=FLGT!AE14+FLGT!AF14+FLGT!AG14+FLGT!AH14+FLGT!Z14,2.89261137944337,,FLGT,CACHE_PRESENT,YES_IF_CACHE_TRUSTED,Cached value available from GM extraction.
G14,=Cap_Allow!FP11,0,,Cap_Allow,CACHE_PRESENT,YES_IF_CACHE_TRUSTED,Cached value available from GM extraction.
H14,=Cap_Allow!GX11+Cap_Allow!HC11,12,,Cap_Allow,CACHE_PRESENT,YES_IF_CACHE_TRUSTED,Cached value available from GM extraction.
I14,=Cap_Allow!FI11,35.9657825542033,,Cap_Allow,CACHE_PRESENT,YES_IF_CACHE_TRUSTED,Cached value available from GM extraction.
J14,=CIT_NCF_Oil!Z14,0,,CIT_NCF_Oil,CACHE_PRESENT,YES_IF_CACHE_TRUSTED,Cached value available from GM extraction.
K14,=F14+H14+I14+G14+J14,50.8583939336467,,,CACHE_PRESENT,YES_IF_CACHE_TRUSTED,Cached value available from GM extraction.
L14,"=IF(Ec_IO!$G$22='Fiscal Terms_PIA'!$T$59,'Fiscal Terms_PIA'!$T$60*(D14-E14),'Fiscal Terms_PIA'!$U$60*(D14-E14))",77.7188708140267,,Ec_IO | Fiscal Terms_PIA,CACHE_PRESENT,YES_IF_CACHE_TRUSTED,Cached value available from GM extraction.
M14,=D14-E14-L14,33.3080874917257,,,CACHE_PRESENT,YES_IF_CACHE_TRUSTED,Cached value available from GM extraction.
N14,"=IF(AND(G14=0,D14=0),0,IF(L14-K14+N13<0,L14-K14+N13,0))",0,,,CACHE_PRESENT,YES_IF_CACHE_TRUSTED,Cached value available from GM extraction.
O14,"=IF(AND(G14=0,D14=0),0,IF(L14-K14+N13>0,L14-K14+N13,0))",26.86047688038,,,CACHE_PRESENT,YES_IF_CACHE_TRUSTED,Cached value available from GM extraction.
P14,=O14+M14,60.1685643721057,,,CACHE_PRESENT,YES_IF_CACHE_TRUSTED,Cached value available from GM extraction.
Q14,=FLGT!D14,15.207972852823,,FLGT,CACHE_PRESENT,YES_IF_CACHE_TRUSTED,Cached value available from GM extraction.
R14,"=IF(Q14=0,"""",IF(Q14<='Fiscal Terms_PIA'!$W$60,'Fiscal Terms_PIA'!$X$60,IF(AND(Q14>'Fiscal Terms_PIA'!$W$60,Q14<='Fiscal Terms_PIA'!$W$61),('Fiscal Terms_PIA'!$X$60*'Fiscal Terms_PIA'!$W$60+(Q14-'Fiscal Terms_PIA'!$W$60)*'Fiscal Terms_PIA'!$X$61)/Q14,IF(AND(Q14>'Fiscal Terms_PIA'!$W$61,Q14<='Fiscal Terms_PIA'!$W$62),('Fiscal Terms_PIA'!$X$60*'Fiscal Terms_PIA'!$W$60+'Fiscal Terms_PIA'!$X$61*('Fiscal Terms_PIA'!$W$61-'Fiscal Terms_PIA'!$W$60)+'Fiscal Terms_PIA'!$X$62*(Q14-'Fiscal Terms_PIA'!$W$61))/Q14,IF(AND(Q14>'Fiscal Terms_PIA'!$W$62,Q14<='Fiscal Terms_PIA'!$W$63),('Fiscal Terms_PIA'!$X$60*'Fiscal Terms_PIA'!$W$60+'Fiscal Terms_PIA'!$X$61*('Fiscal Terms_PIA'!$W$61-'Fiscal Terms_PIA'!$W$60)+'Fiscal Terms_PIA'!$X$62*('Fiscal Terms_PIA'!$W$62-'Fiscal Terms_PIA'!$W$61)+'Fiscal Terms_PIA'!$X$63*(Q14-'Fiscal Terms_PIA'!$W$62))/Q14,IF(AND(Q14>'Fiscal Terms_PIA'!$W$63,Q14<='Fiscal Terms_PIA'!$W$64),('Fiscal Terms_PIA'!$X$60*'Fiscal Terms_PIA'!$W$60+'Fiscal Terms_PIA'!$X$61*('Fiscal Terms_PIA'!$W$61-'Fiscal Terms_PIA'!$W$60)+'Fiscal Terms_PIA'!$X$62*('Fiscal Terms_PIA'!$W$62-'Fiscal Terms_PIA'!$W$61)+'Fiscal Terms_PIA'!$X$63*('Fiscal Terms_PIA'!$W$63-'Fiscal Terms_PIA'!$W$62)+'Fiscal Terms_PIA'!$X$64*(Q14-'Fiscal Terms_PIA'!$W$63))/Q14,'Fiscal Terms_PIA'!$X$65))))))",0.05,,Fiscal Terms_PIA,CACHE_PRESENT,YES_IF_CACHE_TRUSTED,Cached value available from GM extraction.
S14,"=IF(Q14=0,"""",100%-R14)",0.95,,,CACHE_PRESENT,YES_IF_CACHE_TRUSTED,Cached value available from GM extraction.
T14,"=IFERROR(S14*P14,0)",57.1601361535004,,,CACHE_PRESENT,YES_IF_CACHE_TRUSTED,Cached value available from GM extraction.
U14,"=IF(Ec_IO!$G$24=""PSC/SC"",(P14-T14),0)",0,,Ec_IO,CACHE_PRESENT,YES_IF_CACHE_TRUSTED,Cached value available from GM extraction.
A15,=FLGT!A15,2034,,FLGT,CACHE_PRESENT,YES_IF_CACHE_TRUSTED,Cached value available from GM extraction.
B15,=FLGT!W15,86.1077895885083,,FLGT,CACHE_PRESENT,YES_IF_CACHE_TRUSTED,Cached value available from GM extraction.
C15,=FLGT!X15,5.11644569973271,,FLGT,CACHE_PRESENT,YES_IF_CACHE_TRUSTED,Cached value available from GM extraction.
D15,=FLGT!Y15,91.224235288241,,FLGT,CACHE_PRESENT,YES_IF_CACHE_TRUSTED,Cached value available from GM extraction.
E15,=SUM(FLGT!AB15:AD15),4.43330062191873,,FLGT,CACHE_PRESENT,YES_IF_CACHE_TRUSTED,Cached value available from GM extraction.
F15,=FLGT!AE15+FLGT!AF15+FLGT!AG15+FLGT!AH15+FLGT!Z15,1.93451697614476,,FLGT,CACHE_PRESENT,YES_IF_CACHE_TRUSTED,Cached value available from GM extraction.
G15,=Cap_Allow!FP12,0,,Cap_Allow,CACHE_PRESENT,YES_IF_CACHE_TRUSTED,Cached value available from GM extraction.
H15,=Cap_Allow!GX12+Cap_Allow!HC12,5,,Cap_Allow,CACHE_PRESENT,YES_IF_CACHE_TRUSTED,Cached value available from GM extraction.
I15,=Cap_Allow!FI12,18.8800111801241,,Cap_Allow,CACHE_PRESENT,YES_IF_CACHE_TRUSTED,Cached value available from GM extraction.
J15,=CIT_NCF_Oil!Z15,0,,CIT_NCF_Oil,CACHE_PRESENT,YES_IF_CACHE_TRUSTED,Cached value available from GM extraction.
K15,=F15+H15+I15+G15+J15,25.8145281562689,,,CACHE_PRESENT,YES_IF_CACHE_TRUSTED,Cached value available from GM extraction.
L15,"=IF(Ec_IO!$G$22='Fiscal Terms_PIA'!$T$59,'Fiscal Terms_PIA'!$T$60*(D15-E15),'Fiscal Terms_PIA'!$U$60*(D15-E15))",60.7536542664256,,Ec_IO | Fiscal Terms_PIA,CACHE_PRESENT,YES_IF_CACHE_TRUSTED,Cached value available from GM extraction.
M15,=D15-E15-L15,26.0372803998967,,,CACHE_PRESENT,YES_IF_CACHE_TRUSTED,Cached value available from GM extraction.
N15,"=IF(AND(G15=0,D15=0),0,IF(L15-K15+N14<0,L15-K15+N14,0))",0,,,CACHE_PRESENT,YES_IF_CACHE_TRUSTED,Cached value available from GM extraction.
O15,"=IF(AND(G15=0,D15=0),0,IF(L15-K15+N14>0,L15-K15+N14,0))",34.9391261101567,,,CACHE_PRESENT,YES_IF_CACHE_TRUSTED,Cached value available from GM extraction.
P15,=O15+M15,60.9764065100534,,,CACHE_PRESENT,YES_IF_CACHE_TRUSTED,Cached value available from GM extraction.
Q15,=FLGT!D15,16.9301286445932,,FLGT,CACHE_PRESENT,YES_IF_CACHE_TRUSTED,Cached value available from GM extraction.
R15,"=IF(Q15=0,"""",IF(Q15<='Fiscal Terms_PIA'!$W$60,'Fiscal Terms_PIA'!$X$60,IF(AND(Q15>'Fiscal Terms_PIA'!$W$60,Q15<='Fiscal Terms_PIA'!$W$61),('Fiscal Terms_PIA'!$X$60*'Fiscal Terms_PIA'!$W$60+(Q15-'Fiscal Terms_PIA'!$W$60)*'Fiscal Terms_PIA'!$X$61)/Q15,IF(AND(Q15>'Fiscal Terms_PIA'!$W$61,Q15<='Fiscal Terms_PIA'!$W$62),('Fiscal Terms_PIA'!$X$60*'Fiscal Terms_PIA'!$W$60+'Fiscal Terms_PIA'!$X$61*('Fiscal Terms_PIA'!$W$61-'Fiscal Terms_PIA'!$W$60)+'Fiscal Terms_PIA'!$X$62*(Q15-'Fiscal Terms_PIA'!$W$61))/Q15,IF(AND(Q15>'Fiscal Terms_PIA'!$W$62,Q15<='Fiscal Terms_PIA'!$W$63),('Fiscal Terms_PIA'!$X$60*'Fiscal Terms_PIA'!$W$60+'Fiscal Terms_PIA'!$X$61*('Fiscal Terms_PIA'!$W$61-'Fiscal Terms_PIA'!$W$60)+'Fiscal Terms_PIA'!$X$62*('Fiscal Terms_PIA'!$W$62-'Fiscal Terms_PIA'!$W$61)+'Fiscal Terms_PIA'!$X$63*(Q15-'Fiscal Terms_PIA'!$W$62))/Q15,IF(AND(Q15>'Fiscal Terms_PIA'!$W$63,Q15<='Fiscal Terms_PIA'!$W$64),('Fiscal Terms_PIA'!$X$60*'Fiscal Terms_PIA'!$W$60+'Fiscal Terms_PIA'!$X$61*('Fiscal Terms_PIA'!$W$61-'Fiscal Terms_PIA'!$W$60)+'Fiscal Terms_PIA'!$X$62*('Fiscal Terms_PIA'!$W$62-'Fiscal Terms_PIA'!$W$61)+'Fiscal Terms_PIA'!$X$63*('Fiscal Terms_PIA'!$W$63-'Fiscal Terms_PIA'!$W$62)+'Fiscal Terms_PIA'!$X$64*(Q15-'Fiscal Terms_PIA'!$W$63))/Q15,'Fiscal Terms_PIA'!$X$65))))))",0.05,,Fiscal Terms_PIA,CACHE_PRESENT,YES_IF_CACHE_TRUSTED,Cached value available from GM extraction.
S15,"=IF(Q15=0,"""",100%-R15)",0.95,,,CACHE_PRESENT,YES_IF_CACHE_TRUSTED,Cached value available from GM extraction.
T15,"=IFERROR(S15*P15,0)",57.9275861845507,,,CACHE_PRESENT,YES_IF_CACHE_TRUSTED,Cached value available from GM extraction.
U15,"=IF(Ec_IO!$G$24=""PSC/SC"",(P15-T15),0)",0,,Ec_IO,CACHE_PRESENT,YES_IF_CACHE_TRUSTED,Cached value available from GM extraction.
A16,=FLGT!A16,2035,,FLGT,CACHE_PRESENT,YES_IF_CACHE_TRUSTED,Cached value available from GM extraction.
B16,=FLGT!W16,67.0198078318681,,FLGT,CACHE_PRESENT,YES_IF_CACHE_TRUSTED,Cached value available from GM extraction.
C16,=FLGT!X16,3.98225537105225,,FLGT,CACHE_PRESENT,YES_IF_CACHE_TRUSTED,Cached value available from GM extraction.
D16,=FLGT!Y16,71.0020632029203,,FLGT,CACHE_PRESENT,YES_IF_CACHE_TRUSTED,Cached value available from GM extraction.
E16,=SUM(FLGT!AB16:AD16),3.45054677586971,,FLGT,CACHE_PRESENT,YES_IF_CACHE_TRUSTED,Cached value available from GM extraction.
F16,=FLGT!AE16+FLGT!AF16+FLGT!AG16+FLGT!AH16+FLGT!Z16,1.35923177986976,,FLGT,CACHE_PRESENT,YES_IF_CACHE_TRUSTED,Cached value available from GM extraction.
G16,=Cap_Allow!FP13,0,,Cap_Allow,CACHE_PRESENT,YES_IF_CACHE_TRUSTED,Cached value available from GM extraction.
H16,=Cap_Allow!GX13+Cap_Allow!HC13,0,,Cap_Allow,CACHE_PRESENT,YES_IF_CACHE_TRUSTED,Cached value available from GM extraction.
I16,=Cap_Allow!FI13,16.7896093450369,,Cap_Allow,CACHE_PRESENT,YES_IF_CACHE_TRUSTED,Cached value available from GM extraction.
J16,=CIT_NCF_Oil!Z16,0,,CIT_NCF_Oil,CACHE_PRESENT,YES_IF_CACHE_TRUSTED,Cached value available from GM extraction.
K16,=F16+H16+I16+G16+J16,18.1488411249067,,,CACHE_PRESENT,YES_IF_CACHE_TRUSTED,Cached value available from GM extraction.
L16,"=IF(Ec_IO!$G$22='Fiscal Terms_PIA'!$T$59,'Fiscal Terms_PIA'!$T$60*(D16-E16),'Fiscal Terms_PIA'!$U$60*(D16-E16))",47.2860614989354,,Ec_IO | Fiscal Terms_PIA,CACHE_PRESENT,YES_IF_CACHE_TRUSTED,Cached value available from GM extraction.
M16,=D16-E16-L16,20.2654549281152,,,CACHE_PRESENT,YES_IF_CACHE_TRUSTED,Cached value available from GM extraction.
N16,"=IF(AND(G16=0,D16=0),0,IF(L16-K16+N15<0,L16-K16+N15,0))",0,,,CACHE_PRESENT,YES_IF_CACHE_TRUSTED,Cached value available from GM extraction.
O16,"=IF(AND(G16=0,D16=0),0,IF(L16-K16+N15>0,L16-K16+N15,0))",29.1372203740288,,,CACHE_PRESENT,YES_IF_CACHE_TRUSTED,Cached value available from GM extraction.
P16,=O16+M16,49.402675302144,,,CACHE_PRESENT,YES_IF_CACHE_TRUSTED,Cached value available from GM extraction.
Q16,=FLGT!D16,18.2705248012306,,FLGT,CACHE_PRESENT,YES_IF_CACHE_TRUSTED,Cached value available from GM extraction.
R16,"=IF(Q16=0,"""",IF(Q16<='Fiscal Terms_PIA'!$W$60,'Fiscal Terms_PIA'!$X$60,IF(AND(Q16>'Fiscal Terms_PIA'!$W$60,Q16<='Fiscal Terms_PIA'!$W$61),('Fiscal Terms_PIA'!$X$60*'Fiscal Terms_PIA'!$W$60+(Q16-'Fiscal Terms_PIA'!$W$60)*'Fiscal Terms_PIA'!$X$61)/Q16,IF(AND(Q16>'Fiscal Terms_PIA'!$W$61,Q16<='Fiscal Terms_PIA'!$W$62),('Fiscal Terms_PIA'!$X$60*'Fiscal Terms_PIA'!$W$60+'Fiscal Terms_PIA'!$X$61*('Fiscal Terms_PIA'!$W$61-'Fiscal Terms_PIA'!$W$60)+'Fiscal Terms_PIA'!$X$62*(Q16-'Fiscal Terms_PIA'!$W$61))/Q16,IF(AND(Q16>'Fiscal Terms_PIA'!$W$62,Q16<='Fiscal Terms_PIA'!$W$63),('Fiscal Terms_PIA'!$X$60*'Fiscal Terms_PIA'!$W$60+'Fiscal Terms_PIA'!$X$61*('Fiscal Terms_PIA'!$W$61-'Fiscal Terms_PIA'!$W$60)+'Fiscal Terms_PIA'!$X$62*('Fiscal Terms_PIA'!$W$62-'Fiscal Terms_PIA'!$W$61)+'Fiscal Terms_PIA'!$X$63*(Q16-'Fiscal Terms_PIA'!$W$62))/Q16,IF(AND(Q16>'Fiscal Terms_PIA'!$W$63,Q16<='Fiscal Terms_PIA'!$W$64),('Fiscal Terms_PIA'!$X$60*'Fiscal Terms_PIA'!$W$60+'Fiscal Terms_PIA'!$X$61*('Fiscal Terms_PIA'!$W$61-'Fiscal Terms_PIA'!$W$60)+'Fiscal Terms_PIA'!$X$62*('Fiscal Terms_PIA'!$W$62-'Fiscal Terms_PIA'!$W$61)+'Fiscal Terms_PIA'!$X$63*('Fiscal Terms_PIA'!$W$63-'Fiscal Terms_PIA'!$W$62)+'Fiscal Terms_PIA'!$X$64*(Q16-'Fiscal Terms_PIA'!$W$63))/Q16,'Fiscal Terms_PIA'!$X$65))))))",0.05,,Fiscal Terms_PIA,CACHE_PRESENT,YES_IF_CACHE_TRUSTED,Cached value available from GM extraction.
S16,"=IF(Q16=0,"""",100%-R16)",0.95,,,CACHE_PRESENT,YES_IF_CACHE_TRUSTED,Cached value available from GM extraction.
T16,"=IFERROR(S16*P16,0)",46.9325415370368,,,CACHE_PRESENT,YES_IF_CACHE_TRUSTED,Cached value available from GM extraction.
U16,"=IF(Ec_IO!$G$24=""PSC/SC"",(P16-T16),0)",0,,Ec_IO,CACHE_PRESENT,YES_IF_CACHE_TRUSTED,Cached value available from GM extraction.
A17,=FLGT!A17,2036,,FLGT,CACHE_PRESENT,YES_IF_CACHE_TRUSTED,Cached value available from GM extraction.
B17,=FLGT!W17,52.163162743873,,FLGT,CACHE_PRESENT,YES_IF_CACHE_TRUSTED,Cached value available from GM extraction.
C17,=FLGT!X17,3.09948717741751,,FLGT,CACHE_PRESENT,YES_IF_CACHE_TRUSTED,Cached value available from GM extraction.
D17,=FLGT!Y17,55.2626499212905,,FLGT,CACHE_PRESENT,YES_IF_CACHE_TRUSTED,Cached value available from GM extraction.
E17,=SUM(FLGT!AB17:AD17),2.68564531662909,,FLGT,CACHE_PRESENT,YES_IF_CACHE_TRUSTED,Cached value available from GM extraction.
F17,=FLGT!AE17+FLGT!AF17+FLGT!AG17+FLGT!AH17+FLGT!Z17,1.24770939187917,,FLGT,CACHE_PRESENT,YES_IF_CACHE_TRUSTED,Cached value available from GM extraction.
G17,=Cap_Allow!FP14,0,,Cap_Allow,CACHE_PRESENT,YES_IF_CACHE_TRUSTED,Cached value available from GM extraction.
H17,=Cap_Allow!GX14+Cap_Allow!HC14,0,,Cap_Allow,CACHE_PRESENT,YES_IF_CACHE_TRUSTED,Cached value available from GM extraction.
I17,=Cap_Allow!FI14,15.1625982471045,,Cap_Allow,CACHE_PRESENT,YES_IF_CACHE_TRUSTED,Cached value available from GM extraction.
J17,=CIT_NCF_Oil!Z17,0,,CIT_NCF_Oil,CACHE_PRESENT,YES_IF_CACHE_TRUSTED,Cached value available from GM extraction.
K17,=F17+H17+I17+G17+J17,16.4103076389837,,,CACHE_PRESENT,YES_IF_CACHE_TRUSTED,Cached value available from GM extraction.
L17,"=IF(Ec_IO!$G$22='Fiscal Terms_PIA'!$T$59,'Fiscal Terms_PIA'!$T$60*(D17-E17),'Fiscal Terms_PIA'!$U$60*(D17-E17))",36.803903223263,,Ec_IO | Fiscal Terms_PIA,CACHE_PRESENT,YES_IF_CACHE_TRUSTED,Cached value available from GM extraction.
M17,=D17-E17-L17,15.7731013813984,,,CACHE_PRESENT,YES_IF_CACHE_TRUSTED,Cached value available from GM extraction.
N17,"=IF(AND(G17=0,D17=0),0,IF(L17-K17+N16<0,L17-K17+N16,0))",0,,,CACHE_PRESENT,YES_IF_CACHE_TRUSTED,Cached value available from GM extraction.
O17,"=IF(AND(G17=0,D17=0),0,IF(L17-K17+N16>0,L17-K17+N16,0))",20.3935955842793,,,CACHE_PRESENT,YES_IF_CACHE_TRUSTED,Cached value available from GM extraction.
P17,=O17+M17,36.1666969656777,,,CACHE_PRESENT,YES_IF_CACHE_TRUSTED,Cached value available from GM extraction.
Q17,=FLGT!D17,19.313788056108,,FLGT,CACHE_PRESENT,YES_IF_CACHE_TRUSTED,Cached value available from GM extraction.
R17,"=IF(Q17=0,"""",IF(Q17<='Fiscal Terms_PIA'!$W$60,'Fiscal Terms_PIA'!$X$60,IF(AND(Q17>'Fiscal Terms_PIA'!$W$60,Q17<='Fiscal Terms_PIA'!$W$61),('Fiscal Terms_PIA'!$X$60*'Fiscal Terms_PIA'!$W$60+(Q17-'Fiscal Terms_PIA'!$W$60)*'Fiscal Terms_PIA'!$X$61)/Q17,IF(AND(Q17>'Fiscal Terms_PIA'!$W$61,Q17<='Fiscal Terms_PIA'!$W$62),('Fiscal Terms_PIA'!$X$60*'Fiscal Terms_PIA'!$W$60+'Fiscal Terms_PIA'!$X$61*('Fiscal Terms_PIA'!$W$61-'Fiscal Terms_PIA'!$W$60)+'Fiscal Terms_PIA'!$X$62*(Q17-'Fiscal Terms_PIA'!$W$61))/Q17,IF(AND(Q17>'Fiscal Terms_PIA'!$W$62,Q17<='Fiscal Terms_PIA'!$W$63),('Fiscal Terms_PIA'!$X$60*'Fiscal Terms_PIA'!$W$60+'Fiscal Terms_PIA'!$X$61*('Fiscal Terms_PIA'!$W$61-'Fiscal Terms_PIA'!$W$60)+'Fiscal Terms_PIA'!$X$62*('Fiscal Terms_PIA'!$W$62-'Fiscal Terms_PIA'!$W$61)+'Fiscal Terms_PIA'!$X$63*(Q17-'Fiscal Terms_PIA'!$W$62))/Q17,IF(AND(Q17>'Fiscal Terms_PIA'!$W$63,Q17<='Fiscal Terms_PIA'!$W$64),('Fiscal Terms_PIA'!$X$60*'Fiscal Terms_PIA'!$W$60+'Fiscal Terms_PIA'!$X$61*('Fiscal Terms_PIA'!$W$61-'Fiscal Terms_PIA'!$W$60)+'Fiscal Terms_PIA'!$X$62*('Fiscal Terms_PIA'!$W$62-'Fiscal Terms_PIA'!$W$61)+'Fiscal Terms_PIA'!$X$63*('Fiscal Terms_PIA'!$W$63-'Fiscal Terms_PIA'!$W$62)+'Fiscal Terms_PIA'!$X$64*(Q17-'Fiscal Terms_PIA'!$W$63))/Q17,'Fiscal Terms_PIA'!$X$65))))))",0.05,,Fiscal Terms_PIA,CACHE_PRESENT,YES_IF_CACHE_TRUSTED,Cached value available from GM extraction.
S17,"=IF(Q17=0,"""",100%-R17)",0.95,,,CACHE_PRESENT,YES_IF_CACHE_TRUSTED,Cached value available from GM extraction.
T17,"=IFERROR(S17*P17,0)",34.3583621173939,,,CACHE_PRESENT,YES_IF_CACHE_TRUSTED,Cached value available from GM extraction.
U17,"=IF(Ec_IO!$G$24=""PSC/SC"",(P17-T17),0)",0,,Ec_IO,CACHE_PRESENT,YES_IF_CACHE_TRUSTED,Cached value available from GM extraction.
A18,=FLGT!A18,2037,,FLGT,CACHE_PRESENT,YES_IF_CACHE_TRUSTED,Cached value available from GM extraction.
B18,=FLGT!W18,40.5998709257704,,FLGT,CACHE_PRESENT,YES_IF_CACHE_TRUSTED,Cached value available from GM extraction.
C18,=FLGT!X18,2.41240700754887,,FLGT,CACHE_PRESENT,YES_IF_CACHE_TRUSTED,Cached value available from GM extraction.
D18,=FLGT!Y18,43.0122779333192,,FLGT,CACHE_PRESENT,YES_IF_CACHE_TRUSTED,Cached value available from GM extraction.
E18,=SUM(FLGT!AB18:AD18),2.09030372147724,,FLGT,CACHE_PRESENT,YES_IF_CACHE_TRUSTED,Cached value available from GM extraction.
F18,=FLGT!AE18+FLGT!AF18+FLGT!AG18+FLGT!AH18+FLGT!Z18,1.16090877781397,,FLGT,CACHE_PRESENT,YES_IF_CACHE_TRUSTED,Cached value available from GM extraction.
G18,=Cap_Allow!FP15,0,,Cap_Allow,CACHE_PRESENT,YES_IF_CACHE_TRUSTED,Cached value available from GM extraction.
H18,=Cap_Allow!GX15+Cap_Allow!HC15,0,,Cap_Allow,CACHE_PRESENT,YES_IF_CACHE_TRUSTED,Cached value available from GM extraction.
I18,=Cap_Allow!FI15,13.8962555428633,,Cap_Allow,CACHE_PRESENT,YES_IF_CACHE_TRUSTED,Cached value available from GM extraction.
J18,=CIT_NCF_Oil!Z18,0,,CIT_NCF_Oil,CACHE_PRESENT,YES_IF_CACHE_TRUSTED,Cached value available from GM extraction.
K18,=F18+H18+I18+G18+J18,15.0571643206773,,,CACHE_PRESENT,YES_IF_CACHE_TRUSTED,Cached value available from GM extraction.
L18,"=IF(Ec_IO!$G$22='Fiscal Terms_PIA'!$T$59,'Fiscal Terms_PIA'!$T$60*(D18-E18),'Fiscal Terms_PIA'!$U$60*(D18-E18))",28.6453819482894,,Ec_IO | Fiscal Terms_PIA,CACHE_PRESENT,YES_IF_CACHE_TRUSTED,Cached value available from GM extraction.
M18,=D18-E18-L18,12.2765922635526,,,CACHE_PRESENT,YES_IF_CACHE_TRUSTED,Cached value available from GM extraction.
N18,"=IF(AND(G18=0,D18=0),0,IF(L18-K18+N17<0,L18-K18+N17,0))",0,,,CACHE_PRESENT,YES_IF_CACHE_TRUSTED,Cached value available from GM extraction.
O18,"=IF(AND(G18=0,D18=0),0,IF(L18-K18+N17>0,L18-K18+N17,0))",13.5882176276121,,,CACHE_PRESENT,YES_IF_CACHE_TRUSTED,Cached value available from GM extraction.
P18,=O18+M18,25.8648098911647,,,CACHE_PRESENT,YES_IF_CACHE_TRUSTED,Cached value available from GM extraction.
Q18,=FLGT!D18,20.1257854746234,,FLGT,CACHE_PRESENT,YES_IF_CACHE_TRUSTED,Cached value available from GM extraction.
R18,"=IF(Q18=0,"""",IF(Q18<='Fiscal Terms_PIA'!$W$60,'Fiscal Terms_PIA'!$X$60,IF(AND(Q18>'Fiscal Terms_PIA'!$W$60,Q18<='Fiscal Terms_PIA'!$W$61),('Fiscal Terms_PIA'!$X$60*'Fiscal Terms_PIA'!$W$60+(Q18-'Fiscal Terms_PIA'!$W$60)*'Fiscal Terms_PIA'!$X$61)/Q18,IF(AND(Q18>'Fiscal Terms_PIA'!$W$61,Q18<='Fiscal Terms_PIA'!$W$62),('Fiscal Terms_PIA'!$X$60*'Fiscal Terms_PIA'!$W$60+'Fiscal Terms_PIA'!$X$61*('Fiscal Terms_PIA'!$W$61-'Fiscal Terms_PIA'!$W$60)+'Fiscal Terms_PIA'!$X$62*(Q18-'Fiscal Terms_PIA'!$W$61))/Q18,IF(AND(Q18>'Fiscal Terms_PIA'!$W$62,Q18<='Fiscal Terms_PIA'!$W$63),('Fiscal Terms_PIA'!$X$60*'Fiscal Terms_PIA'!$W$60+'Fiscal Terms_PIA'!$X$61*('Fiscal Terms_PIA'!$W$61-'Fiscal Terms_PIA'!$W$60)+'Fiscal Terms_PIA'!$X$62*('Fiscal Terms_PIA'!$W$62-'Fiscal Terms_PIA'!$W$61)+'Fiscal Terms_PIA'!$X$63*(Q18-'Fiscal Terms_PIA'!$W$62))/Q18,IF(AND(Q18>'Fiscal Terms_PIA'!$W$63,Q18<='Fiscal Terms_PIA'!$W$64),('Fiscal Terms_PIA'!$X$60*'Fiscal Terms_PIA'!$W$60+'Fiscal Terms_PIA'!$X$61*('Fiscal Terms_PIA'!$W$61-'Fiscal Terms_PIA'!$W$60)+'Fiscal Terms_PIA'!$X$62*('Fiscal Terms_PIA'!$W$62-'Fiscal Terms_PIA'!$W$61)+'Fiscal Terms_PIA'!$X$63*('Fiscal Terms_PIA'!$W$63-'Fiscal Terms_PIA'!$W$62)+'Fiscal Terms_PIA'!$X$64*(Q18-'Fiscal Terms_PIA'!$W$63))/Q18,'Fiscal Terms_PIA'!$X$65))))))",0.05,,Fiscal Terms_PIA,CACHE_PRESENT,YES_IF_CACHE_TRUSTED,Cached value available from GM extraction.
S18,"=IF(Q18=0,"""",100%-R18)",0.95,,,CACHE_PRESENT,YES_IF_CACHE_TRUSTED,Cached value available from GM extraction.
T18,"=IFERROR(S18*P18,0)",24.5715693966065,,,CACHE_PRESENT,YES_IF_CACHE_TRUSTED,Cached value available from GM extraction.
U18,"=IF(Ec_IO!$G$24=""PSC/SC"",(P18-T18),0)",0,,Ec_IO,CACHE_PRESENT,YES_IF_CACHE_TRUSTED,Cached value available from GM extraction.
A19,=FLGT!A19,2038,,FLGT,CACHE_PRESENT,YES_IF_CACHE_TRUSTED,Cached value available from GM extraction.
B19,=FLGT!W19,31.5998768572143,,FLGT,CACHE_PRESENT,YES_IF_CACHE_TRUSTED,Cached value available from GM extraction.
C19,=FLGT!X19,1.87763563355659,,FLGT,CACHE_PRESENT,YES_IF_CACHE_TRUSTED,Cached value available from GM extraction.
D19,=FLGT!Y19,33.4775124907709,,FLGT,CACHE_PRESENT,YES_IF_CACHE_TRUSTED,Cached value available from GM extraction.
E19,=SUM(FLGT!AB19:AD19),1.62693473369963,,FLGT,CACHE_PRESENT,YES_IF_CACHE_TRUSTED,Cached value available from GM extraction.
F19,=FLGT!AE19+FLGT!AF19+FLGT!AG19+FLGT!AH19+FLGT!Z19,1.09334972767299,,FLGT,CACHE_PRESENT,YES_IF_CACHE_TRUSTED,Cached value available from GM extraction.
G19,=Cap_Allow!FP16,0,,Cap_Allow,CACHE_PRESENT,YES_IF_CACHE_TRUSTED,Cached value available from GM extraction.
H19,=Cap_Allow!GX16+Cap_Allow!HC16,0,,Cap_Allow,CACHE_PRESENT,YES_IF_CACHE_TRUSTED,Cached value available from GM extraction.
I19,=Cap_Allow!FI16,12.9106299090721,,Cap_Allow,CACHE_PRESENT,YES_IF_CACHE_TRUSTED,Cached value available from GM extraction.
J19,=CIT_NCF_Oil!Z19,0,,CIT_NCF_Oil,CACHE_PRESENT,YES_IF_CACHE_TRUSTED,Cached value available from GM extraction.
K19,=F19+H19+I19+G19+J19,14.0039796367451,,,CACHE_PRESENT,YES_IF_CACHE_TRUSTED,Cached value available from GM extraction.
L19,"=IF(Ec_IO!$G$22='Fiscal Terms_PIA'!$T$59,'Fiscal Terms_PIA'!$T$60*(D19-E19),'Fiscal Terms_PIA'!$U$60*(D19-E19))",22.2954044299499,,Ec_IO | Fiscal Terms_PIA,CACHE_PRESENT,YES_IF_CACHE_TRUSTED,Cached value available from GM extraction.
M19,=D19-E19-L19,9.55517332712137,,,CACHE_PRESENT,YES_IF_CACHE_TRUSTED,Cached value available from GM extraction.
N19,"=IF(AND(G19=0,D19=0),0,IF(L19-K19+N18<0,L19-K19+N18,0))",0,,,CACHE_PRESENT,YES_IF_CACHE_TRUSTED,Cached value available from GM extraction.
O19,"=IF(AND(G19=0,D19=0),0,IF(L19-K19+N18>0,L19-K19+N18,0))",8.2914247932048,,,CACHE_PRESENT,YES_IF_CACHE_TRUSTED,Cached value available from GM extraction.
P19,=O19+M19,17.8465981203262,,,CACHE_PRESENT,YES_IF_CACHE_TRUSTED,Cached value available from GM extraction.
Q19,=FLGT!D19,20.7577830117677,,FLGT,CACHE_PRESENT,YES_IF_CACHE_TRUSTED,Cached value available from GM extraction.
R19,"=IF(Q19=0,"""",IF(Q19<='Fiscal Terms_PIA'!$W$60,'Fiscal Terms_PIA'!$X$60,IF(AND(Q19>'Fiscal Terms_PIA'!$W$60,Q19<='Fiscal Terms_PIA'!$W$61),('Fiscal Terms_PIA'!$X$60*'Fiscal Terms_PIA'!$W$60+(Q19-'Fiscal Terms_PIA'!$W$60)*'Fiscal Terms_PIA'!$X$61)/Q19,IF(AND(Q19>'Fiscal Terms_PIA'!$W$61,Q19<='Fiscal Terms_PIA'!$W$62),('Fiscal Terms_PIA'!$X$60*'Fiscal Terms_PIA'!$W$60+'Fiscal Terms_PIA'!$X$61*('Fiscal Terms_PIA'!$W$61-'Fiscal Terms_PIA'!$W$60)+'Fiscal Terms_PIA'!$X$62*(Q19-'Fiscal Terms_PIA'!$W$61))/Q19,IF(AND(Q19>'Fiscal Terms_PIA'!$W$62,Q19<='Fiscal Terms_PIA'!$W$63),('Fiscal Terms_PIA'!$X$60*'Fiscal Terms_PIA'!$W$60+'Fiscal Terms_PIA'!$X$61*('Fiscal Terms_PIA'!$W$61-'Fiscal Terms_PIA'!$W$60)+'Fiscal Terms_PIA'!$X$62*('Fiscal Terms_PIA'!$W$62-'Fiscal Terms_PIA'!$W$61)+'Fiscal Terms_PIA'!$X$63*(Q19-'Fiscal Terms_PIA'!$W$62))/Q19,IF(AND(Q19>'Fiscal Terms_PIA'!$W$63,Q19<='Fiscal Terms_PIA'!$W$64),('Fiscal Terms_PIA'!$X$60*'Fiscal Terms_PIA'!$W$60+'Fiscal Terms_PIA'!$X$61*('Fiscal Terms_PIA'!$W$61-'Fiscal Terms_PIA'!$W$60)+'Fiscal Terms_PIA'!$X$62*('Fiscal Terms_PIA'!$W$62-'Fiscal Terms_PIA'!$W$61)+'Fiscal Terms_PIA'!$X$63*('Fiscal Terms_PIA'!$W$63-'Fiscal Terms_PIA'!$W$62)+'Fiscal Terms_PIA'!$X$64*(Q19-'Fiscal Terms_PIA'!$W$63))/Q19,'Fiscal Terms_PIA'!$X$65))))))",0.05,,Fiscal Terms_PIA,CACHE_PRESENT,YES_IF_CACHE_TRUSTED,Cached value available from GM extraction.
S19,"=IF(Q19=0,"""",100%-R19)",0.95,,,CACHE_PRESENT,YES_IF_CACHE_TRUSTED,Cached value available from GM extraction.
T19,"=IFERROR(S19*P19,0)",16.9542682143099,,,CACHE_PRESENT,YES_IF_CACHE_TRUSTED,Cached value available from GM extraction.
U19,"=IF(Ec_IO!$G$24=""PSC/SC"",(P19-T19),0)",0,,Ec_IO,CACHE_PRESENT,YES_IF_CACHE_TRUSTED,Cached value available from GM extraction.
A20,=FLGT!A20,2039,,FLGT,CACHE_PRESENT,YES_IF_CACHE_TRUSTED,Cached value available from GM extraction.
B20,=FLGT!W20,24.5949603932678,,FLGT,CACHE_PRESENT,YES_IF_CACHE_TRUSTED,Cached value available from GM extraction.
C20,=FLGT!X20,1.46140993678492,,FLGT,CACHE_PRESENT,YES_IF_CACHE_TRUSTED,Cached value available from GM extraction.
D20,=FLGT!Y20,26.0563703300527,,FLGT,CACHE_PRESENT,YES_IF_CACHE_TRUSTED,Cached value available from GM extraction.
E20,=SUM(FLGT!AB20:AD20),1.26628326808301,,FLGT,CACHE_PRESENT,YES_IF_CACHE_TRUSTED,Cached value available from GM extraction.
F20,=FLGT!AE20+FLGT!AF20+FLGT!AG20+FLGT!AH20+FLGT!Z20,1.04076685939372,,FLGT,CACHE_PRESENT,YES_IF_CACHE_TRUSTED,Cached value available from GM extraction.
G20,=Cap_Allow!FP17,0,,Cap_Allow,CACHE_PRESENT,YES_IF_CACHE_TRUSTED,Cached value available from GM extraction.
H20,=Cap_Allow!GX17+Cap_Allow!HC17,0,,Cap_Allow,CACHE_PRESENT,YES_IF_CACHE_TRUSTED,Cached value available from GM extraction.
I20,=Cap_Allow!FI17,12.1434932668876,,Cap_Allow,CACHE_PRESENT,YES_IF_CACHE_TRUSTED,Cached value available from GM extraction.
J20,=CIT_NCF_Oil!Z20,0,,CIT_NCF_Oil,CACHE_PRESENT,YES_IF_CACHE_TRUSTED,Cached value available from GM extraction.
K20,=F20+H20+I20+G20+J20,13.1842601262814,,,CACHE_PRESENT,YES_IF_CACHE_TRUSTED,Cached value available from GM extraction.
L20,"=IF(Ec_IO!$G$22='Fiscal Terms_PIA'!$T$59,'Fiscal Terms_PIA'!$T$60*(D20-E20),'Fiscal Terms_PIA'!$U$60*(D20-E20))",17.3530609433788,,Ec_IO | Fiscal Terms_PIA,CACHE_PRESENT,YES_IF_CACHE_TRUSTED,Cached value available from GM extraction.
M20,=D20-E20-L20,7.43702611859091,,,CACHE_PRESENT,YES_IF_CACHE_TRUSTED,Cached value available from GM extraction.
N20,"=IF(AND(G20=0,D20=0),0,IF(L20-K20+N19<0,L20-K20+N19,0))",0,,,CACHE_PRESENT,YES_IF_CACHE_TRUSTED,Cached value available from GM extraction.
O20,"=IF(AND(G20=0,D20=0),0,IF(L20-K20+N19>0,L20-K20+N19,0))",4.16880081709741,,,CACHE_PRESENT,YES_IF_CACHE_TRUSTED,Cached value available from GM extraction.
P20,=O20+M20,11.6058269356883,,,CACHE_PRESENT,YES_IF_CACHE_TRUSTED,Cached value available from GM extraction.
Q20,=FLGT!D20,21.2496822196331,,FLGT,CACHE_PRESENT,YES_IF_CACHE_TRUSTED,Cached value available from GM extraction.
R20,"=IF(Q20=0,"""",IF(Q20<='Fiscal Terms_PIA'!$W$60,'Fiscal Terms_PIA'!$X$60,IF(AND(Q20>'Fiscal Terms_PIA'!$W$60,Q20<='Fiscal Terms_PIA'!$W$61),('Fiscal Terms_PIA'!$X$60*'Fiscal Terms_PIA'!$W$60+(Q20-'Fiscal Terms_PIA'!$W$60)*'Fiscal Terms_PIA'!$X$61)/Q20,IF(AND(Q20>'Fiscal Terms_PIA'!$W$61,Q20<='Fiscal Terms_PIA'!$W$62),('Fiscal Terms_PIA'!$X$60*'Fiscal Terms_PIA'!$W$60+'Fiscal Terms_PIA'!$X$61*('Fiscal Terms_PIA'!$W$61-'Fiscal Terms_PIA'!$W$60)+'Fiscal Terms_PIA'!$X$62*(Q20-'Fiscal Terms_PIA'!$W$61))/Q20,IF(AND(Q20>'Fiscal Terms_PIA'!$W$62,Q20<='Fiscal Terms_PIA'!$W$63),('Fiscal Terms_PIA'!$X$60*'Fiscal Terms_PIA'!$W$60+'Fiscal Terms_PIA'!$X$61*('Fiscal Terms_PIA'!$W$61-'Fiscal Terms_PIA'!$W$60)+'Fiscal Terms_PIA'!$X$62*('Fiscal Terms_PIA'!$W$62-'Fiscal Terms_PIA'!$W$61)+'Fiscal Terms_PIA'!$X$63*(Q20-'Fiscal Terms_PIA'!$W$62))/Q20,IF(AND(Q20>'Fiscal Terms_PIA'!$W$63,Q20<='Fiscal Terms_PIA'!$W$64),('Fiscal Terms_PIA'!$X$60*'Fiscal Terms_PIA'!$W$60+'Fiscal Terms_PIA'!$X$61*('Fiscal Terms_PIA'!$W$61-'Fiscal Terms_PIA'!$W$60)+'Fiscal Terms_PIA'!$X$62*('Fiscal Terms_PIA'!$W$62-'Fiscal Terms_PIA'!$W$61)+'Fiscal Terms_PIA'!$X$63*('Fiscal Terms_PIA'!$W$63-'Fiscal Terms_PIA'!$W$62)+'Fiscal Terms_PIA'!$X$64*(Q20-'Fiscal Terms_PIA'!$W$63))/Q20,'Fiscal Terms_PIA'!$X$65))))))",0.05,,Fiscal Terms_PIA,CACHE_PRESENT,YES_IF_CACHE_TRUSTED,Cached value available from GM extraction.
S20,"=IF(Q20=0,"""",100%-R20)",0.95,,,CACHE_PRESENT,YES_IF_CACHE_TRUSTED,Cached value available from GM extraction.
T20,"=IFERROR(S20*P20,0)",11.0255355889039,,,CACHE_PRESENT,YES_IF_CACHE_TRUSTED,Cached value available from GM extraction.
U20,"=IF(Ec_IO!$G$24=""PSC/SC"",(P20-T20),0)",0,,Ec_IO,CACHE_PRESENT,YES_IF_CACHE_TRUSTED,Cached value available from GM extraction.
A21,=FLGT!A21,2040,,FLGT,CACHE_PRESENT,YES_IF_CACHE_TRUSTED,Cached value available from GM extraction.
B21,=FLGT!W21,19.1428618370805,,FLGT,CACHE_PRESENT,YES_IF_CACHE_TRUSTED,Cached value available from GM extraction.
C21,=FLGT!X21,1.13745125260978,,FLGT,CACHE_PRESENT,YES_IF_CACHE_TRUSTED,Cached value available from GM extraction.
D21,=FLGT!Y21,20.2803130896903,,FLGT,CACHE_PRESENT,YES_IF_CACHE_TRUSTED,Cached value available from GM extraction.
E21,=SUM(FLGT!AB21:AD21),0.98557937316927,,FLGT,CACHE_PRESENT,YES_IF_CACHE_TRUSTED,Cached value available from GM extraction.
F21,=FLGT!AE21+FLGT!AF21+FLGT!AG21+FLGT!AH21+FLGT!Z21,0.999840321339897,,FLGT,CACHE_PRESENT,YES_IF_CACHE_TRUSTED,Cached value available from GM extraction.
G21,=Cap_Allow!FP18,0,,Cap_Allow,CACHE_PRESENT,YES_IF_CACHE_TRUSTED,Cached value available from GM extraction.
H21,=Cap_Allow!GX18+Cap_Allow!HC18,0,,Cap_Allow,CACHE_PRESENT,YES_IF_CACHE_TRUSTED,Cached value available from GM extraction.
I21,=Cap_Allow!FI18,11.5464119739445,,Cap_Allow,CACHE_PRESENT,YES_IF_CACHE_TRUSTED,Cached value available from GM extraction.
J21,=CIT_NCF_Oil!Z21,0,,CIT_NCF_Oil,CACHE_PRESENT,YES_IF_CACHE_TRUSTED,Cached value available from GM extraction.
K21,=F21+H21+I21+G21+J21,12.5462522952844,,,CACHE_PRESENT,YES_IF_CACHE_TRUSTED,Cached value available from GM extraction.
L21,"=IF(Ec_IO!$G$22='Fiscal Terms_PIA'!$T$59,'Fiscal Terms_PIA'!$T$60*(D21-E21),'Fiscal Terms_PIA'!$U$60*(D21-E21))",13.5063136015647,,Ec_IO | Fiscal Terms_PIA,CACHE_PRESENT,YES_IF_CACHE_TRUSTED,Cached value available from GM extraction.
M21,=D21-E21-L21,5.78842011495631,,,CACHE_PRESENT,YES_IF_CACHE_TRUSTED,Cached value available from GM extraction.
N21,"=IF(AND(G21=0,D21=0),0,IF(L21-K21+N20<0,L21-K21+N20,0))",0,,,CACHE_PRESENT,YES_IF_CACHE_TRUSTED,Cached value available from GM extraction.
O21,"=IF(AND(G21=0,D21=0),0,IF(L21-K21+N20>0,L21-K21+N20,0))",0.960061306280339,,,CACHE_PRESENT,YES_IF_CACHE_TRUSTED,Cached value available from GM extraction.
P21,=O21+M21,6.74848142123665,,,CACHE_PRESENT,YES_IF_CACHE_TRUSTED,Cached value available from GM extraction.
Q21,=FLGT!D21,21.6325394563747,,FLGT,CACHE_PRESENT,YES_IF_CACHE_TRUSTED,Cached value available from GM extraction.
R21,"=IF(Q21=0,"""",IF(Q21<='Fiscal Terms_PIA'!$W$60,'Fiscal Terms_PIA'!$X$60,IF(AND(Q21>'Fiscal Terms_PIA'!$W$60,Q21<='Fiscal Terms_PIA'!$W$61),('Fiscal Terms_PIA'!$X$60*'Fiscal Terms_PIA'!$W$60+(Q21-'Fiscal Terms_PIA'!$W$60)*'Fiscal Terms_PIA'!$X$61)/Q21,IF(AND(Q21>'Fiscal Terms_PIA'!$W$61,Q21<='Fiscal Terms_PIA'!$W$62),('Fiscal Terms_PIA'!$X$60*'Fiscal Terms_PIA'!$W$60+'Fiscal Terms_PIA'!$X$61*('Fiscal Terms_PIA'!$W$61-'Fiscal Terms_PIA'!$W$60)+'Fiscal Terms_PIA'!$X$62*(Q21-'Fiscal Terms_PIA'!$W$61))/Q21,IF(AND(Q21>'Fiscal Terms_PIA'!$W$62,Q21<='Fiscal Terms_PIA'!$W$63),('Fiscal Terms_PIA'!$X$60*'Fiscal Terms_PIA'!$W$60+'Fiscal Terms_PIA'!$X$61*('Fiscal Terms_PIA'!$W$61-'Fiscal Terms_PIA'!$W$60)+'Fiscal Terms_PIA'!$X$62*('Fiscal Terms_PIA'!$W$62-'Fiscal Terms_PIA'!$W$61)+'Fiscal Terms_PIA'!$X$63*(Q21-'Fiscal Terms_PIA'!$W$62))/Q21,IF(AND(Q21>'Fiscal Terms_PIA'!$W$63,Q21<='Fiscal Terms_PIA'!$W$64),('Fiscal Terms_PIA'!$X$60*'Fiscal Terms_PIA'!$W$60+'Fiscal Terms_PIA'!$X$61*('Fiscal Terms_PIA'!$W$61-'Fiscal Terms_PIA'!$W$60)+'Fiscal Terms_PIA'!$X$62*('Fiscal Terms_PIA'!$W$62-'Fiscal Terms_PIA'!$W$61)+'Fiscal Terms_PIA'!$X$63*('Fiscal Terms_PIA'!$W$63-'Fiscal Terms_PIA'!$W$62)+'Fiscal Terms_PIA'!$X$64*(Q21-'Fiscal Terms_PIA'!$W$63))/Q21,'Fiscal Terms_PIA'!$X$65))))))",0.05,,Fiscal Terms_PIA,CACHE_PRESENT,YES_IF_CACHE_TRUSTED,Cached value available from GM extraction.
S21,"=IF(Q21=0,"""",100%-R21)",0.95,,,CACHE_PRESENT,YES_IF_CACHE_TRUSTED,Cached value available from GM extraction.
T21,"=IFERROR(S21*P21,0)",6.41105735017481,,,CACHE_PRESENT,YES_IF_CACHE_TRUSTED,Cached value available from GM extraction.
U21,"=IF(Ec_IO!$G$24=""PSC/SC"",(P21-T21),0)",0,,Ec_IO,CACHE_PRESENT,YES_IF_CACHE_TRUSTED,Cached value available from GM extraction.
A22,=FLGT!A22,2041,,FLGT,CACHE_PRESENT,YES_IF_CACHE_TRUSTED,Cached value available from GM extraction.
B22,=FLGT!W22,18.2625,,FLGT,CACHE_PRESENT,YES_IF_CACHE_TRUSTED,Cached value available from GM extraction.
C22,=FLGT!X22,0.183666649459351,,FLGT,CACHE_PRESENT,YES_IF_CACHE_TRUSTED,Cached value available from GM extraction.
D22,=FLGT!Y22,18.4461666494594,,FLGT,CACHE_PRESENT,YES_IF_CACHE_TRUSTED,Cached value available from GM extraction.
E22,=SUM(FLGT!AB22:AD22),0.917716666236484,,FLGT,CACHE_PRESENT,YES_IF_CACHE_TRUSTED,Cached value available from GM extraction.
F22,=FLGT!AE22+FLGT!AF22+FLGT!AG22+FLGT!AH22+FLGT!Z22,0.979035523333267,,FLGT,CACHE_PRESENT,YES_IF_CACHE_TRUSTED,Cached value available from GM extraction.
G22,=Cap_Allow!FP19,0,,Cap_Allow,CACHE_PRESENT,YES_IF_CACHE_TRUSTED,Cached value available from GM extraction.
H22,=Cap_Allow!GX19+Cap_Allow!HC19,0,,Cap_Allow,CACHE_PRESENT,YES_IF_CACHE_TRUSTED,Cached value available from GM extraction.
I22,=Cap_Allow!FI19,11.45,,Cap_Allow,CACHE_PRESENT,YES_IF_CACHE_TRUSTED,Cached value available from GM extraction.
J22,=CIT_NCF_Oil!Z22,0,,CIT_NCF_Oil,CACHE_PRESENT,YES_IF_CACHE_TRUSTED,Cached value available from GM extraction.
K22,=F22+H22+I22+G22+J22,12.4290355233333,,,CACHE_PRESENT,YES_IF_CACHE_TRUSTED,Cached value available from GM extraction.
L22,"=IF(Ec_IO!$G$22='Fiscal Terms_PIA'!$T$59,'Fiscal Terms_PIA'!$T$60*(D22-E22),'Fiscal Terms_PIA'!$U$60*(D22-E22))",12.269914988256,,Ec_IO | Fiscal Terms_PIA,CACHE_PRESENT,YES_IF_CACHE_TRUSTED,Cached value available from GM extraction.
M22,=D22-E22-L22,5.25853499496686,,,CACHE_PRESENT,YES_IF_CACHE_TRUSTED,Cached value available from GM extraction.
N22,"=IF(AND(G22=0,D22=0),0,IF(L22-K22+N21<0,L22-K22+N21,0))",-0.159120535077262,,,CACHE_PRESENT,YES_IF_CACHE_TRUSTED,Cached value available from GM extraction.
O22,"=IF(AND(G22=0,D22=0),0,IF(L22-K22+N21>0,L22-K22+N21,0))",0,,,CACHE_PRESENT,YES_IF_CACHE_TRUSTED,Cached value available from GM extraction.
P22,=O22+M22,5.25853499496686,,,CACHE_PRESENT,YES_IF_CACHE_TRUSTED,Cached value available from GM extraction.
Q22,=FLGT!D22,21.9977894563747,,FLGT,CACHE_PRESENT,YES_IF_CACHE_TRUSTED,Cached value available from GM extraction.
R22,"=IF(Q22=0,"""",IF(Q22<='Fiscal Terms_PIA'!$W$60,'Fiscal Terms_PIA'!$X$60,IF(AND(Q22>'Fiscal Terms_PIA'!$W$60,Q22<='Fiscal Terms_PIA'!$W$61),('Fiscal Terms_PIA'!$X$60*'Fiscal Terms_PIA'!$W$60+(Q22-'Fiscal Terms_PIA'!$W$60)*'Fiscal Terms_PIA'!$X$61)/Q22,IF(AND(Q22>'Fiscal Terms_PIA'!$W$61,Q22<='Fiscal Terms_PIA'!$W$62),('Fiscal Terms_PIA'!$X$60*'Fiscal Terms_PIA'!$W$60+'Fiscal Terms_PIA'!$X$61*('Fiscal Terms_PIA'!$W$61-'Fiscal Terms_PIA'!$W$60)+'Fiscal Terms_PIA'!$X$62*(Q22-'Fiscal Terms_PIA'!$W$61))/Q22,IF(AND(Q22>'Fiscal Terms_PIA'!$W$62,Q22<='Fiscal Terms_PIA'!$W$63),('Fiscal Terms_PIA'!$X$60*'Fiscal Terms_PIA'!$W$60+'Fiscal Terms_PIA'!$X$61*('Fiscal Terms_PIA'!$W$61-'Fiscal Terms_PIA'!$W$60)+'Fiscal Terms_PIA'!$X$62*('Fiscal Terms_PIA'!$W$62-'Fiscal Terms_PIA'!$W$61)+'Fiscal Terms_PIA'!$X$63*(Q22-'Fiscal Terms_PIA'!$W$62))/Q22,IF(AND(Q22>'Fiscal Terms_PIA'!$W$63,Q22<='Fiscal Terms_PIA'!$W$64),('Fiscal Terms_PIA'!$X$60*'Fiscal Terms_PIA'!$W$60+'Fiscal Terms_PIA'!$X$61*('Fiscal Terms_PIA'!$W$61-'Fiscal Terms_PIA'!$W$60)+'Fiscal Terms_PIA'!$X$62*('Fiscal Terms_PIA'!$W$62-'Fiscal Terms_PIA'!$W$61)+'Fiscal Terms_PIA'!$X$63*('Fiscal Terms_PIA'!$W$63-'Fiscal Terms_PIA'!$W$62)+'Fiscal Terms_PIA'!$X$64*(Q22-'Fiscal Terms_PIA'!$W$63))/Q22,'Fiscal Terms_PIA'!$X$65))))))",0.05,,Fiscal Terms_PIA,CACHE_PRESENT,YES_IF_CACHE_TRUSTED,Cached value available from GM extraction.
S22,"=IF(Q22=0,"""",100%-R22)",0.95,,,CACHE_PRESENT,YES_IF_CACHE_TRUSTED,Cached value available from GM extraction.
T22,"=IFERROR(S22*P22,0)",4.99560824521852,,,CACHE_PRESENT,YES_IF_CACHE_TRUSTED,Cached value available from GM extraction.
U22,"=IF(Ec_IO!$G$24=""PSC/SC"",(P22-T22),0)",0,,Ec_IO,CACHE_PRESENT,YES_IF_CACHE_TRUSTED,Cached value available from GM extraction.
A23,=FLGT!A23,2042,,FLGT,CACHE_PRESENT,YES_IF_CACHE_TRUSTED,Cached value available from GM extraction.
B23,=FLGT!W23,0,,FLGT,CACHE_PRESENT,YES_IF_CACHE_TRUSTED,Cached value available from GM extraction.
C23,=FLGT!X23,0,,FLGT,CACHE_PRESENT,YES_IF_CACHE_TRUSTED,Cached value available from GM extraction.
D23,=FLGT!Y23,0,,FLGT,CACHE_PRESENT,YES_IF_CACHE_TRUSTED,Cached value available from GM extraction.
E23,=SUM(FLGT!AB23:AD23),0,,FLGT,CACHE_PRESENT,YES_IF_CACHE_TRUSTED,Cached value available from GM extraction.
F23,=FLGT!AE23+FLGT!AF23+FLGT!AG23+FLGT!AH23+FLGT!Z23,0,,FLGT,CACHE_PRESENT,YES_IF_CACHE_TRUSTED,Cached value available from GM extraction.
G23,=Cap_Allow!FP20,0,,Cap_Allow,CACHE_PRESENT,YES_IF_CACHE_TRUSTED,Cached value available from GM extraction.
H23,=Cap_Allow!GX20+Cap_Allow!HC20,0,,Cap_Allow,CACHE_PRESENT,YES_IF_CACHE_TRUSTED,Cached value available from GM extraction.
I23,=Cap_Allow!FI20,0,,Cap_Allow,CACHE_PRESENT,YES_IF_CACHE_TRUSTED,Cached value available from GM extraction.
J23,=CIT_NCF_Oil!Z23,0,,CIT_NCF_Oil,CACHE_PRESENT,YES_IF_CACHE_TRUSTED,Cached value available from GM extraction.
K23,=F23+H23+I23+G23+J23,0,,,CACHE_PRESENT,YES_IF_CACHE_TRUSTED,Cached value available from GM extraction.
L23,"=IF(Ec_IO!$G$22='Fiscal Terms_PIA'!$T$59,'Fiscal Terms_PIA'!$T$60*(D23-E23),'Fiscal Terms_PIA'!$U$60*(D23-E23))",0,,Ec_IO | Fiscal Terms_PIA,CACHE_PRESENT,YES_IF_CACHE_TRUSTED,Cached value available from GM extraction.
M23,=D23-E23-L23,0,,,CACHE_PRESENT,YES_IF_CACHE_TRUSTED,Cached value available from GM extraction.
N23,"=IF(AND(G23=0,D23=0),0,IF(L23-K23+N22<0,L23-K23+N22,0))",0,,,CACHE_PRESENT,YES_IF_CACHE_TRUSTED,Cached value available from GM extraction.
O23,"=IF(AND(G23=0,D23=0),0,IF(L23-K23+N22>0,L23-K23+N22,0))",0,,,CACHE_PRESENT,YES_IF_CACHE_TRUSTED,Cached value available from GM extraction.
P23,=O23+M23,0,,,CACHE_PRESENT,YES_IF_CACHE_TRUSTED,Cached value available from GM extraction.
Q23,=FLGT!D23,0,,FLGT,CACHE_PRESENT,YES_IF_CACHE_TRUSTED,Cached value available from GM extraction.
T23,"=IFERROR(S23*P23,0)",0,,,CACHE_PRESENT,YES_IF_CACHE_TRUSTED,Cached value available from GM extraction.
U23,"=IF(Ec_IO!$G$24=""PSC/SC"",(P23-T23),0)",0,,Ec_IO,CACHE_PRESENT,YES_IF_CACHE_TRUSTED,Cached value available from GM extraction.
A24,=FLGT!A24,2043,,FLGT,CACHE_PRESENT,YES_IF_CACHE_TRUSTED,Cached value available from GM extraction.
B24,=FLGT!W24,0,,FLGT,CACHE_PRESENT,YES_IF_CACHE_TRUSTED,Cached value available from GM extraction.
C24,=FLGT!X24,0,,FLGT,CACHE_PRESENT,YES_IF_CACHE_TRUSTED,Cached value available from GM extraction.
D24,=FLGT!Y24,0,,FLGT,CACHE_PRESENT,YES_IF_CACHE_TRUSTED,Cached value available from GM extraction.
E24,=SUM(FLGT!AB24:AD24),0,,FLGT,CACHE_PRESENT,YES_IF_CACHE_TRUSTED,Cached value available from GM extraction.
F24,=FLGT!AE24+FLGT!AF24+FLGT!AG24+FLGT!AH24+FLGT!Z24,0,,FLGT,CACHE_PRESENT,YES_IF_CACHE_TRUSTED,Cached value available from GM extraction.
G24,=Cap_Allow!FP21,0,,Cap_Allow,CACHE_PRESENT,YES_IF_CACHE_TRUSTED,Cached value available from GM extraction.
H24,=Cap_Allow!GX21+Cap_Allow!HC21,0,,Cap_Allow,CACHE_PRESENT,YES_IF_CACHE_TRUSTED,Cached value available from GM extraction.
I24,=Cap_Allow!FI21,0,,Cap_Allow,CACHE_PRESENT,YES_IF_CACHE_TRUSTED,Cached value available from GM extraction.
J24,=CIT_NCF_Oil!Z24,0,,CIT_NCF_Oil,CACHE_PRESENT,YES_IF_CACHE_TRUSTED,Cached value available from GM extraction.
K24,=F24+H24+I24+G24+J24,0,,,CACHE_PRESENT,YES_IF_CACHE_TRUSTED,Cached value available from GM extraction.
L24,"=IF(Ec_IO!$G$22='Fiscal Terms_PIA'!$T$59,'Fiscal Terms_PIA'!$T$60*(D24-E24),'Fiscal Terms_PIA'!$U$60*(D24-E24))",0,,Ec_IO | Fiscal Terms_PIA,CACHE_PRESENT,YES_IF_CACHE_TRUSTED,Cached value available from GM extraction.
M24,=D24-E24-L24,0,,,CACHE_PRESENT,YES_IF_CACHE_TRUSTED,Cached value available from GM extraction.
N24,"=IF(AND(G24=0,D24=0),0,IF(L24-K24+N23<0,L24-K24+N23,0))",0,,,CACHE_PRESENT,YES_IF_CACHE_TRUSTED,Cached value available from GM extraction.
O24,"=IF(AND(G24=0,D24=0),0,IF(L24-K24+N23>0,L24-K24+N23,0))",0,,,CACHE_PRESENT,YES_IF_CACHE_TRUSTED,Cached value available from GM extraction.
P24,=O24+M24,0,,,CACHE_PRESENT,YES_IF_CACHE_TRUSTED,Cached value available from GM extraction.
Q24,=FLGT!D24,0,,FLGT,CACHE_PRESENT,YES_IF_CACHE_TRUSTED,Cached value available from GM extraction.
T24,"=IFERROR(S24*P24,0)",0,,,CACHE_PRESENT,YES_IF_CACHE_TRUSTED,Cached value available from GM extraction.
U24,"=IF(Ec_IO!$G$24=""PSC/SC"",(P24-T24),0)",0,,Ec_IO,CACHE_PRESENT,YES_IF_CACHE_TRUSTED,Cached value available from GM extraction.
A25,=FLGT!A25,2044,,FLGT,CACHE_PRESENT,YES_IF_CACHE_TRUSTED,Cached value available from GM extraction.
B25,=FLGT!W25,0,,FLGT,CACHE_PRESENT,YES_IF_CACHE_TRUSTED,Cached value available from GM extraction.
C25,=FLGT!X25,0,,FLGT,CACHE_PRESENT,YES_IF_CACHE_TRUSTED,Cached value available from GM extraction.
D25,=FLGT!Y25,0,,FLGT,CACHE_PRESENT,YES_IF_CACHE_TRUSTED,Cached value available from GM extraction.
E25,=SUM(FLGT!AB25:AD25),0,,FLGT,CACHE_PRESENT,YES_IF_CACHE_TRUSTED,Cached value available from GM extraction.
F25,=FLGT!AE25+FLGT!AF25+FLGT!AG25+FLGT!AH25+FLGT!Z25,0,,FLGT,CACHE_PRESENT,YES_IF_CACHE_TRUSTED,Cached value available from GM extraction.
G25,=Cap_Allow!FP22,0,,Cap_Allow,CACHE_PRESENT,YES_IF_CACHE_TRUSTED,Cached value available from GM extraction.
H25,=Cap_Allow!GX22+Cap_Allow!HC22,0,,Cap_Allow,CACHE_PRESENT,YES_IF_CACHE_TRUSTED,Cached value available from GM extraction.
I25,=Cap_Allow!FI22,0,,Cap_Allow,CACHE_PRESENT,YES_IF_CACHE_TRUSTED,Cached value available from GM extraction.
J25,=CIT_NCF_Oil!Z25,0,,CIT_NCF_Oil,CACHE_PRESENT,YES_IF_CACHE_TRUSTED,Cached value available from GM extraction.
K25,=F25+H25+I25+G25+J25,0,,,CACHE_PRESENT,YES_IF_CACHE_TRUSTED,Cached value available from GM extraction.
L25,"=IF(Ec_IO!$G$22='Fiscal Terms_PIA'!$T$59,'Fiscal Terms_PIA'!$T$60*(D25-E25),'Fiscal Terms_PIA'!$U$60*(D25-E25))",0,,Ec_IO | Fiscal Terms_PIA,CACHE_PRESENT,YES_IF_CACHE_TRUSTED,Cached value available from GM extraction.
M25,=D25-E25-L25,0,,,CACHE_PRESENT,YES_IF_CACHE_TRUSTED,Cached value available from GM extraction.
N25,"=IF(AND(G25=0,D25=0),0,IF(L25-K25+N24<0,L25-K25+N24,0))",0,,,CACHE_PRESENT,YES_IF_CACHE_TRUSTED,Cached value available from GM extraction.
O25,"=IF(AND(G25=0,D25=0),0,IF(L25-K25+N24>0,L25-K25+N24,0))",0,,,CACHE_PRESENT,YES_IF_CACHE_TRUSTED,Cached value available from GM extraction.
P25,=O25+M25,0,,,CACHE_PRESENT,YES_IF_CACHE_TRUSTED,Cached value available from GM extraction.
Q25,=FLGT!D25,0,,FLGT,CACHE_PRESENT,YES_IF_CACHE_TRUSTED,Cached value available from GM extraction.
T25,"=IFERROR(S25*P25,0)",0,,,CACHE_PRESENT,YES_IF_CACHE_TRUSTED,Cached value available from GM extraction.
U25,"=IF(Ec_IO!$G$24=""PSC/SC"",(P25-T25),0)",0,,Ec_IO,CACHE_PRESENT,YES_IF_CACHE_TRUSTED,Cached value available from GM extraction.
A26,=FLGT!A26,2045,,FLGT,CACHE_PRESENT,YES_IF_CACHE_TRUSTED,Cached value available from GM extraction.
B26,=FLGT!W26,0,,FLGT,CACHE_PRESENT,YES_IF_CACHE_TRUSTED,Cached value available from GM extraction.
C26,=FLGT!X26,0,,FLGT,CACHE_PRESENT,YES_IF_CACHE_TRUSTED,Cached value available from GM extraction.
D26,=FLGT!Y26,0,,FLGT,CACHE_PRESENT,YES_IF_CACHE_TRUSTED,Cached value available from GM extraction.
E26,=SUM(FLGT!AB26:AD26),0,,FLGT,CACHE_PRESENT,YES_IF_CACHE_TRUSTED,Cached value available from GM extraction.
F26,=FLGT!AE26+FLGT!AF26+FLGT!AG26+FLGT!AH26+FLGT!Z26,0,,FLGT,CACHE_PRESENT,YES_IF_CACHE_TRUSTED,Cached value available from GM extraction.
G26,=Cap_Allow!FP23,0,,Cap_Allow,CACHE_PRESENT,YES_IF_CACHE_TRUSTED,Cached value available from GM extraction.
H26,=Cap_Allow!GX23+Cap_Allow!HC23,0,,Cap_Allow,CACHE_PRESENT,YES_IF_CACHE_TRUSTED,Cached value available from GM extraction.
I26,=Cap_Allow!FI23,0,,Cap_Allow,CACHE_PRESENT,YES_IF_CACHE_TRUSTED,Cached value available from GM extraction.
J26,=CIT_NCF_Oil!Z26,0,,CIT_NCF_Oil,CACHE_PRESENT,YES_IF_CACHE_TRUSTED,Cached value available from GM extraction.
K26,=F26+H26+I26+G26+J26,0,,,CACHE_PRESENT,YES_IF_CACHE_TRUSTED,Cached value available from GM extraction.
L26,"=IF(Ec_IO!$G$22='Fiscal Terms_PIA'!$T$59,'Fiscal Terms_PIA'!$T$60*(D26-E26),'Fiscal Terms_PIA'!$U$60*(D26-E26))",0,,Ec_IO | Fiscal Terms_PIA,CACHE_PRESENT,YES_IF_CACHE_TRUSTED,Cached value available from GM extraction.
M26,=D26-E26-L26,0,,,CACHE_PRESENT,YES_IF_CACHE_TRUSTED,Cached value available from GM extraction.
N26,"=IF(AND(G26=0,D26=0),0,IF(L26-K26+N25<0,L26-K26+N25,0))",0,,,CACHE_PRESENT,YES_IF_CACHE_TRUSTED,Cached value available from GM extraction.
O26,"=IF(AND(G26=0,D26=0),0,IF(L26-K26+N25>0,L26-K26+N25,0))",0,,,CACHE_PRESENT,YES_IF_CACHE_TRUSTED,Cached value available from GM extraction.
P26,=O26+M26,0,,,CACHE_PRESENT,YES_IF_CACHE_TRUSTED,Cached value available from GM extraction.
Q26,=FLGT!D26,0,,FLGT,CACHE_PRESENT,YES_IF_CACHE_TRUSTED,Cached value available from GM extraction.
T26,"=IFERROR(S26*P26,0)",0,,,CACHE_PRESENT,YES_IF_CACHE_TRUSTED,Cached value available from GM extraction.
U26,"=IF(Ec_IO!$G$24=""PSC/SC"",(P26-T26),0)",0,,Ec_IO,CACHE_PRESENT,YES_IF_CACHE_TRUSTED,Cached value available from GM extraction.
A27,=FLGT!A27,2046,,FLGT,CACHE_PRESENT,YES_IF_CACHE_TRUSTED,Cached value available from GM extraction.
B27,=FLGT!W27,0,,FLGT,CACHE_PRESENT,YES_IF_CACHE_TRUSTED,Cached value available from GM extraction.
C27,=FLGT!X27,0,,FLGT,CACHE_PRESENT,YES_IF_CACHE_TRUSTED,Cached value available from GM extraction.
D27,=FLGT!Y27,0,,FLGT,CACHE_PRESENT,YES_IF_CACHE_TRUSTED,Cached value available from GM extraction.
E27,=SUM(FLGT!AB27:AD27),0,,FLGT,CACHE_PRESENT,YES_IF_CACHE_TRUSTED,Cached value available from GM extraction.
F27,=FLGT!AE27+FLGT!AF27+FLGT!AG27+FLGT!AH27+FLGT!Z27,0,,FLGT,CACHE_PRESENT,YES_IF_CACHE_TRUSTED,Cached value available from GM extraction.
G27,=Cap_Allow!FP24,0,,Cap_Allow,CACHE_PRESENT,YES_IF_CACHE_TRUSTED,Cached value available from GM extraction.
H27,=Cap_Allow!GX24+Cap_Allow!HC24,0,,Cap_Allow,CACHE_PRESENT,YES_IF_CACHE_TRUSTED,Cached value available from GM extraction.
I27,=Cap_Allow!FI24,0,,Cap_Allow,CACHE_PRESENT,YES_IF_CACHE_TRUSTED,Cached value available from GM extraction.
J27,=CIT_NCF_Oil!Z27,0,,CIT_NCF_Oil,CACHE_PRESENT,YES_IF_CACHE_TRUSTED,Cached value available from GM extraction.
K27,=F27+H27+I27+G27+J27,0,,,CACHE_PRESENT,YES_IF_CACHE_TRUSTED,Cached value available from GM extraction.
L27,"=IF(Ec_IO!$G$22='Fiscal Terms_PIA'!$T$59,'Fiscal Terms_PIA'!$T$60*(D27-E27),'Fiscal Terms_PIA'!$U$60*(D27-E27))",0,,Ec_IO | Fiscal Terms_PIA,CACHE_PRESENT,YES_IF_CACHE_TRUSTED,Cached value available from GM extraction.
M27,=D27-E27-L27,0,,,CACHE_PRESENT,YES_IF_CACHE_TRUSTED,Cached value available from GM extraction.
N27,"=IF(AND(G27=0,D27=0),0,IF(L27-K27+N26<0,L27-K27+N26,0))",0,,,CACHE_PRESENT,YES_IF_CACHE_TRUSTED,Cached value available from GM extraction.
O27,"=IF(AND(G27=0,D27=0),0,IF(L27-K27+N26>0,L27-K27+N26,0))",0,,,CACHE_PRESENT,YES_IF_CACHE_TRUSTED,Cached value available from GM extraction.
P27,=O27+M27,0,,,CACHE_PRESENT,YES_IF_CACHE_TRUSTED,Cached value available from GM extraction.
Q27,=FLGT!D27,0,,FLGT,CACHE_PRESENT,YES_IF_CACHE_TRUSTED,Cached value available from GM extraction.
T27,"=IFERROR(S27*P27,0)",0,,,CACHE_PRESENT,YES_IF_CACHE_TRUSTED,Cached value available from GM extraction.
U27,"=IF(Ec_IO!$G$24=""PSC/SC"",(P27-T27),0)",0,,Ec_IO,CACHE_PRESENT,YES_IF_CACHE_TRUSTED,Cached value available from GM extraction.
A28,=FLGT!A28,2047,,FLGT,CACHE_PRESENT,YES_IF_CACHE_TRUSTED,Cached value available from GM extraction.
B28,=FLGT!W28,0,,FLGT,CACHE_PRESENT,YES_IF_CACHE_TRUSTED,Cached value available from GM extraction.
C28,=FLGT!X28,0,,FLGT,CACHE_PRESENT,YES_IF_CACHE_TRUSTED,Cached value available from GM extraction.
D28,=FLGT!Y28,0,,FLGT,CACHE_PRESENT,YES_IF_CACHE_TRUSTED,Cached value available from GM extraction.
E28,=SUM(FLGT!AB28:AD28),0,,FLGT,CACHE_PRESENT,YES_IF_CACHE_TRUSTED,Cached value available from GM extraction.
F28,=FLGT!AE28+FLGT!AF28+FLGT!AG28+FLGT!AH28+FLGT!Z28,0,,FLGT,CACHE_PRESENT,YES_IF_CACHE_TRUSTED,Cached value available from GM extraction.
G28,=Cap_Allow!FP25,0,,Cap_Allow,CACHE_PRESENT,YES_IF_CACHE_TRUSTED,Cached value available from GM extraction.
H28,=Cap_Allow!GX25+Cap_Allow!HC25,0,,Cap_Allow,CACHE_PRESENT,YES_IF_CACHE_TRUSTED,Cached value available from GM extraction.
I28,=Cap_Allow!FI25,0,,Cap_Allow,CACHE_PRESENT,YES_IF_CACHE_TRUSTED,Cached value available from GM extraction.
J28,=CIT_NCF_Oil!Z28,0,,CIT_NCF_Oil,CACHE_PRESENT,YES_IF_CACHE_TRUSTED,Cached value available from GM extraction.
K28,=F28+H28+I28+G28+J28,0,,,CACHE_PRESENT,YES_IF_CACHE_TRUSTED,Cached value available from GM extraction.
L28,"=IF(Ec_IO!$G$22='Fiscal Terms_PIA'!$T$59,'Fiscal Terms_PIA'!$T$60*(D28-E28),'Fiscal Terms_PIA'!$U$60*(D28-E28))",0,,Ec_IO | Fiscal Terms_PIA,CACHE_PRESENT,YES_IF_CACHE_TRUSTED,Cached value available from GM extraction.
M28,=D28-E28-L28,0,,,CACHE_PRESENT,YES_IF_CACHE_TRUSTED,Cached value available from GM extraction.
N28,"=IF(AND(G28=0,D28=0),0,IF(L28-K28+N27<0,L28-K28+N27,0))",0,,,CACHE_PRESENT,YES_IF_CACHE_TRUSTED,Cached value available from GM extraction.
O28,"=IF(AND(G28=0,D28=0),0,IF(L28-K28+N27>0,L28-K28+N27,0))",0,,,CACHE_PRESENT,YES_IF_CACHE_TRUSTED,Cached value available from GM extraction.
P28,=O28+M28,0,,,CACHE_PRESENT,YES_IF_CACHE_TRUSTED,Cached value available from GM extraction.
Q28,=FLGT!D28,0,,FLGT,CACHE_PRESENT,YES_IF_CACHE_TRUSTED,Cached value available from GM extraction.
T28,"=IFERROR(S28*P28,0)",0,,,CACHE_PRESENT,YES_IF_CACHE_TRUSTED,Cached value available from GM extraction.
U28,"=IF(Ec_IO!$G$24=""PSC/SC"",(P28-T28),0)",0,,Ec_IO,CACHE_PRESENT,YES_IF_CACHE_TRUSTED,Cached value available from GM extraction.
A29,=FLGT!A29,2048,,FLGT,CACHE_PRESENT,YES_IF_CACHE_TRUSTED,Cached value available from GM extraction.
B29,=FLGT!W29,0,,FLGT,CACHE_PRESENT,YES_IF_CACHE_TRUSTED,Cached value available from GM extraction.
C29,=FLGT!X29,0,,FLGT,CACHE_PRESENT,YES_IF_CACHE_TRUSTED,Cached value available from GM extraction.
D29,=FLGT!Y29,0,,FLGT,CACHE_PRESENT,YES_IF_CACHE_TRUSTED,Cached value available from GM extraction.
E29,=SUM(FLGT!AB29:AD29),0,,FLGT,CACHE_PRESENT,YES_IF_CACHE_TRUSTED,Cached value available from GM extraction.
F29,=FLGT!AE29+FLGT!AF29+FLGT!AG29+FLGT!AH29+FLGT!Z29,0,,FLGT,CACHE_PRESENT,YES_IF_CACHE_TRUSTED,Cached value available from GM extraction.
G29,=Cap_Allow!FP26,0,,Cap_Allow,CACHE_PRESENT,YES_IF_CACHE_TRUSTED,Cached value available from GM extraction.
H29,=Cap_Allow!GX26+Cap_Allow!HC26,0,,Cap_Allow,CACHE_PRESENT,YES_IF_CACHE_TRUSTED,Cached value available from GM extraction.
I29,=Cap_Allow!FI26,0,,Cap_Allow,CACHE_PRESENT,YES_IF_CACHE_TRUSTED,Cached value available from GM extraction.
J29,=CIT_NCF_Oil!Z29,0,,CIT_NCF_Oil,CACHE_PRESENT,YES_IF_CACHE_TRUSTED,Cached value available from GM extraction.
K29,=F29+H29+I29+G29+J29,0,,,CACHE_PRESENT,YES_IF_CACHE_TRUSTED,Cached value available from GM extraction.
L29,"=IF(Ec_IO!$G$22='Fiscal Terms_PIA'!$T$59,'Fiscal Terms_PIA'!$T$60*(D29-E29),'Fiscal Terms_PIA'!$U$60*(D29-E29))",0,,Ec_IO | Fiscal Terms_PIA,CACHE_PRESENT,YES_IF_CACHE_TRUSTED,Cached value available from GM extraction.
M29,=D29-E29-L29,0,,,CACHE_PRESENT,YES_IF_CACHE_TRUSTED,Cached value available from GM extraction.
N29,"=IF(AND(G29=0,D29=0),0,IF(L29-K29+N28<0,L29-K29+N28,0))",0,,,CACHE_PRESENT,YES_IF_CACHE_TRUSTED,Cached value available from GM extraction.
O29,"=IF(AND(G29=0,D29=0),0,IF(L29-K29+N28>0,L29-K29+N28,0))",0,,,CACHE_PRESENT,YES_IF_CACHE_TRUSTED,Cached value available from GM extraction.
P29,=O29+M29,0,,,CACHE_PRESENT,YES_IF_CACHE_TRUSTED,Cached value available from GM extraction.
Q29,=FLGT!D29,0,,FLGT,CACHE_PRESENT,YES_IF_CACHE_TRUSTED,Cached value available from GM extraction.
T29,"=IFERROR(S29*P29,0)",0,,,CACHE_PRESENT,YES_IF_CACHE_TRUSTED,Cached value available from GM extraction.
U29,"=IF(Ec_IO!$G$24=""PSC/SC"",(P29-T29),0)",0,,Ec_IO,CACHE_PRESENT,YES_IF_CACHE_TRUSTED,Cached value available from GM extraction.
A30,=FLGT!A30,2049,,FLGT,CACHE_PRESENT,YES_IF_CACHE_TRUSTED,Cached value available from GM extraction.
B30,=FLGT!W30,0,,FLGT,CACHE_PRESENT,YES_IF_CACHE_TRUSTED,Cached value available from GM extraction.
C30,=FLGT!X30,0,,FLGT,CACHE_PRESENT,YES_IF_CACHE_TRUSTED,Cached value available from GM extraction.
D30,=FLGT!Y30,0,,FLGT,CACHE_PRESENT,YES_IF_CACHE_TRUSTED,Cached value available from GM extraction.
E30,=SUM(FLGT!AB30:AD30),0,,FLGT,CACHE_PRESENT,YES_IF_CACHE_TRUSTED,Cached value available from GM extraction.
F30,=FLGT!AE30+FLGT!AF30+FLGT!AG30+FLGT!AH30+FLGT!Z30,0,,FLGT,CACHE_PRESENT,YES_IF_CACHE_TRUSTED,Cached value available from GM extraction.
G30,=Cap_Allow!FP27,0,,Cap_Allow,CACHE_PRESENT,YES_IF_CACHE_TRUSTED,Cached value available from GM extraction.
H30,=Cap_Allow!GX27+Cap_Allow!HC27,0,,Cap_Allow,CACHE_PRESENT,YES_IF_CACHE_TRUSTED,Cached value available from GM extraction.
I30,=Cap_Allow!FI27,0,,Cap_Allow,CACHE_PRESENT,YES_IF_CACHE_TRUSTED,Cached value available from GM extraction.
J30,=CIT_NCF_Oil!Z30,0,,CIT_NCF_Oil,CACHE_PRESENT,YES_IF_CACHE_TRUSTED,Cached value available from GM extraction.
K30,=F30+H30+I30+G30+J30,0,,,CACHE_PRESENT,YES_IF_CACHE_TRUSTED,Cached value available from GM extraction.
L30,"=IF(Ec_IO!$G$22='Fiscal Terms_PIA'!$T$59,'Fiscal Terms_PIA'!$T$60*(D30-E30),'Fiscal Terms_PIA'!$U$60*(D30-E30))",0,,Ec_IO | Fiscal Terms_PIA,CACHE_PRESENT,YES_IF_CACHE_TRUSTED,Cached value available from GM extraction.
M30,=D30-E30-L30,0,,,CACHE_PRESENT,YES_IF_CACHE_TRUSTED,Cached value available from GM extraction.
N30,"=IF(AND(G30=0,D30=0),0,IF(L30-K30+N29<0,L30-K30+N29,0))",0,,,CACHE_PRESENT,YES_IF_CACHE_TRUSTED,Cached value available from GM extraction.
O30,"=IF(AND(G30=0,D30=0),0,IF(L30-K30+N29>0,L30-K30+N29,0))",0,,,CACHE_PRESENT,YES_IF_CACHE_TRUSTED,Cached value available from GM extraction.
P30,=O30+M30,0,,,CACHE_PRESENT,YES_IF_CACHE_TRUSTED,Cached value available from GM extraction.
Q30,=FLGT!D30,0,,FLGT,CACHE_PRESENT,YES_IF_CACHE_TRUSTED,Cached value available from GM extraction.
T30,"=IFERROR(S30*P30,0)",0,,,CACHE_PRESENT,YES_IF_CACHE_TRUSTED,Cached value available from GM extraction.
U30,"=IF(Ec_IO!$G$24=""PSC/SC"",(P30-T30),0)",0,,Ec_IO,CACHE_PRESENT,YES_IF_CACHE_TRUSTED,Cached value available from GM extraction.
A31,=FLGT!A31,2050,,FLGT,CACHE_PRESENT,YES_IF_CACHE_TRUSTED,Cached value available from GM extraction.
B31,=FLGT!W31,0,,FLGT,CACHE_PRESENT,YES_IF_CACHE_TRUSTED,Cached value available from GM extraction.
C31,=FLGT!X31,0,,FLGT,CACHE_PRESENT,YES_IF_CACHE_TRUSTED,Cached value available from GM extraction.
D31,=FLGT!Y31,0,,FLGT,CACHE_PRESENT,YES_IF_CACHE_TRUSTED,Cached value available from GM extraction.
E31,=SUM(FLGT!AB31:AD31),0,,FLGT,CACHE_PRESENT,YES_IF_CACHE_TRUSTED,Cached value available from GM extraction.
F31,=FLGT!AE31+FLGT!AF31+FLGT!AG31+FLGT!AH31+FLGT!Z31,0,,FLGT,CACHE_PRESENT,YES_IF_CACHE_TRUSTED,Cached value available from GM extraction.
G31,=Cap_Allow!FP28,0,,Cap_Allow,CACHE_PRESENT,YES_IF_CACHE_TRUSTED,Cached value available from GM extraction.
H31,=Cap_Allow!GX28+Cap_Allow!HC28,0,,Cap_Allow,CACHE_PRESENT,YES_IF_CACHE_TRUSTED,Cached value available from GM extraction.
I31,=Cap_Allow!FI28,0,,Cap_Allow,CACHE_PRESENT,YES_IF_CACHE_TRUSTED,Cached value available from GM extraction.
J31,=CIT_NCF_Oil!Z31,0,,CIT_NCF_Oil,CACHE_PRESENT,YES_IF_CACHE_TRUSTED,Cached value available from GM extraction.
K31,=F31+H31+I31+G31+J31,0,,,CACHE_PRESENT,YES_IF_CACHE_TRUSTED,Cached value available from GM extraction.
L31,"=IF(Ec_IO!$G$22='Fiscal Terms_PIA'!$T$59,'Fiscal Terms_PIA'!$T$60*(D31-E31),'Fiscal Terms_PIA'!$U$60*(D31-E31))",0,,Ec_IO | Fiscal Terms_PIA,CACHE_PRESENT,YES_IF_CACHE_TRUSTED,Cached value available from GM extraction.
M31,=D31-E31-L31,0,,,CACHE_PRESENT,YES_IF_CACHE_TRUSTED,Cached value available from GM extraction.
N31,"=IF(AND(G31=0,D31=0),0,IF(L31-K31+N30<0,L31-K31+N30,0))",0,,,CACHE_PRESENT,YES_IF_CACHE_TRUSTED,Cached value available from GM extraction.
O31,"=IF(AND(G31=0,D31=0),0,IF(L31-K31+N30>0,L31-K31+N30,0))",0,,,CACHE_PRESENT,YES_IF_CACHE_TRUSTED,Cached value available from GM extraction.
P31,=O31+M31,0,,,CACHE_PRESENT,YES_IF_CACHE_TRUSTED,Cached value available from GM extraction.
Q31,=FLGT!D31,0,,FLGT,CACHE_PRESENT,YES_IF_CACHE_TRUSTED,Cached value available from GM extraction.
T31,"=IFERROR(S31*P31,0)",0,,,CACHE_PRESENT,YES_IF_CACHE_TRUSTED,Cached value available from GM extraction.
U31,"=IF(Ec_IO!$G$24=""PSC/SC"",(P31-T31),0)",0,,Ec_IO,CACHE_PRESENT,YES_IF_CACHE_TRUSTED,Cached value available from GM extraction.
A32,=FLGT!A32,2051,,FLGT,CACHE_PRESENT,YES_IF_CACHE_TRUSTED,Cached value available from GM extraction.
B32,=FLGT!W32,0,,FLGT,CACHE_PRESENT,YES_IF_CACHE_TRUSTED,Cached value available from GM extraction.
C32,=FLGT!X32,0,,FLGT,CACHE_PRESENT,YES_IF_CACHE_TRUSTED,Cached value available from GM extraction.
D32,=FLGT!Y32,0,,FLGT,CACHE_PRESENT,YES_IF_CACHE_TRUSTED,Cached value available from GM extraction.
E32,=SUM(FLGT!AB32:AD32),0,,FLGT,CACHE_PRESENT,YES_IF_CACHE_TRUSTED,Cached value available from GM extraction.
F32,=FLGT!AE32+FLGT!AF32+FLGT!AG32+FLGT!AH32+FLGT!Z32,0,,FLGT,CACHE_PRESENT,YES_IF_CACHE_TRUSTED,Cached value available from GM extraction.
G32,=Cap_Allow!FP29,0,,Cap_Allow,CACHE_PRESENT,YES_IF_CACHE_TRUSTED,Cached value available from GM extraction.
H32,=Cap_Allow!GX29+Cap_Allow!HC29,0,,Cap_Allow,CACHE_PRESENT,YES_IF_CACHE_TRUSTED,Cached value available from GM extraction.
I32,=Cap_Allow!FI29,0,,Cap_Allow,CACHE_PRESENT,YES_IF_CACHE_TRUSTED,Cached value available from GM extraction.
J32,=CIT_NCF_Oil!Z32,0,,CIT_NCF_Oil,CACHE_PRESENT,YES_IF_CACHE_TRUSTED,Cached value available from GM extraction.
K32,=F32+H32+I32+G32+J32,0,,,CACHE_PRESENT,YES_IF_CACHE_TRUSTED,Cached value available from GM extraction.
L32,"=IF(Ec_IO!$G$22='Fiscal Terms_PIA'!$T$59,'Fiscal Terms_PIA'!$T$60*(D32-E32),'Fiscal Terms_PIA'!$U$60*(D32-E32))",0,,Ec_IO | Fiscal Terms_PIA,CACHE_PRESENT,YES_IF_CACHE_TRUSTED,Cached value available from GM extraction.
M32,=D32-E32-L32,0,,,CACHE_PRESENT,YES_IF_CACHE_TRUSTED,Cached value available from GM extraction.
N32,"=IF(AND(G32=0,D32=0),0,IF(L32-K32+N31<0,L32-K32+N31,0))",0,,,CACHE_PRESENT,YES_IF_CACHE_TRUSTED,Cached value available from GM extraction.
O32,"=IF(AND(G32=0,D32=0),0,IF(L32-K32+N31>0,L32-K32+N31,0))",0,,,CACHE_PRESENT,YES_IF_CACHE_TRUSTED,Cached value available from GM extraction.
P32,=O32+M32,0,,,CACHE_PRESENT,YES_IF_CACHE_TRUSTED,Cached value available from GM extraction.
Q32,=FLGT!D32,0,,FLGT,CACHE_PRESENT,YES_IF_CACHE_TRUSTED,Cached value available from GM extraction.
T32,"=IFERROR(S32*P32,0)",0,,,CACHE_PRESENT,YES_IF_CACHE_TRUSTED,Cached value available from GM extraction.
U32,"=IF(Ec_IO!$G$24=""PSC/SC"",(P32-T32),0)",0,,Ec_IO,CACHE_PRESENT,YES_IF_CACHE_TRUSTED,Cached value available from GM extraction.
A33,=FLGT!A33,2052,,FLGT,CACHE_PRESENT,YES_IF_CACHE_TRUSTED,Cached value available from GM extraction.
B33,=FLGT!W33,0,,FLGT,CACHE_PRESENT,YES_IF_CACHE_TRUSTED,Cached value available from GM extraction.
C33,=FLGT!X33,0,,FLGT,CACHE_PRESENT,YES_IF_CACHE_TRUSTED,Cached value available from GM extraction.
D33,=FLGT!Y33,0,,FLGT,CACHE_PRESENT,YES_IF_CACHE_TRUSTED,Cached value available from GM extraction.
E33,=SUM(FLGT!AB33:AD33),0,,FLGT,CACHE_PRESENT,YES_IF_CACHE_TRUSTED,Cached value available from GM extraction.
F33,=FLGT!AE33+FLGT!AF33+FLGT!AG33+FLGT!AH33+FLGT!Z33,0,,FLGT,CACHE_PRESENT,YES_IF_CACHE_TRUSTED,Cached value available from GM extraction.
G33,=Cap_Allow!FP30,0,,Cap_Allow,CACHE_PRESENT,YES_IF_CACHE_TRUSTED,Cached value available from GM extraction.
H33,=Cap_Allow!GX30+Cap_Allow!HC30,0,,Cap_Allow,CACHE_PRESENT,YES_IF_CACHE_TRUSTED,Cached value available from GM extraction.
I33,=Cap_Allow!FI30,0,,Cap_Allow,CACHE_PRESENT,YES_IF_CACHE_TRUSTED,Cached value available from GM extraction.
J33,=CIT_NCF_Oil!Z33,0,,CIT_NCF_Oil,CACHE_PRESENT,YES_IF_CACHE_TRUSTED,Cached value available from GM extraction.
K33,=F33+H33+I33+G33+J33,0,,,CACHE_PRESENT,YES_IF_CACHE_TRUSTED,Cached value available from GM extraction.
L33,"=IF(Ec_IO!$G$22='Fiscal Terms_PIA'!$T$59,'Fiscal Terms_PIA'!$T$60*(D33-E33),'Fiscal Terms_PIA'!$U$60*(D33-E33))",0,,Ec_IO | Fiscal Terms_PIA,CACHE_PRESENT,YES_IF_CACHE_TRUSTED,Cached value available from GM extraction.
M33,=D33-E33-L33,0,,,CACHE_PRESENT,YES_IF_CACHE_TRUSTED,Cached value available from GM extraction.
N33,"=IF(AND(G33=0,D33=0),0,IF(L33-K33+N32<0,L33-K33+N32,0))",0,,,CACHE_PRESENT,YES_IF_CACHE_TRUSTED,Cached value available from GM extraction.
O33,"=IF(AND(G33=0,D33=0),0,IF(L33-K33+N32>0,L33-K33+N32,0))",0,,,CACHE_PRESENT,YES_IF_CACHE_TRUSTED,Cached value available from GM extraction.
P33,=O33+M33,0,,,CACHE_PRESENT,YES_IF_CACHE_TRUSTED,Cached value available from GM extraction.
Q33,=FLGT!D33,0,,FLGT,CACHE_PRESENT,YES_IF_CACHE_TRUSTED,Cached value available from GM extraction.
T33,"=IFERROR(S33*P33,0)",0,,,CACHE_PRESENT,YES_IF_CACHE_TRUSTED,Cached value available from GM extraction.
U33,"=IF(Ec_IO!$G$24=""PSC/SC"",(P33-T33),0)",0,,Ec_IO,CACHE_PRESENT,YES_IF_CACHE_TRUSTED,Cached value available from GM extraction.
A34,=FLGT!A34,2053,,FLGT,CACHE_PRESENT,YES_IF_CACHE_TRUSTED,Cached value available from GM extraction.
B34,=FLGT!W34,0,,FLGT,CACHE_PRESENT,YES_IF_CACHE_TRUSTED,Cached value available from GM extraction.
C34,=FLGT!X34,0,,FLGT,CACHE_PRESENT,YES_IF_CACHE_TRUSTED,Cached value available from GM extraction.
D34,=FLGT!Y34,0,,FLGT,CACHE_PRESENT,YES_IF_CACHE_TRUSTED,Cached value available from GM extraction.
E34,=SUM(FLGT!AB34:AD34),0,,FLGT,CACHE_PRESENT,YES_IF_CACHE_TRUSTED,Cached value available from GM extraction.
F34,=FLGT!AE34+FLGT!AF34+FLGT!AG34+FLGT!AH34+FLGT!Z34,0,,FLGT,CACHE_PRESENT,YES_IF_CACHE_TRUSTED,Cached value available from GM extraction.
G34,=Cap_Allow!FP31,0,,Cap_Allow,CACHE_PRESENT,YES_IF_CACHE_TRUSTED,Cached value available from GM extraction.
H34,=Cap_Allow!GX31+Cap_Allow!HC31,0,,Cap_Allow,CACHE_PRESENT,YES_IF_CACHE_TRUSTED,Cached value available from GM extraction.
I34,=Cap_Allow!FI31,0,,Cap_Allow,CACHE_PRESENT,YES_IF_CACHE_TRUSTED,Cached value available from GM extraction.
J34,=CIT_NCF_Oil!Z34,0,,CIT_NCF_Oil,CACHE_PRESENT,YES_IF_CACHE_TRUSTED,Cached value available from GM extraction.
K34,=F34+H34+I34+G34+J34,0,,,CACHE_PRESENT,YES_IF_CACHE_TRUSTED,Cached value available from GM extraction.
L34,"=IF(Ec_IO!$G$22='Fiscal Terms_PIA'!$T$59,'Fiscal Terms_PIA'!$T$60*(D34-E34),'Fiscal Terms_PIA'!$U$60*(D34-E34))",0,,Ec_IO | Fiscal Terms_PIA,CACHE_PRESENT,YES_IF_CACHE_TRUSTED,Cached value available from GM extraction.
M34,=D34-E34-L34,0,,,CACHE_PRESENT,YES_IF_CACHE_TRUSTED,Cached value available from GM extraction.
N34,"=IF(AND(G34=0,D34=0),0,IF(L34-K34+N33<0,L34-K34+N33,0))",0,,,CACHE_PRESENT,YES_IF_CACHE_TRUSTED,Cached value available from GM extraction.
O34,"=IF(AND(G34=0,D34=0),0,IF(L34-K34+N33>0,L34-K34+N33,0))",0,,,CACHE_PRESENT,YES_IF_CACHE_TRUSTED,Cached value available from GM extraction.
P34,=O34+M34,0,,,CACHE_PRESENT,YES_IF_CACHE_TRUSTED,Cached value available from GM extraction.
Q34,=FLGT!D34,0,,FLGT,CACHE_PRESENT,YES_IF_CACHE_TRUSTED,Cached value available from GM extraction.
T34,"=IFERROR(S34*P34,0)",0,,,CACHE_PRESENT,YES_IF_CACHE_TRUSTED,Cached value available from GM extraction.
U34,"=IF(Ec_IO!$G$24=""PSC/SC"",(P34-T34),0)",0,,Ec_IO,CACHE_PRESENT,YES_IF_CACHE_TRUSTED,Cached value available from GM extraction.
A35,=FLGT!A35,2054,,FLGT,CACHE_PRESENT,YES_IF_CACHE_TRUSTED,Cached value available from GM extraction.
B35,=FLGT!W35,0,,FLGT,CACHE_PRESENT,YES_IF_CACHE_TRUSTED,Cached value available from GM extraction.
C35,=FLGT!X35,0,,FLGT,CACHE_PRESENT,YES_IF_CACHE_TRUSTED,Cached value available from GM extraction.
D35,=FLGT!Y35,0,,FLGT,CACHE_PRESENT,YES_IF_CACHE_TRUSTED,Cached value available from GM extraction.
E35,=SUM(FLGT!AB35:AD35),0,,FLGT,CACHE_PRESENT,YES_IF_CACHE_TRUSTED,Cached value available from GM extraction.
F35,=FLGT!AE35+FLGT!AF35+FLGT!AG35+FLGT!AH35+FLGT!Z35,0,,FLGT,CACHE_PRESENT,YES_IF_CACHE_TRUSTED,Cached value available from GM extraction.
G35,=Cap_Allow!FP32,0,,Cap_Allow,CACHE_PRESENT,YES_IF_CACHE_TRUSTED,Cached value available from GM extraction.
H35,=Cap_Allow!GX32+Cap_Allow!HC32,0,,Cap_Allow,CACHE_PRESENT,YES_IF_CACHE_TRUSTED,Cached value available from GM extraction.
I35,=Cap_Allow!FI32,0,,Cap_Allow,CACHE_PRESENT,YES_IF_CACHE_TRUSTED,Cached value available from GM extraction.
J35,=CIT_NCF_Oil!Z35,0,,CIT_NCF_Oil,CACHE_PRESENT,YES_IF_CACHE_TRUSTED,Cached value available from GM extraction.
K35,=F35+H35+I35+G35+J35,0,,,CACHE_PRESENT,YES_IF_CACHE_TRUSTED,Cached value available from GM extraction.
L35,"=IF(Ec_IO!$G$22='Fiscal Terms_PIA'!$T$59,'Fiscal Terms_PIA'!$T$60*(D35-E35),'Fiscal Terms_PIA'!$U$60*(D35-E35))",0,,Ec_IO | Fiscal Terms_PIA,CACHE_PRESENT,YES_IF_CACHE_TRUSTED,Cached value available from GM extraction.
M35,=D35-E35-L35,0,,,CACHE_PRESENT,YES_IF_CACHE_TRUSTED,Cached value available from GM extraction.
N35,"=IF(AND(G35=0,D35=0),0,IF(L35-K35+N34<0,L35-K35+N34,0))",0,,,CACHE_PRESENT,YES_IF_CACHE_TRUSTED,Cached value available from GM extraction.
O35,"=IF(AND(G35=0,D35=0),0,IF(L35-K35+N34>0,L35-K35+N34,0))",0,,,CACHE_PRESENT,YES_IF_CACHE_TRUSTED,Cached value available from GM extraction.
P35,=O35+M35,0,,,CACHE_PRESENT,YES_IF_CACHE_TRUSTED,Cached value available from GM extraction.
Q35,=FLGT!D35,0,,FLGT,CACHE_PRESENT,YES_IF_CACHE_TRUSTED,Cached value available from GM extraction.
T35,"=IFERROR(S35*P35,0)",0,,,CACHE_PRESENT,YES_IF_CACHE_TRUSTED,Cached value available from GM extraction.
U35,"=IF(Ec_IO!$G$24=""PSC/SC"",(P35-T35),0)",0,,Ec_IO,CACHE_PRESENT,YES_IF_CACHE_TRUSTED,Cached value available from GM extraction.
A36,=FLGT!A36,2055,,FLGT,CACHE_PRESENT,YES_IF_CACHE_TRUSTED,Cached value available from GM extraction.
B36,=FLGT!W36,0,,FLGT,CACHE_PRESENT,YES_IF_CACHE_TRUSTED,Cached value available from GM extraction.
C36,=FLGT!X36,0,,FLGT,CACHE_PRESENT,YES_IF_CACHE_TRUSTED,Cached value available from GM extraction.
D36,=FLGT!Y36,0,,FLGT,CACHE_PRESENT,YES_IF_CACHE_TRUSTED,Cached value available from GM extraction.
E36,=SUM(FLGT!AB36:AD36),0,,FLGT,CACHE_PRESENT,YES_IF_CACHE_TRUSTED,Cached value available from GM extraction.
F36,=FLGT!AE36+FLGT!AF36+FLGT!AG36+FLGT!AH36+FLGT!Z36,0,,FLGT,CACHE_PRESENT,YES_IF_CACHE_TRUSTED,Cached value available from GM extraction.
G36,=Cap_Allow!FP33,0,,Cap_Allow,CACHE_PRESENT,YES_IF_CACHE_TRUSTED,Cached value available from GM extraction.
H36,=Cap_Allow!GX33+Cap_Allow!HC33,0,,Cap_Allow,CACHE_PRESENT,YES_IF_CACHE_TRUSTED,Cached value available from GM extraction.
I36,=Cap_Allow!FI33,0,,Cap_Allow,CACHE_PRESENT,YES_IF_CACHE_TRUSTED,Cached value available from GM extraction.
J36,=CIT_NCF_Oil!Z36,0,,CIT_NCF_Oil,CACHE_PRESENT,YES_IF_CACHE_TRUSTED,Cached value available from GM extraction.
K36,=F36+H36+I36+G36+J36,0,,,CACHE_PRESENT,YES_IF_CACHE_TRUSTED,Cached value available from GM extraction.
L36,"=IF(Ec_IO!$G$22='Fiscal Terms_PIA'!$T$59,'Fiscal Terms_PIA'!$T$60*(D36-E36),'Fiscal Terms_PIA'!$U$60*(D36-E36))",0,,Ec_IO | Fiscal Terms_PIA,CACHE_PRESENT,YES_IF_CACHE_TRUSTED,Cached value available from GM extraction.
M36,=D36-E36-L36,0,,,CACHE_PRESENT,YES_IF_CACHE_TRUSTED,Cached value available from GM extraction.
N36,"=IF(AND(G36=0,D36=0),0,IF(L36-K36+N35<0,L36-K36+N35,0))",0,,,CACHE_PRESENT,YES_IF_CACHE_TRUSTED,Cached value available from GM extraction.
O36,"=IF(AND(G36=0,D36=0),0,IF(L36-K36+N35>0,L36-K36+N35,0))",0,,,CACHE_PRESENT,YES_IF_CACHE_TRUSTED,Cached value available from GM extraction.
P36,=O36+M36,0,,,CACHE_PRESENT,YES_IF_CACHE_TRUSTED,Cached value available from GM extraction.
Q36,=FLGT!D36,0,,FLGT,CACHE_PRESENT,YES_IF_CACHE_TRUSTED,Cached value available from GM extraction.
T36,"=IFERROR(S36*P36,0)",0,,,CACHE_PRESENT,YES_IF_CACHE_TRUSTED,Cached value available from GM extraction.
U36,"=IF(Ec_IO!$G$24=""PSC/SC"",(P36-T36),0)",0,,Ec_IO,CACHE_PRESENT,YES_IF_CACHE_TRUSTED,Cached value available from GM extraction.
A37,=FLGT!A37,2056,,FLGT,CACHE_PRESENT,YES_IF_CACHE_TRUSTED,Cached value available from GM extraction.
B37,=FLGT!W37,0,,FLGT,CACHE_PRESENT,YES_IF_CACHE_TRUSTED,Cached value available from GM extraction.
C37,=FLGT!X37,0,,FLGT,CACHE_PRESENT,YES_IF_CACHE_TRUSTED,Cached value available from GM extraction.
D37,=FLGT!Y37,0,,FLGT,CACHE_PRESENT,YES_IF_CACHE_TRUSTED,Cached value available from GM extraction.
E37,=SUM(FLGT!AB37:AD37),0,,FLGT,CACHE_PRESENT,YES_IF_CACHE_TRUSTED,Cached value available from GM extraction.
F37,=FLGT!AE37+FLGT!AF37+FLGT!AG37+FLGT!AH37+FLGT!Z37,0,,FLGT,CACHE_PRESENT,YES_IF_CACHE_TRUSTED,Cached value available from GM extraction.
G37,=Cap_Allow!FP34,0,,Cap_Allow,CACHE_PRESENT,YES_IF_CACHE_TRUSTED,Cached value available from GM extraction.
H37,=Cap_Allow!GX34+Cap_Allow!HC34,0,,Cap_Allow,CACHE_PRESENT,YES_IF_CACHE_TRUSTED,Cached value available from GM extraction.
I37,=Cap_Allow!FI34,0,,Cap_Allow,CACHE_PRESENT,YES_IF_CACHE_TRUSTED,Cached value available from GM extraction.
J37,=CIT_NCF_Oil!Z37,0,,CIT_NCF_Oil,CACHE_PRESENT,YES_IF_CACHE_TRUSTED,Cached value available from GM extraction.
K37,=F37+H37+I37+G37+J37,0,,,CACHE_PRESENT,YES_IF_CACHE_TRUSTED,Cached value available from GM extraction.
L37,"=IF(Ec_IO!$G$22='Fiscal Terms_PIA'!$T$59,'Fiscal Terms_PIA'!$T$60*(D37-E37),'Fiscal Terms_PIA'!$U$60*(D37-E37))",0,,Ec_IO | Fiscal Terms_PIA,CACHE_PRESENT,YES_IF_CACHE_TRUSTED,Cached value available from GM extraction.
M37,=D37-E37-L37,0,,,CACHE_PRESENT,YES_IF_CACHE_TRUSTED,Cached value available from GM extraction.
N37,"=IF(AND(G37=0,D37=0),0,IF(L37-K37+N36<0,L37-K37+N36,0))",0,,,CACHE_PRESENT,YES_IF_CACHE_TRUSTED,Cached value available from GM extraction.
O37,"=IF(AND(G37=0,D37=0),0,IF(L37-K37+N36>0,L37-K37+N36,0))",0,,,CACHE_PRESENT,YES_IF_CACHE_TRUSTED,Cached value available from GM extraction.
P37,=O37+M37,0,,,CACHE_PRESENT,YES_IF_CACHE_TRUSTED,Cached value available from GM extraction.
Q37,=FLGT!D37,0,,FLGT,CACHE_PRESENT,YES_IF_CACHE_TRUSTED,Cached value available from GM extraction.
T37,"=IFERROR(S37*P37,0)",0,,,CACHE_PRESENT,YES_IF_CACHE_TRUSTED,Cached value available from GM extraction.
U37,"=IF(Ec_IO!$G$24=""PSC/SC"",(P37-T37),0)",0,,Ec_IO,CACHE_PRESENT,YES_IF_CACHE_TRUSTED,Cached value available from GM extraction.
A38,=FLGT!A38,2057,,FLGT,CACHE_PRESENT,YES_IF_CACHE_TRUSTED,Cached value available from GM extraction.
B38,=FLGT!W38,0,,FLGT,CACHE_PRESENT,YES_IF_CACHE_TRUSTED,Cached value available from GM extraction.
C38,=FLGT!X38,0,,FLGT,CACHE_PRESENT,YES_IF_CACHE_TRUSTED,Cached value available from GM extraction.
D38,=FLGT!Y38,0,,FLGT,CACHE_PRESENT,YES_IF_CACHE_TRUSTED,Cached value available from GM extraction.
E38,=SUM(FLGT!AB38:AD38),0,,FLGT,CACHE_PRESENT,YES_IF_CACHE_TRUSTED,Cached value available from GM extraction.
F38,=FLGT!AE38+FLGT!AF38+FLGT!AG38+FLGT!AH38+FLGT!Z38,0,,FLGT,CACHE_PRESENT,YES_IF_CACHE_TRUSTED,Cached value available from GM extraction.
G38,=Cap_Allow!FP35,0,,Cap_Allow,CACHE_PRESENT,YES_IF_CACHE_TRUSTED,Cached value available from GM extraction.
H38,=Cap_Allow!GX35+Cap_Allow!HC35,0,,Cap_Allow,CACHE_PRESENT,YES_IF_CACHE_TRUSTED,Cached value available from GM extraction.
I38,=Cap_Allow!FI35,0,,Cap_Allow,CACHE_PRESENT,YES_IF_CACHE_TRUSTED,Cached value available from GM extraction.
J38,=CIT_NCF_Oil!Z38,0,,CIT_NCF_Oil,CACHE_PRESENT,YES_IF_CACHE_TRUSTED,Cached value available from GM extraction.
K38,=F38+H38+I38+G38+J38,0,,,CACHE_PRESENT,YES_IF_CACHE_TRUSTED,Cached value available from GM extraction.
L38,"=IF(Ec_IO!$G$22='Fiscal Terms_PIA'!$T$59,'Fiscal Terms_PIA'!$T$60*(D38-E38),'Fiscal Terms_PIA'!$U$60*(D38-E38))",0,,Ec_IO | Fiscal Terms_PIA,CACHE_PRESENT,YES_IF_CACHE_TRUSTED,Cached value available from GM extraction.
M38,=D38-E38-L38,0,,,CACHE_PRESENT,YES_IF_CACHE_TRUSTED,Cached value available from GM extraction.
N38,"=IF(AND(G38=0,D38=0),0,IF(L38-K38+N37<0,L38-K38+N37,0))",0,,,CACHE_PRESENT,YES_IF_CACHE_TRUSTED,Cached value available from GM extraction.
O38,"=IF(AND(G38=0,D38=0),0,IF(L38-K38+N37>0,L38-K38+N37,0))",0,,,CACHE_PRESENT,YES_IF_CACHE_TRUSTED,Cached value available from GM extraction.
P38,=O38+M38,0,,,CACHE_PRESENT,YES_IF_CACHE_TRUSTED,Cached value available from GM extraction.
Q38,=FLGT!D38,0,,FLGT,CACHE_PRESENT,YES_IF_CACHE_TRUSTED,Cached value available from GM extraction.
T38,"=IFERROR(S38*P38,0)",0,,,CACHE_PRESENT,YES_IF_CACHE_TRUSTED,Cached value available from GM extraction.
U38,"=IF(Ec_IO!$G$24=""PSC/SC"",(P38-T38),0)",0,,Ec_IO,CACHE_PRESENT,YES_IF_CACHE_TRUSTED,Cached value available from GM extraction.
A39,=FLGT!A39,2058,,FLGT,CACHE_PRESENT,YES_IF_CACHE_TRUSTED,Cached value available from GM extraction.
B39,=FLGT!W39,0,,FLGT,CACHE_PRESENT,YES_IF_CACHE_TRUSTED,Cached value available from GM extraction.
C39,=FLGT!X39,0,,FLGT,CACHE_PRESENT,YES_IF_CACHE_TRUSTED,Cached value available from GM extraction.
D39,=FLGT!Y39,0,,FLGT,CACHE_PRESENT,YES_IF_CACHE_TRUSTED,Cached value available from GM extraction.
E39,=SUM(FLGT!AB39:AD39),0,,FLGT,CACHE_PRESENT,YES_IF_CACHE_TRUSTED,Cached value available from GM extraction.
F39,=FLGT!AE39+FLGT!AF39+FLGT!AG39+FLGT!AH39+FLGT!Z39,0,,FLGT,CACHE_PRESENT,YES_IF_CACHE_TRUSTED,Cached value available from GM extraction.
G39,=Cap_Allow!FP36,0,,Cap_Allow,CACHE_PRESENT,YES_IF_CACHE_TRUSTED,Cached value available from GM extraction.
H39,=Cap_Allow!GX36+Cap_Allow!HC36,0,,Cap_Allow,CACHE_PRESENT,YES_IF_CACHE_TRUSTED,Cached value available from GM extraction.
I39,=Cap_Allow!FI36,0,,Cap_Allow,CACHE_PRESENT,YES_IF_CACHE_TRUSTED,Cached value available from GM extraction.
J39,=CIT_NCF_Oil!Z39,0,,CIT_NCF_Oil,CACHE_PRESENT,YES_IF_CACHE_TRUSTED,Cached value available from GM extraction.
K39,=F39+H39+I39+G39+J39,0,,,CACHE_PRESENT,YES_IF_CACHE_TRUSTED,Cached value available from GM extraction.
L39,"=IF(Ec_IO!$G$22='Fiscal Terms_PIA'!$T$59,'Fiscal Terms_PIA'!$T$60*(D39-E39),'Fiscal Terms_PIA'!$U$60*(D39-E39))",0,,Ec_IO | Fiscal Terms_PIA,CACHE_PRESENT,YES_IF_CACHE_TRUSTED,Cached value available from GM extraction.
M39,=D39-E39-L39,0,,,CACHE_PRESENT,YES_IF_CACHE_TRUSTED,Cached value available from GM extraction.
N39,"=IF(AND(G39=0,D39=0),0,IF(L39-K39+N38<0,L39-K39+N38,0))",0,,,CACHE_PRESENT,YES_IF_CACHE_TRUSTED,Cached value available from GM extraction.
O39,"=IF(AND(G39=0,D39=0),0,IF(L39-K39+N38>0,L39-K39+N38,0))",0,,,CACHE_PRESENT,YES_IF_CACHE_TRUSTED,Cached value available from GM extraction.
P39,=O39+M39,0,,,CACHE_PRESENT,YES_IF_CACHE_TRUSTED,Cached value available from GM extraction.
Q39,=FLGT!D39,0,,FLGT,CACHE_PRESENT,YES_IF_CACHE_TRUSTED,Cached value available from GM extraction.
T39,"=IFERROR(S39*P39,0)",0,,,CACHE_PRESENT,YES_IF_CACHE_TRUSTED,Cached value available from GM extraction.
U39,"=IF(Ec_IO!$G$24=""PSC/SC"",(P39-T39),0)",0,,Ec_IO,CACHE_PRESENT,YES_IF_CACHE_TRUSTED,Cached value available from GM extraction.
A40,=FLGT!A40,2059,,FLGT,CACHE_PRESENT,YES_IF_CACHE_TRUSTED,Cached value available from GM extraction.
B40,=FLGT!W40,0,,FLGT,CACHE_PRESENT,YES_IF_CACHE_TRUSTED,Cached value available from GM extraction.
C40,=FLGT!X40,0,,FLGT,CACHE_PRESENT,YES_IF_CACHE_TRUSTED,Cached value available from GM extraction.
D40,=FLGT!Y40,0,,FLGT,CACHE_PRESENT,YES_IF_CACHE_TRUSTED,Cached value available from GM extraction.
E40,=SUM(FLGT!AB40:AD40),0,,FLGT,CACHE_PRESENT,YES_IF_CACHE_TRUSTED,Cached value available from GM extraction.
F40,=FLGT!AE40+FLGT!AF40+FLGT!AG40+FLGT!AH40+FLGT!Z40,0,,FLGT,CACHE_PRESENT,YES_IF_CACHE_TRUSTED,Cached value available from GM extraction.
G40,=Cap_Allow!FP37,0,,Cap_Allow,CACHE_PRESENT,YES_IF_CACHE_TRUSTED,Cached value available from GM extraction.
H40,=Cap_Allow!GX37+Cap_Allow!HC37,0,,Cap_Allow,CACHE_PRESENT,YES_IF_CACHE_TRUSTED,Cached value available from GM extraction.
I40,=Cap_Allow!FI37,0,,Cap_Allow,CACHE_PRESENT,YES_IF_CACHE_TRUSTED,Cached value available from GM extraction.
J40,=CIT_NCF_Oil!Z40,0,,CIT_NCF_Oil,CACHE_PRESENT,YES_IF_CACHE_TRUSTED,Cached value available from GM extraction.
K40,=F40+H40+I40+G40+J40,0,,,CACHE_PRESENT,YES_IF_CACHE_TRUSTED,Cached value available from GM extraction.
L40,"=IF(Ec_IO!$G$22='Fiscal Terms_PIA'!$T$59,'Fiscal Terms_PIA'!$T$60*(D40-E40),'Fiscal Terms_PIA'!$U$60*(D40-E40))",0,,Ec_IO | Fiscal Terms_PIA,CACHE_PRESENT,YES_IF_CACHE_TRUSTED,Cached value available from GM extraction.
M40,=D40-E40-L40,0,,,CACHE_PRESENT,YES_IF_CACHE_TRUSTED,Cached value available from GM extraction.
N40,"=IF(AND(G40=0,D40=0),0,IF(L40-K40+N39<0,L40-K40+N39,0))",0,,,CACHE_PRESENT,YES_IF_CACHE_TRUSTED,Cached value available from GM extraction.
O40,"=IF(AND(G40=0,D40=0),0,IF(L40-K40+N39>0,L40-K40+N39,0))",0,,,CACHE_PRESENT,YES_IF_CACHE_TRUSTED,Cached value available from GM extraction.
P40,=O40+M40,0,,,CACHE_PRESENT,YES_IF_CACHE_TRUSTED,Cached value available from GM extraction.
Q40,=FLGT!D40,0,,FLGT,CACHE_PRESENT,YES_IF_CACHE_TRUSTED,Cached value available from GM extraction.
T40,"=IFERROR(S40*P40,0)",0,,,CACHE_PRESENT,YES_IF_CACHE_TRUSTED,Cached value available from GM extraction.
U40,"=IF(Ec_IO!$G$24=""PSC/SC"",(P40-T40),0)",0,,Ec_IO,CACHE_PRESENT,YES_IF_CACHE_TRUSTED,Cached value available from GM extraction.
A41,=FLGT!A41,2060,,FLGT,CACHE_PRESENT,YES_IF_CACHE_TRUSTED,Cached value available from GM extraction.
B41,=FLGT!W41,0,,FLGT,CACHE_PRESENT,YES_IF_CACHE_TRUSTED,Cached value available from GM extraction.
C41,=FLGT!X41,0,,FLGT,CACHE_PRESENT,YES_IF_CACHE_TRUSTED,Cached value available from GM extraction.
D41,=FLGT!Y41,0,,FLGT,CACHE_PRESENT,YES_IF_CACHE_TRUSTED,Cached value available from GM extraction.
E41,=SUM(FLGT!AB41:AD41),0,,FLGT,CACHE_PRESENT,YES_IF_CACHE_TRUSTED,Cached value available from GM extraction.
F41,=FLGT!AE41+FLGT!AF41+FLGT!AG41+FLGT!AH41+FLGT!Z41,0,,FLGT,CACHE_PRESENT,YES_IF_CACHE_TRUSTED,Cached value available from GM extraction.
G41,=Cap_Allow!FP38,0,,Cap_Allow,CACHE_PRESENT,YES_IF_CACHE_TRUSTED,Cached value available from GM extraction.
H41,=Cap_Allow!GX38+Cap_Allow!HC38,0,,Cap_Allow,CACHE_PRESENT,YES_IF_CACHE_TRUSTED,Cached value available from GM extraction.
I41,=Cap_Allow!FI38,0,,Cap_Allow,CACHE_PRESENT,YES_IF_CACHE_TRUSTED,Cached value available from GM extraction.
J41,=CIT_NCF_Oil!Z41,0,,CIT_NCF_Oil,CACHE_PRESENT,YES_IF_CACHE_TRUSTED,Cached value available from GM extraction.
K41,=F41+H41+I41+G41+J41,0,,,CACHE_PRESENT,YES_IF_CACHE_TRUSTED,Cached value available from GM extraction.
L41,"=IF(Ec_IO!$G$22='Fiscal Terms_PIA'!$T$59,'Fiscal Terms_PIA'!$T$60*(D41-E41),'Fiscal Terms_PIA'!$U$60*(D41-E41))",0,,Ec_IO | Fiscal Terms_PIA,CACHE_PRESENT,YES_IF_CACHE_TRUSTED,Cached value available from GM extraction.
M41,=D41-E41-L41,0,,,CACHE_PRESENT,YES_IF_CACHE_TRUSTED,Cached value available from GM extraction.
N41,"=IF(AND(G41=0,D41=0),0,IF(L41-K41+N40<0,L41-K41+N40,0))",0,,,CACHE_PRESENT,YES_IF_CACHE_TRUSTED,Cached value available from GM extraction.
O41,"=IF(AND(G41=0,D41=0),0,IF(L41-K41+N40>0,L41-K41+N40,0))",0,,,CACHE_PRESENT,YES_IF_CACHE_TRUSTED,Cached value available from GM extraction.
P41,=O41+M41,0,,,CACHE_PRESENT,YES_IF_CACHE_TRUSTED,Cached value available from GM extraction.
Q41,=FLGT!D41,0,,FLGT,CACHE_PRESENT,YES_IF_CACHE_TRUSTED,Cached value available from GM extraction.
T41,"=IFERROR(S41*P41,0)",0,,,CACHE_PRESENT,YES_IF_CACHE_TRUSTED,Cached value available from GM extraction.
U41,"=IF(Ec_IO!$G$24=""PSC/SC"",(P41-T41),0)",0,,Ec_IO,CACHE_PRESENT,YES_IF_CACHE_TRUSTED,Cached value available from GM extraction.
A42,=FLGT!A42,2061,,FLGT,CACHE_PRESENT,YES_IF_CACHE_TRUSTED,Cached value available from GM extraction.
B42,=FLGT!W42,0,,FLGT,CACHE_PRESENT,YES_IF_CACHE_TRUSTED,Cached value available from GM extraction.
C42,=FLGT!X42,0,,FLGT,CACHE_PRESENT,YES_IF_CACHE_TRUSTED,Cached value available from GM extraction.
D42,=FLGT!Y42,0,,FLGT,CACHE_PRESENT,YES_IF_CACHE_TRUSTED,Cached value available from GM extraction.
E42,=SUM(FLGT!AB42:AD42),0,,FLGT,CACHE_PRESENT,YES_IF_CACHE_TRUSTED,Cached value available from GM extraction.
F42,=FLGT!AE42+FLGT!AF42+FLGT!AG42+FLGT!AH42+FLGT!Z42,0,,FLGT,CACHE_PRESENT,YES_IF_CACHE_TRUSTED,Cached value available from GM extraction.
G42,=Cap_Allow!FP39,0,,Cap_Allow,CACHE_PRESENT,YES_IF_CACHE_TRUSTED,Cached value available from GM extraction.
H42,=Cap_Allow!GX39+Cap_Allow!HC39,0,,Cap_Allow,CACHE_PRESENT,YES_IF_CACHE_TRUSTED,Cached value available from GM extraction.
I42,=Cap_Allow!FI39,0,,Cap_Allow,CACHE_PRESENT,YES_IF_CACHE_TRUSTED,Cached value available from GM extraction.
J42,=CIT_NCF_Oil!Z42,0,,CIT_NCF_Oil,CACHE_PRESENT,YES_IF_CACHE_TRUSTED,Cached value available from GM extraction.
K42,=F42+H42+I42+G42+J42,0,,,CACHE_PRESENT,YES_IF_CACHE_TRUSTED,Cached value available from GM extraction.
L42,"=IF(Ec_IO!$G$22='Fiscal Terms_PIA'!$T$59,'Fiscal Terms_PIA'!$T$60*(D42-E42),'Fiscal Terms_PIA'!$U$60*(D42-E42))",0,,Ec_IO | Fiscal Terms_PIA,CACHE_PRESENT,YES_IF_CACHE_TRUSTED,Cached value available from GM extraction.
M42,=D42-E42-L42,0,,,CACHE_PRESENT,YES_IF_CACHE_TRUSTED,Cached value available from GM extraction.
N42,"=IF(AND(G42=0,D42=0),0,IF(L42-K42+N41<0,L42-K42+N41,0))",0,,,CACHE_PRESENT,YES_IF_CACHE_TRUSTED,Cached value available from GM extraction.
O42,"=IF(AND(G42=0,D42=0),0,IF(L42-K42+N41>0,L42-K42+N41,0))",0,,,CACHE_PRESENT,YES_IF_CACHE_TRUSTED,Cached value available from GM extraction.
P42,=O42+M42,0,,,CACHE_PRESENT,YES_IF_CACHE_TRUSTED,Cached value available from GM extraction.
Q42,=FLGT!D42,0,,FLGT,CACHE_PRESENT,YES_IF_CACHE_TRUSTED,Cached value available from GM extraction.
T42,"=IFERROR(S42*P42,0)",0,,,CACHE_PRESENT,YES_IF_CACHE_TRUSTED,Cached value available from GM extraction.
U42,"=IF(Ec_IO!$G$24=""PSC/SC"",(P42-T42),0)",0,,Ec_IO,CACHE_PRESENT,YES_IF_CACHE_TRUSTED,Cached value available from GM extraction.
A43,=FLGT!A43,2062,,FLGT,CACHE_PRESENT,YES_IF_CACHE_TRUSTED,Cached value available from GM extraction.
B43,=FLGT!W43,0,,FLGT,CACHE_PRESENT,YES_IF_CACHE_TRUSTED,Cached value available from GM extraction.
C43,=FLGT!X43,0,,FLGT,CACHE_PRESENT,YES_IF_CACHE_TRUSTED,Cached value available from GM extraction.
D43,=FLGT!Y43,0,,FLGT,CACHE_PRESENT,YES_IF_CACHE_TRUSTED,Cached value available from GM extraction.
E43,=SUM(FLGT!AB43:AD43),0,,FLGT,CACHE_PRESENT,YES_IF_CACHE_TRUSTED,Cached value available from GM extraction.
F43,=FLGT!AE43+FLGT!AF43+FLGT!AG43+FLGT!AH43+FLGT!Z43,0,,FLGT,CACHE_PRESENT,YES_IF_CACHE_TRUSTED,Cached value available from GM extraction.
G43,=Cap_Allow!FP40,0,,Cap_Allow,CACHE_PRESENT,YES_IF_CACHE_TRUSTED,Cached value available from GM extraction.
H43,=Cap_Allow!GX40+Cap_Allow!HC40,0,,Cap_Allow,CACHE_PRESENT,YES_IF_CACHE_TRUSTED,Cached value available from GM extraction.
I43,=Cap_Allow!FI40,0,,Cap_Allow,CACHE_PRESENT,YES_IF_CACHE_TRUSTED,Cached value available from GM extraction.
J43,=CIT_NCF_Oil!Z43,0,,CIT_NCF_Oil,CACHE_PRESENT,YES_IF_CACHE_TRUSTED,Cached value available from GM extraction.
K43,=F43+H43+I43+G43+J43,0,,,CACHE_PRESENT,YES_IF_CACHE_TRUSTED,Cached value available from GM extraction.
L43,"=IF(Ec_IO!$G$22='Fiscal Terms_PIA'!$T$59,'Fiscal Terms_PIA'!$T$60*(D43-E43),'Fiscal Terms_PIA'!$U$60*(D43-E43))",0,,Ec_IO | Fiscal Terms_PIA,CACHE_PRESENT,YES_IF_CACHE_TRUSTED,Cached value available from GM extraction.
M43,=D43-E43-L43,0,,,CACHE_PRESENT,YES_IF_CACHE_TRUSTED,Cached value available from GM extraction.
N43,"=IF(AND(G43=0,D43=0),0,IF(L43-K43+N42<0,L43-K43+N42,0))",0,,,CACHE_PRESENT,YES_IF_CACHE_TRUSTED,Cached value available from GM extraction.
O43,"=IF(AND(G43=0,D43=0),0,IF(L43-K43+N42>0,L43-K43+N42,0))",0,,,CACHE_PRESENT,YES_IF_CACHE_TRUSTED,Cached value available from GM extraction.
P43,=O43+M43,0,,,CACHE_PRESENT,YES_IF_CACHE_TRUSTED,Cached value available from GM extraction.
Q43,=FLGT!D43,0,,FLGT,CACHE_PRESENT,YES_IF_CACHE_TRUSTED,Cached value available from GM extraction.
T43,"=IFERROR(S43*P43,0)",0,,,CACHE_PRESENT,YES_IF_CACHE_TRUSTED,Cached value available from GM extraction.
U43,"=IF(Ec_IO!$G$24=""PSC/SC"",(P43-T43),0)",0,,Ec_IO,CACHE_PRESENT,YES_IF_CACHE_TRUSTED,Cached value available from GM extraction.
A44,=FLGT!A44,2063,,FLGT,CACHE_PRESENT,YES_IF_CACHE_TRUSTED,Cached value available from GM extraction.
B44,=FLGT!W44,0,,FLGT,CACHE_PRESENT,YES_IF_CACHE_TRUSTED,Cached value available from GM extraction.
C44,=FLGT!X44,0,,FLGT,CACHE_PRESENT,YES_IF_CACHE_TRUSTED,Cached value available from GM extraction.
D44,=FLGT!Y44,0,,FLGT,CACHE_PRESENT,YES_IF_CACHE_TRUSTED,Cached value available from GM extraction.
E44,=SUM(FLGT!AB44:AD44),0,,FLGT,CACHE_PRESENT,YES_IF_CACHE_TRUSTED,Cached value available from GM extraction.
F44,=FLGT!AE44+FLGT!AF44+FLGT!AG44+FLGT!AH44+FLGT!Z44,0,,FLGT,CACHE_PRESENT,YES_IF_CACHE_TRUSTED,Cached value available from GM extraction.
G44,=Cap_Allow!FP41,0,,Cap_Allow,CACHE_PRESENT,YES_IF_CACHE_TRUSTED,Cached value available from GM extraction.
H44,=Cap_Allow!GX41+Cap_Allow!HC41,0,,Cap_Allow,CACHE_PRESENT,YES_IF_CACHE_TRUSTED,Cached value available from GM extraction.
I44,=Cap_Allow!FI41,0,,Cap_Allow,CACHE_PRESENT,YES_IF_CACHE_TRUSTED,Cached value available from GM extraction.
J44,=CIT_NCF_Oil!Z44,0,,CIT_NCF_Oil,CACHE_PRESENT,YES_IF_CACHE_TRUSTED,Cached value available from GM extraction.
K44,=F44+H44+I44+G44+J44,0,,,CACHE_PRESENT,YES_IF_CACHE_TRUSTED,Cached value available from GM extraction.
L44,"=IF(Ec_IO!$G$22='Fiscal Terms_PIA'!$T$59,'Fiscal Terms_PIA'!$T$60*(D44-E44),'Fiscal Terms_PIA'!$U$60*(D44-E44))",0,,Ec_IO | Fiscal Terms_PIA,CACHE_PRESENT,YES_IF_CACHE_TRUSTED,Cached value available from GM extraction.
M44,=D44-E44-L44,0,,,CACHE_PRESENT,YES_IF_CACHE_TRUSTED,Cached value available from GM extraction.
N44,"=IF(AND(G44=0,D44=0),0,IF(L44-K44+N43<0,L44-K44+N43,0))",0,,,CACHE_PRESENT,YES_IF_CACHE_TRUSTED,Cached value available from GM extraction.
O44,"=IF(AND(G44=0,D44=0),0,IF(L44-K44+N43>0,L44-K44+N43,0))",0,,,CACHE_PRESENT,YES_IF_CACHE_TRUSTED,Cached value available from GM extraction.
P44,=O44+M44,0,,,CACHE_PRESENT,YES_IF_CACHE_TRUSTED,Cached value available from GM extraction.
Q44,=FLGT!D44,0,,FLGT,CACHE_PRESENT,YES_IF_CACHE_TRUSTED,Cached value available from GM extraction.
T44,"=IFERROR(S44*P44,0)",0,,,CACHE_PRESENT,YES_IF_CACHE_TRUSTED,Cached value available from GM extraction.
U44,"=IF(Ec_IO!$G$24=""PSC/SC"",(P44-T44),0)",0,,Ec_IO,CACHE_PRESENT,YES_IF_CACHE_TRUSTED,Cached value available from GM extraction.
A45,=FLGT!A45,2064,,FLGT,CACHE_PRESENT,YES_IF_CACHE_TRUSTED,Cached value available from GM extraction.
B45,=FLGT!W45,0,,FLGT,CACHE_PRESENT,YES_IF_CACHE_TRUSTED,Cached value available from GM extraction.
C45,=FLGT!X45,0,,FLGT,CACHE_PRESENT,YES_IF_CACHE_TRUSTED,Cached value available from GM extraction.
D45,=FLGT!Y45,0,,FLGT,CACHE_PRESENT,YES_IF_CACHE_TRUSTED,Cached value available from GM extraction.
E45,=SUM(FLGT!AB45:AD45),0,,FLGT,CACHE_PRESENT,YES_IF_CACHE_TRUSTED,Cached value available from GM extraction.
F45,=FLGT!AE45+FLGT!AF45+FLGT!AG45+FLGT!AH45+FLGT!Z45,0,,FLGT,CACHE_PRESENT,YES_IF_CACHE_TRUSTED,Cached value available from GM extraction.
G45,=Cap_Allow!FP42,0,,Cap_Allow,CACHE_PRESENT,YES_IF_CACHE_TRUSTED,Cached value available from GM extraction.
H45,=Cap_Allow!GX42+Cap_Allow!HC42,0,,Cap_Allow,CACHE_PRESENT,YES_IF_CACHE_TRUSTED,Cached value available from GM extraction.
I45,=Cap_Allow!FI42,0,,Cap_Allow,CACHE_PRESENT,YES_IF_CACHE_TRUSTED,Cached value available from GM extraction.
J45,=CIT_NCF_Oil!Z45,0,,CIT_NCF_Oil,CACHE_PRESENT,YES_IF_CACHE_TRUSTED,Cached value available from GM extraction.
K45,=F45+H45+I45+G45+J45,0,,,CACHE_PRESENT,YES_IF_CACHE_TRUSTED,Cached value available from GM extraction.
L45,"=IF(Ec_IO!$G$22='Fiscal Terms_PIA'!$T$59,'Fiscal Terms_PIA'!$T$60*(D45-E45),'Fiscal Terms_PIA'!$U$60*(D45-E45))",0,,Ec_IO | Fiscal Terms_PIA,CACHE_PRESENT,YES_IF_CACHE_TRUSTED,Cached value available from GM extraction.
M45,=D45-E45-L45,0,,,CACHE_PRESENT,YES_IF_CACHE_TRUSTED,Cached value available from GM extraction.
N45,"=IF(AND(G45=0,D45=0),0,IF(L45-K45+N44<0,L45-K45+N44,0))",0,,,CACHE_PRESENT,YES_IF_CACHE_TRUSTED,Cached value available from GM extraction.
O45,"=IF(AND(G45=0,D45=0),0,IF(L45-K45+N44>0,L45-K45+N44,0))",0,,,CACHE_PRESENT,YES_IF_CACHE_TRUSTED,Cached value available from GM extraction.
P45,=O45+M45,0,,,CACHE_PRESENT,YES_IF_CACHE_TRUSTED,Cached value available from GM extraction.
Q45,=FLGT!D45,0,,FLGT,CACHE_PRESENT,YES_IF_CACHE_TRUSTED,Cached value available from GM extraction.
T45,"=IFERROR(S45*P45,0)",0,,,CACHE_PRESENT,YES_IF_CACHE_TRUSTED,Cached value available from GM extraction.
U45,"=IF(Ec_IO!$G$24=""PSC/SC"",(P45-T45),0)",0,,Ec_IO,CACHE_PRESENT,YES_IF_CACHE_TRUSTED,Cached value available from GM extraction.
A46,=FLGT!A46,2065,,FLGT,CACHE_PRESENT,YES_IF_CACHE_TRUSTED,Cached value available from GM extraction.
B46,=FLGT!W46,0,,FLGT,CACHE_PRESENT,YES_IF_CACHE_TRUSTED,Cached value available from GM extraction.
C46,=FLGT!X46,0,,FLGT,CACHE_PRESENT,YES_IF_CACHE_TRUSTED,Cached value available from GM extraction.
D46,=FLGT!Y46,0,,FLGT,CACHE_PRESENT,YES_IF_CACHE_TRUSTED,Cached value available from GM extraction.
E46,=SUM(FLGT!AB46:AD46),0,,FLGT,CACHE_PRESENT,YES_IF_CACHE_TRUSTED,Cached value available from GM extraction.
F46,=FLGT!AE46+FLGT!AF46+FLGT!AG46+FLGT!AH46+FLGT!Z46,0,,FLGT,CACHE_PRESENT,YES_IF_CACHE_TRUSTED,Cached value available from GM extraction.
G46,=Cap_Allow!FP43,0,,Cap_Allow,CACHE_PRESENT,YES_IF_CACHE_TRUSTED,Cached value available from GM extraction.
H46,=Cap_Allow!GX43+Cap_Allow!HC43,0,,Cap_Allow,CACHE_PRESENT,YES_IF_CACHE_TRUSTED,Cached value available from GM extraction.
I46,=Cap_Allow!FI43,0,,Cap_Allow,CACHE_PRESENT,YES_IF_CACHE_TRUSTED,Cached value available from GM extraction.
J46,=CIT_NCF_Oil!Z46,0,,CIT_NCF_Oil,CACHE_PRESENT,YES_IF_CACHE_TRUSTED,Cached value available from GM extraction.
K46,=F46+H46+I46+G46+J46,0,,,CACHE_PRESENT,YES_IF_CACHE_TRUSTED,Cached value available from GM extraction.
L46,"=IF(Ec_IO!$G$22='Fiscal Terms_PIA'!$T$59,'Fiscal Terms_PIA'!$T$60*(D46-E46),'Fiscal Terms_PIA'!$U$60*(D46-E46))",0,,Ec_IO | Fiscal Terms_PIA,CACHE_PRESENT,YES_IF_CACHE_TRUSTED,Cached value available from GM extraction.
M46,=D46-E46-L46,0,,,CACHE_PRESENT,YES_IF_CACHE_TRUSTED,Cached value available from GM extraction.
N46,"=IF(AND(G46=0,D46=0),0,IF(L46-K46+N45<0,L46-K46+N45,0))",0,,,CACHE_PRESENT,YES_IF_CACHE_TRUSTED,Cached value available from GM extraction.
O46,"=IF(AND(G46=0,D46=0),0,IF(L46-K46+N45>0,L46-K46+N45,0))",0,,,CACHE_PRESENT,YES_IF_CACHE_TRUSTED,Cached value available from GM extraction.
P46,=O46+M46,0,,,CACHE_PRESENT,YES_IF_CACHE_TRUSTED,Cached value available from GM extraction.
Q46,=FLGT!D46,0,,FLGT,CACHE_PRESENT,YES_IF_CACHE_TRUSTED,Cached value available from GM extraction.
T46,"=IFERROR(S46*P46,0)",0,,,CACHE_PRESENT,YES_IF_CACHE_TRUSTED,Cached value available from GM extraction.
U46,"=IF(Ec_IO!$G$24=""PSC/SC"",(P46-T46),0)",0,,Ec_IO,CACHE_PRESENT,YES_IF_CACHE_TRUSTED,Cached value available from GM extraction.
A47,=FLGT!A47,2066,,FLGT,CACHE_PRESENT,YES_IF_CACHE_TRUSTED,Cached value available from GM extraction.
B47,=FLGT!W47,0,,FLGT,CACHE_PRESENT,YES_IF_CACHE_TRUSTED,Cached value available from GM extraction.
C47,=FLGT!X47,0,,FLGT,CACHE_PRESENT,YES_IF_CACHE_TRUSTED,Cached value available from GM extraction.
D47,=FLGT!Y47,0,,FLGT,CACHE_PRESENT,YES_IF_CACHE_TRUSTED,Cached value available from GM extraction.
E47,=SUM(FLGT!AB47:AD47),0,,FLGT,CACHE_PRESENT,YES_IF_CACHE_TRUSTED,Cached value available from GM extraction.
F47,=FLGT!AE47+FLGT!AF47+FLGT!AG47+FLGT!AH47+FLGT!Z47,0,,FLGT,CACHE_PRESENT,YES_IF_CACHE_TRUSTED,Cached value available from GM extraction.
G47,=Cap_Allow!FP44,0,,Cap_Allow,CACHE_PRESENT,YES_IF_CACHE_TRUSTED,Cached value available from GM extraction.
H47,=Cap_Allow!GX44+Cap_Allow!HC44,0,,Cap_Allow,CACHE_PRESENT,YES_IF_CACHE_TRUSTED,Cached value available from GM extraction.
I47,=Cap_Allow!FI44,0,,Cap_Allow,CACHE_PRESENT,YES_IF_CACHE_TRUSTED,Cached value available from GM extraction.
J47,=CIT_NCF_Oil!Z47,0,,CIT_NCF_Oil,CACHE_PRESENT,YES_IF_CACHE_TRUSTED,Cached value available from GM extraction.
K47,=F47+H47+I47+G47+J47,0,,,CACHE_PRESENT,YES_IF_CACHE_TRUSTED,Cached value available from GM extraction.
L47,"=IF(Ec_IO!$G$22='Fiscal Terms_PIA'!$T$59,'Fiscal Terms_PIA'!$T$60*(D47-E47),'Fiscal Terms_PIA'!$U$60*(D47-E47))",0,,Ec_IO | Fiscal Terms_PIA,CACHE_PRESENT,YES_IF_CACHE_TRUSTED,Cached value available from GM extraction.
M47,=D47-E47-L47,0,,,CACHE_PRESENT,YES_IF_CACHE_TRUSTED,Cached value available from GM extraction.
N47,"=IF(AND(G47=0,D47=0),0,IF(L47-K47+N46<0,L47-K47+N46,0))",0,,,CACHE_PRESENT,YES_IF_CACHE_TRUSTED,Cached value available from GM extraction.
O47,"=IF(AND(G47=0,D47=0),0,IF(L47-K47+N46>0,L47-K47+N46,0))",0,,,CACHE_PRESENT,YES_IF_CACHE_TRUSTED,Cached value available from GM extraction.
P47,=O47+M47,0,,,CACHE_PRESENT,YES_IF_CACHE_TRUSTED,Cached value available from GM extraction.
Q47,=FLGT!D47,0,,FLGT,CACHE_PRESENT,YES_IF_CACHE_TRUSTED,Cached value available from GM extraction.
T47,"=IFERROR(S47*P47,0)",0,,,CACHE_PRESENT,YES_IF_CACHE_TRUSTED,Cached value available from GM extraction.
U47,"=IF(Ec_IO!$G$24=""PSC/SC"",(P47-T47),0)",0,,Ec_IO,CACHE_PRESENT,YES_IF_CACHE_TRUSTED,Cached value available from GM extraction.
A48,=FLGT!A48,2067,,FLGT,CACHE_PRESENT,YES_IF_CACHE_TRUSTED,Cached value available from GM extraction.
B48,=FLGT!W48,0,,FLGT,CACHE_PRESENT,YES_IF_CACHE_TRUSTED,Cached value available from GM extraction.
C48,=FLGT!X48,0,,FLGT,CACHE_PRESENT,YES_IF_CACHE_TRUSTED,Cached value available from GM extraction.
D48,=FLGT!Y48,0,,FLGT,CACHE_PRESENT,YES_IF_CACHE_TRUSTED,Cached value available from GM extraction.
E48,=SUM(FLGT!AB48:AD48),0,,FLGT,CACHE_PRESENT,YES_IF_CACHE_TRUSTED,Cached value available from GM extraction.
F48,=FLGT!AE48+FLGT!AF48+FLGT!AG48+FLGT!AH48+FLGT!Z48,0,,FLGT,CACHE_PRESENT,YES_IF_CACHE_TRUSTED,Cached value available from GM extraction.
G48,=Cap_Allow!FP45,0,,Cap_Allow,CACHE_PRESENT,YES_IF_CACHE_TRUSTED,Cached value available from GM extraction.
H48,=Cap_Allow!GX45+Cap_Allow!HC45,0,,Cap_Allow,CACHE_PRESENT,YES_IF_CACHE_TRUSTED,Cached value available from GM extraction.
I48,=Cap_Allow!FI45,0,,Cap_Allow,CACHE_PRESENT,YES_IF_CACHE_TRUSTED,Cached value available from GM extraction.
J48,=CIT_NCF_Oil!Z48,0,,CIT_NCF_Oil,CACHE_PRESENT,YES_IF_CACHE_TRUSTED,Cached value available from GM extraction.
K48,=F48+H48+I48+G48+J48,0,,,CACHE_PRESENT,YES_IF_CACHE_TRUSTED,Cached value available from GM extraction.
L48,"=IF(Ec_IO!$G$22='Fiscal Terms_PIA'!$T$59,'Fiscal Terms_PIA'!$T$60*(D48-E48),'Fiscal Terms_PIA'!$U$60*(D48-E48))",0,,Ec_IO | Fiscal Terms_PIA,CACHE_PRESENT,YES_IF_CACHE_TRUSTED,Cached value available from GM extraction.
M48,=D48-E48-L48,0,,,CACHE_PRESENT,YES_IF_CACHE_TRUSTED,Cached value available from GM extraction.
N48,"=IF(AND(G48=0,D48=0),0,IF(L48-K48+N47<0,L48-K48+N47,0))",0,,,CACHE_PRESENT,YES_IF_CACHE_TRUSTED,Cached value available from GM extraction.
O48,"=IF(AND(G48=0,D48=0),0,IF(L48-K48+N47>0,L48-K48+N47,0))",0,,,CACHE_PRESENT,YES_IF_CACHE_TRUSTED,Cached value available from GM extraction.
P48,=O48+M48,0,,,CACHE_PRESENT,YES_IF_CACHE_TRUSTED,Cached value available from GM extraction.
Q48,=FLGT!D48,0,,FLGT,CACHE_PRESENT,YES_IF_CACHE_TRUSTED,Cached value available from GM extraction.
T48,"=IFERROR(S48*P48,0)",0,,,CACHE_PRESENT,YES_IF_CACHE_TRUSTED,Cached value available from GM extraction.
U48,"=IF(Ec_IO!$G$24=""PSC/SC"",(P48-T48),0)",0,,Ec_IO,CACHE_PRESENT,YES_IF_CACHE_TRUSTED,Cached value available from GM extraction.
A49,=FLGT!A49,2068,,FLGT,CACHE_PRESENT,YES_IF_CACHE_TRUSTED,Cached value available from GM extraction.
B49,=FLGT!W49,0,,FLGT,CACHE_PRESENT,YES_IF_CACHE_TRUSTED,Cached value available from GM extraction.
C49,=FLGT!X49,0,,FLGT,CACHE_PRESENT,YES_IF_CACHE_TRUSTED,Cached value available from GM extraction.
D49,=FLGT!Y49,0,,FLGT,CACHE_PRESENT,YES_IF_CACHE_TRUSTED,Cached value available from GM extraction.
E49,=SUM(FLGT!AB49:AD49),0,,FLGT,CACHE_PRESENT,YES_IF_CACHE_TRUSTED,Cached value available from GM extraction.
F49,=FLGT!AE49+FLGT!AF49+FLGT!AG49+FLGT!AH49+FLGT!Z49,0,,FLGT,CACHE_PRESENT,YES_IF_CACHE_TRUSTED,Cached value available from GM extraction.
G49,=Cap_Allow!FP46,0,,Cap_Allow,CACHE_PRESENT,YES_IF_CACHE_TRUSTED,Cached value available from GM extraction.
H49,=Cap_Allow!GX46+Cap_Allow!HC46,0,,Cap_Allow,CACHE_PRESENT,YES_IF_CACHE_TRUSTED,Cached value available from GM extraction.
I49,=Cap_Allow!FI46,0,,Cap_Allow,CACHE_PRESENT,YES_IF_CACHE_TRUSTED,Cached value available from GM extraction.
J49,=CIT_NCF_Oil!Z49,0,,CIT_NCF_Oil,CACHE_PRESENT,YES_IF_CACHE_TRUSTED,Cached value available from GM extraction.
K49,=F49+H49+I49+G49+J49,0,,,CACHE_PRESENT,YES_IF_CACHE_TRUSTED,Cached value available from GM extraction.
L49,"=IF(Ec_IO!$G$22='Fiscal Terms_PIA'!$T$59,'Fiscal Terms_PIA'!$T$60*(D49-E49),'Fiscal Terms_PIA'!$U$60*(D49-E49))",0,,Ec_IO | Fiscal Terms_PIA,CACHE_PRESENT,YES_IF_CACHE_TRUSTED,Cached value available from GM extraction.
M49,=D49-E49-L49,0,,,CACHE_PRESENT,YES_IF_CACHE_TRUSTED,Cached value available from GM extraction.
N49,"=IF(AND(G49=0,D49=0),0,IF(L49-K49+N48<0,L49-K49+N48,0))",0,,,CACHE_PRESENT,YES_IF_CACHE_TRUSTED,Cached value available from GM extraction.
O49,"=IF(AND(G49=0,D49=0),0,IF(L49-K49+N48>0,L49-K49+N48,0))",0,,,CACHE_PRESENT,YES_IF_CACHE_TRUSTED,Cached value available from GM extraction.
P49,=O49+M49,0,,,CACHE_PRESENT,YES_IF_CACHE_TRUSTED,Cached value available from GM extraction.
Q49,=FLGT!D49,0,,FLGT,CACHE_PRESENT,YES_IF_CACHE_TRUSTED,Cached value available from GM extraction.
T49,"=IFERROR(S49*P49,0)",0,,,CACHE_PRESENT,YES_IF_CACHE_TRUSTED,Cached value available from GM extraction.
U49,"=IF(Ec_IO!$G$24=""PSC/SC"",(P49-T49),0)",0,,Ec_IO,CACHE_PRESENT,YES_IF_CACHE_TRUSTED,Cached value available from GM extraction.
