golden_master_sha256,worksheet,cell,value,classification,understanding,evidence,nearby_labels,has_data_validation_hint,critical_path,scope
D07560CA6C1A762716E1927A130E7CA697DB0AB9BDA8E8A33C7A0ACBB6FDBFEA,Ec_IO,C5,2027,ASSUMPTION,UNDERSTOOD,Year-like integer; labels=project start year forecast,Project Start Year | Forecast,False,True,VISIBLE_CRITICAL_PATH
D07560CA6C1A762716E1927A130E7CA697DB0AB9BDA8E8A33C7A0ACBB6FDBFEA,Ec_IO,C7,365,ASSUMPTION,UNDERSTOOD,Economic magnitude with label; labels=production days in a year forecast,Production days in a year | Forecast,False,True,VISIBLE_CRITICAL_PATH
D07560CA6C1A762716E1927A130E7CA697DB0AB9BDA8E8A33C7A0ACBB6FDBFEA,Ec_IO,C12,50,UNRESOLVED,EXTRACTED,Numeric 1-100 role unclear,"Crude Oil Price, $/bbl | NA",False,True,VISIBLE_CRITICAL_PATH
D07560CA6C1A762716E1927A130E7CA697DB0AB9BDA8E8A33C7A0ACBB6FDBFEA,Ec_IO,C14,0,DEFAULT_STRUCTURAL_VALUE,EXTRACTED,Zero literal; not INPUT without further evidence,Escalator | NA,False,True,VISIBLE_CRITICAL_PATH
D07560CA6C1A762716E1927A130E7CA697DB0AB9BDA8E8A33C7A0ACBB6FDBFEA,Ec_IO,C15,0.15,ASSUMPTION,UNDERSTOOD,Fractional with label/DV; labels=hurdle rate na,Hurdle Rate | NA,False,True,VISIBLE_CRITICAL_PATH
D07560CA6C1A762716E1927A130E7CA697DB0AB9BDA8E8A33C7A0ACBB6FDBFEA,Ec_IO,C17,2.18,UNRESOLVED,EXTRACTED,Numeric 1-100 role unclear,"Gas Price, $/Mscf",False,True,VISIBLE_CRITICAL_PATH
D07560CA6C1A762716E1927A130E7CA697DB0AB9BDA8E8A33C7A0ACBB6FDBFEA,Ec_IO,C18,0.5,UNRESOLVED,EXTRACTED,Fractional literal without strong input evidence,"Gas Flare Penalty, $/Mscf",False,True,VISIBLE_CRITICAL_PATH
D07560CA6C1A762716E1927A130E7CA697DB0AB9BDA8E8A33C7A0ACBB6FDBFEA,Ec_IO,C19,0.5,UNRESOLVED,EXTRACTED,Fractional literal without strong input evidence,Dom_Gas,False,True,VISIBLE_CRITICAL_PATH
D07560CA6C1A762716E1927A130E7CA697DB0AB9BDA8E8A33C7A0ACBB6FDBFEA,Ec_IO,C20,0,DEFAULT_STRUCTURAL_VALUE,EXTRACTED,Zero literal; not INPUT without further evidence,Duties,False,True,VISIBLE_CRITICAL_PATH
D07560CA6C1A762716E1927A130E7CA697DB0AB9BDA8E8A33C7A0ACBB6FDBFEA,Ec_IO,C21,0,DEFAULT_STRUCTURAL_VALUE,EXTRACTED,Zero literal; not INPUT without further evidence,VAT,False,True,VISIBLE_CRITICAL_PATH
D07560CA6C1A762716E1927A130E7CA697DB0AB9BDA8E8A33C7A0ACBB6FDBFEA,Ec_IO,C22,0,DEFAULT_STRUCTURAL_VALUE,EXTRACTED,Zero literal; not INPUT without further evidence,"Asset Salvage Value, % of Retention for Decom.",False,True,VISIBLE_CRITICAL_PATH
D07560CA6C1A762716E1927A130E7CA697DB0AB9BDA8E8A33C7A0ACBB6FDBFEA,Ec_IO,C23,0,DEFAULT_STRUCTURAL_VALUE,EXTRACTED,Zero literal; not INPUT without further evidence,NAG CRL,False,True,VISIBLE_CRITICAL_PATH
D07560CA6C1A762716E1927A130E7CA697DB0AB9BDA8E8A33C7A0ACBB6FDBFEA,Ec_IO,C24,0.1,UNRESOLVED,EXTRACTED,Fractional literal without strong input evidence,NAG ITA,False,True,VISIBLE_CRITICAL_PATH
D07560CA6C1A762716E1927A130E7CA697DB0AB9BDA8E8A33C7A0ACBB6FDBFEA,Ec_IO,C25,0.005,ASSUMPTION,UNDERSTOOD,Fractional with label/DV; labels=nag min. tax rate,NAG Min. Tax Rate,False,True,VISIBLE_CRITICAL_PATH
D07560CA6C1A762716E1927A130E7CA697DB0AB9BDA8E8A33C7A0ACBB6FDBFEA,Ec_IO,C26,0,DEFAULT_STRUCTURAL_VALUE,EXTRACTED,Zero literal; not INPUT without further evidence,NAG CPR,False,True,VISIBLE_CRITICAL_PATH
D07560CA6C1A762716E1927A130E7CA697DB0AB9BDA8E8A33C7A0ACBB6FDBFEA,Ec_IO,D28,2002,ASSUMPTION,UNDERSTOOD,Year-like integer; labels=history,History,False,True,VISIBLE_CRITICAL_PATH
D07560CA6C1A762716E1927A130E7CA697DB0AB9BDA8E8A33C7A0ACBB6FDBFEA,Ec_IO,D30,2002,ASSUMPTION,UNDERSTOOD,Year-like integer; labels=complete,Complete,False,True,VISIBLE_CRITICAL_PATH
D07560CA6C1A762716E1927A130E7CA697DB0AB9BDA8E8A33C7A0ACBB6FDBFEA,Ec_IO,C69,20,UNRESOLVED,EXTRACTED,Numeric 1-100 role unclear,"Oil Price, $/bbl",False,True,VISIBLE_CRITICAL_PATH
D07560CA6C1A762716E1927A130E7CA697DB0AB9BDA8E8A33C7A0ACBB6FDBFEA,Ec_IO,C70,25,UNRESOLVED,EXTRACTED,Numeric 1-100 role unclear,"Oil Price, $/bbl",False,True,VISIBLE_CRITICAL_PATH
D07560CA6C1A762716E1927A130E7CA697DB0AB9BDA8E8A33C7A0ACBB6FDBFEA,Ec_IO,D70,-89.220259678857,ASSUMPTION,UNDERSTOOD,"Economic magnitude with label; labels=npv, $mm","NPV, $mm",False,True,VISIBLE_CRITICAL_PATH
D07560CA6C1A762716E1927A130E7CA697DB0AB9BDA8E8A33C7A0ACBB6FDBFEA,Ec_IO,F70,16,UNRESOLVED,EXTRACTED,Numeric 1-100 role unclear,"Disc. Payout, Yrs",False,True,VISIBLE_CRITICAL_PATH
D07560CA6C1A762716E1927A130E7CA697DB0AB9BDA8E8A33C7A0ACBB6FDBFEA,Ec_IO,C71,30,UNRESOLVED,EXTRACTED,Numeric 1-100 role unclear,"Oil Price, $/bbl",False,True,VISIBLE_CRITICAL_PATH
D07560CA6C1A762716E1927A130E7CA697DB0AB9BDA8E8A33C7A0ACBB6FDBFEA,Ec_IO,D71,-48.3765211577222,ASSUMPTION,UNDERSTOOD,"Economic magnitude with label; labels=npv, $mm","NPV, $mm",False,True,VISIBLE_CRITICAL_PATH
D07560CA6C1A762716E1927A130E7CA697DB0AB9BDA8E8A33C7A0ACBB6FDBFEA,Ec_IO,F71,16,UNRESOLVED,EXTRACTED,Numeric 1-100 role unclear,"Disc. Payout, Yrs",False,True,VISIBLE_CRITICAL_PATH
D07560CA6C1A762716E1927A130E7CA697DB0AB9BDA8E8A33C7A0ACBB6FDBFEA,Ec_IO,C72,35,UNRESOLVED,EXTRACTED,Numeric 1-100 role unclear,"Oil Price, $/bbl",False,True,VISIBLE_CRITICAL_PATH
D07560CA6C1A762716E1927A130E7CA697DB0AB9BDA8E8A33C7A0ACBB6FDBFEA,Ec_IO,D72,-12.8401152080522,ASSUMPTION,UNDERSTOOD,"Economic magnitude with label; labels=npv, $mm","NPV, $mm",False,True,VISIBLE_CRITICAL_PATH
D07560CA6C1A762716E1927A130E7CA697DB0AB9BDA8E8A33C7A0ACBB6FDBFEA,Ec_IO,F72,16,UNRESOLVED,EXTRACTED,Numeric 1-100 role unclear,"Disc. Payout, Yrs",False,True,VISIBLE_CRITICAL_PATH
D07560CA6C1A762716E1927A130E7CA697DB0AB9BDA8E8A33C7A0ACBB6FDBFEA,Ec_IO,C73,40,UNRESOLVED,EXTRACTED,Numeric 1-100 role unclear,"Oil Price, $/bbl",False,True,VISIBLE_CRITICAL_PATH
D07560CA6C1A762716E1927A130E7CA697DB0AB9BDA8E8A33C7A0ACBB6FDBFEA,Ec_IO,D73,18.9616663054227,UNRESOLVED,EXTRACTED,Numeric 1-100 role unclear,"NPV, $mm",False,True,VISIBLE_CRITICAL_PATH
D07560CA6C1A762716E1927A130E7CA697DB0AB9BDA8E8A33C7A0ACBB6FDBFEA,Ec_IO,F73,7.35139956586427,UNRESOLVED,EXTRACTED,Numeric 1-100 role unclear,"Disc. Payout, Yrs",False,True,VISIBLE_CRITICAL_PATH
D07560CA6C1A762716E1927A130E7CA697DB0AB9BDA8E8A33C7A0ACBB6FDBFEA,Ec_IO,C74,45,UNRESOLVED,EXTRACTED,Numeric 1-100 role unclear,"Oil Price, $/bbl",False,True,VISIBLE_CRITICAL_PATH
D07560CA6C1A762716E1927A130E7CA697DB0AB9BDA8E8A33C7A0ACBB6FDBFEA,Ec_IO,D74,48.4026179584651,UNRESOLVED,EXTRACTED,Numeric 1-100 role unclear,,False,True,VISIBLE_CRITICAL_PATH
D07560CA6C1A762716E1927A130E7CA697DB0AB9BDA8E8A33C7A0ACBB6FDBFEA,Ec_IO,F74,5.86150831155389,UNRESOLVED,EXTRACTED,Numeric 1-100 role unclear,,False,True,VISIBLE_CRITICAL_PATH
D07560CA6C1A762716E1927A130E7CA697DB0AB9BDA8E8A33C7A0ACBB6FDBFEA,Ec_IO,C75,50,UNRESOLVED,EXTRACTED,Numeric 1-100 role unclear,,False,True,VISIBLE_CRITICAL_PATH
D07560CA6C1A762716E1927A130E7CA697DB0AB9BDA8E8A33C7A0ACBB6FDBFEA,Ec_IO,D75,78.0891606587929,UNRESOLVED,EXTRACTED,Numeric 1-100 role unclear,,False,True,VISIBLE_CRITICAL_PATH
D07560CA6C1A762716E1927A130E7CA697DB0AB9BDA8E8A33C7A0ACBB6FDBFEA,Ec_IO,F75,5.13925728744526,UNRESOLVED,EXTRACTED,Numeric 1-100 role unclear,,False,True,VISIBLE_CRITICAL_PATH
D07560CA6C1A762716E1927A130E7CA697DB0AB9BDA8E8A33C7A0ACBB6FDBFEA,Ec_IO,C76,55,UNRESOLVED,EXTRACTED,Numeric 1-100 role unclear,,False,True,VISIBLE_CRITICAL_PATH
D07560CA6C1A762716E1927A130E7CA697DB0AB9BDA8E8A33C7A0ACBB6FDBFEA,Ec_IO,D76,104.298805951977,UNRESOLVED,EXTRACTED,Numeric magnitude; role unclear without further evidence,,False,True,VISIBLE_CRITICAL_PATH
D07560CA6C1A762716E1927A130E7CA697DB0AB9BDA8E8A33C7A0ACBB6FDBFEA,Ec_IO,F76,3.77381266172407,UNRESOLVED,EXTRACTED,Numeric 1-100 role unclear,,False,True,VISIBLE_CRITICAL_PATH
D07560CA6C1A762716E1927A130E7CA697DB0AB9BDA8E8A33C7A0ACBB6FDBFEA,Ec_IO,C77,60,UNRESOLVED,EXTRACTED,Numeric 1-100 role unclear,,False,True,VISIBLE_CRITICAL_PATH
D07560CA6C1A762716E1927A130E7CA697DB0AB9BDA8E8A33C7A0ACBB6FDBFEA,Ec_IO,D77,130.260055363186,UNRESOLVED,EXTRACTED,Numeric magnitude; role unclear without further evidence,,False,True,VISIBLE_CRITICAL_PATH
D07560CA6C1A762716E1927A130E7CA697DB0AB9BDA8E8A33C7A0ACBB6FDBFEA,Ec_IO,F77,3.51473757975241,UNRESOLVED,EXTRACTED,Numeric 1-100 role unclear,,False,True,VISIBLE_CRITICAL_PATH
D07560CA6C1A762716E1927A130E7CA697DB0AB9BDA8E8A33C7A0ACBB6FDBFEA,Ec_IO,C78,65,UNRESOLVED,EXTRACTED,Numeric 1-100 role unclear,,False,True,VISIBLE_CRITICAL_PATH
D07560CA6C1A762716E1927A130E7CA697DB0AB9BDA8E8A33C7A0ACBB6FDBFEA,Ec_IO,D78,155.939233690556,UNRESOLVED,EXTRACTED,Numeric magnitude; role unclear without further evidence,,False,True,VISIBLE_CRITICAL_PATH
D07560CA6C1A762716E1927A130E7CA697DB0AB9BDA8E8A33C7A0ACBB6FDBFEA,Ec_IO,F78,3.29834878375621,UNRESOLVED,EXTRACTED,Numeric 1-100 role unclear,,False,True,VISIBLE_CRITICAL_PATH
D07560CA6C1A762716E1927A130E7CA697DB0AB9BDA8E8A33C7A0ACBB6FDBFEA,Ec_IO,C79,70,UNRESOLVED,EXTRACTED,Numeric 1-100 role unclear,,False,True,VISIBLE_CRITICAL_PATH
D07560CA6C1A762716E1927A130E7CA697DB0AB9BDA8E8A33C7A0ACBB6FDBFEA,Ec_IO,D79,181.395638559108,UNRESOLVED,EXTRACTED,Numeric magnitude; role unclear without further evidence,,False,True,VISIBLE_CRITICAL_PATH
D07560CA6C1A762716E1927A130E7CA697DB0AB9BDA8E8A33C7A0ACBB6FDBFEA,Ec_IO,F79,3.11401062104188,UNRESOLVED,EXTRACTED,Numeric 1-100 role unclear,,False,True,VISIBLE_CRITICAL_PATH
D07560CA6C1A762716E1927A130E7CA697DB0AB9BDA8E8A33C7A0ACBB6FDBFEA,Ec_IO,D82,0.05,ASSUMPTION,UNDERSTOOD,Fractional with label/DV; labels=rate,Rate,False,True,VISIBLE_CRITICAL_PATH
D07560CA6C1A762716E1927A130E7CA697DB0AB9BDA8E8A33C7A0ACBB6FDBFEA,Ec_IO,D83,0.075,ASSUMPTION,UNDERSTOOD,Fractional with label/DV; labels=rate,Rate,False,True,VISIBLE_CRITICAL_PATH
D07560CA6C1A762716E1927A130E7CA697DB0AB9BDA8E8A33C7A0ACBB6FDBFEA,Ec_IO,E83,142.521927428062,UNRESOLVED,EXTRACTED,Numeric magnitude; role unclear without further evidence,NPV,False,True,VISIBLE_CRITICAL_PATH
D07560CA6C1A762716E1927A130E7CA697DB0AB9BDA8E8A33C7A0ACBB6FDBFEA,Ec_IO,D84,0.1,ASSUMPTION,UNDERSTOOD,Fractional with label/DV; labels=rate,Rate,False,True,VISIBLE_CRITICAL_PATH
D07560CA6C1A762716E1927A130E7CA697DB0AB9BDA8E8A33C7A0ACBB6FDBFEA,Ec_IO,E84,117.426031435895,UNRESOLVED,EXTRACTED,Numeric magnitude; role unclear without further evidence,NPV,False,True,VISIBLE_CRITICAL_PATH
D07560CA6C1A762716E1927A130E7CA697DB0AB9BDA8E8A33C7A0ACBB6FDBFEA,Ec_IO,D85,0.125,ASSUMPTION,UNDERSTOOD,Fractional with label/DV; labels=rate,Rate,False,True,VISIBLE_CRITICAL_PATH
D07560CA6C1A762716E1927A130E7CA697DB0AB9BDA8E8A33C7A0ACBB6FDBFEA,Ec_IO,E85,96.1751839710722,UNRESOLVED,EXTRACTED,Numeric 1-100 role unclear,NPV,False,True,VISIBLE_CRITICAL_PATH
D07560CA6C1A762716E1927A130E7CA697DB0AB9BDA8E8A33C7A0ACBB6FDBFEA,Ec_IO,D86,0.15,ASSUMPTION,UNDERSTOOD,Fractional with label/DV; labels=rate,Rate,False,True,VISIBLE_CRITICAL_PATH
D07560CA6C1A762716E1927A130E7CA697DB0AB9BDA8E8A33C7A0ACBB6FDBFEA,Ec_IO,E86,78.0891606587929,UNRESOLVED,EXTRACTED,Numeric 1-100 role unclear,NPV,False,True,VISIBLE_CRITICAL_PATH
D07560CA6C1A762716E1927A130E7CA697DB0AB9BDA8E8A33C7A0ACBB6FDBFEA,Ec_IO,D87,0.175,UNRESOLVED,EXTRACTED,Fractional literal without strong input evidence,,False,True,VISIBLE_CRITICAL_PATH
D07560CA6C1A762716E1927A130E7CA697DB0AB9BDA8E8A33C7A0ACBB6FDBFEA,Ec_IO,E87,62.6252214158992,UNRESOLVED,EXTRACTED,Numeric 1-100 role unclear,,False,True,VISIBLE_CRITICAL_PATH
D07560CA6C1A762716E1927A130E7CA697DB0AB9BDA8E8A33C7A0ACBB6FDBFEA,Ec_IO,D88,0.2,UNRESOLVED,EXTRACTED,Fractional literal without strong input evidence,,False,True,VISIBLE_CRITICAL_PATH
D07560CA6C1A762716E1927A130E7CA697DB0AB9BDA8E8A33C7A0ACBB6FDBFEA,Ec_IO,E88,49.3470941375003,UNRESOLVED,EXTRACTED,Numeric 1-100 role unclear,,False,True,VISIBLE_CRITICAL_PATH
D07560CA6C1A762716E1927A130E7CA697DB0AB9BDA8E8A33C7A0ACBB6FDBFEA,Ec_IO,D89,0.225,UNRESOLVED,EXTRACTED,Fractional literal without strong input evidence,,False,True,VISIBLE_CRITICAL_PATH
D07560CA6C1A762716E1927A130E7CA697DB0AB9BDA8E8A33C7A0ACBB6FDBFEA,Ec_IO,E89,37.9016185025435,UNRESOLVED,EXTRACTED,Numeric 1-100 role unclear,,False,True,VISIBLE_CRITICAL_PATH
D07560CA6C1A762716E1927A130E7CA697DB0AB9BDA8E8A33C7A0ACBB6FDBFEA,Ec_IO,D90,0.25,UNRESOLVED,EXTRACTED,Fractional literal without strong input evidence,,False,True,VISIBLE_CRITICAL_PATH
D07560CA6C1A762716E1927A130E7CA697DB0AB9BDA8E8A33C7A0ACBB6FDBFEA,Ec_IO,E90,28.0010093238785,UNRESOLVED,EXTRACTED,Numeric 1-100 role unclear,,False,True,VISIBLE_CRITICAL_PATH
D07560CA6C1A762716E1927A130E7CA697DB0AB9BDA8E8A33C7A0ACBB6FDBFEA,Ec_IO,D91,0.275,UNRESOLVED,EXTRACTED,Fractional literal without strong input evidence,,False,True,VISIBLE_CRITICAL_PATH
D07560CA6C1A762716E1927A130E7CA697DB0AB9BDA8E8A33C7A0ACBB6FDBFEA,Ec_IO,E91,19.4092786339426,UNRESOLVED,EXTRACTED,Numeric 1-100 role unclear,,False,True,VISIBLE_CRITICAL_PATH
D07560CA6C1A762716E1927A130E7CA697DB0AB9BDA8E8A33C7A0ACBB6FDBFEA,Ec_IO,D92,0.3,UNRESOLVED,EXTRACTED,Fractional literal without strong input evidence,,False,True,VISIBLE_CRITICAL_PATH
D07560CA6C1A762716E1927A130E7CA697DB0AB9BDA8E8A33C7A0ACBB6FDBFEA,Ec_IO,E92,11.9317612933976,UNRESOLVED,EXTRACTED,Numeric 1-100 role unclear,,False,True,VISIBLE_CRITICAL_PATH
D07560CA6C1A762716E1927A130E7CA697DB0AB9BDA8E8A33C7A0ACBB6FDBFEA,Ec_IO,D93,0.325,UNRESOLVED,EXTRACTED,Fractional literal without strong input evidence,,False,True,VISIBLE_CRITICAL_PATH
D07560CA6C1A762716E1927A130E7CA697DB0AB9BDA8E8A33C7A0ACBB6FDBFEA,Ec_IO,E93,5.40697528565144,UNRESOLVED,EXTRACTED,Numeric 1-100 role unclear,,False,True,VISIBLE_CRITICAL_PATH
D07560CA6C1A762716E1927A130E7CA697DB0AB9BDA8E8A33C7A0ACBB6FDBFEA,Ec_IO,D94,0.35,UNRESOLVED,EXTRACTED,Fractional literal without strong input evidence,,False,True,VISIBLE_CRITICAL_PATH
D07560CA6C1A762716E1927A130E7CA697DB0AB9BDA8E8A33C7A0ACBB6FDBFEA,Ec_IO,E94,-0.299748143119898,UNRESOLVED,EXTRACTED,No evidence-based class,,False,True,VISIBLE_CRITICAL_PATH
D07560CA6C1A762716E1927A130E7CA697DB0AB9BDA8E8A33C7A0ACBB6FDBFEA,Ec_IO,D95,0.375,UNRESOLVED,EXTRACTED,Fractional literal without strong input evidence,,False,True,VISIBLE_CRITICAL_PATH
D07560CA6C1A762716E1927A130E7CA697DB0AB9BDA8E8A33C7A0ACBB6FDBFEA,Ec_IO,E95,-5.30128278186981,UNRESOLVED,EXTRACTED,Numeric magnitude; role unclear without further evidence,,False,True,VISIBLE_CRITICAL_PATH
D07560CA6C1A762716E1927A130E7CA697DB0AB9BDA8E8A33C7A0ACBB6FDBFEA,Ec_IO,D96,0.4,UNRESOLVED,EXTRACTED,Fractional literal without strong input evidence,,False,True,VISIBLE_CRITICAL_PATH
D07560CA6C1A762716E1927A130E7CA697DB0AB9BDA8E8A33C7A0ACBB6FDBFEA,Ec_IO,E96,-9.69268631793874,UNRESOLVED,EXTRACTED,Numeric magnitude; role unclear without further evidence,,False,True,VISIBLE_CRITICAL_PATH
D07560CA6C1A762716E1927A130E7CA697DB0AB9BDA8E8A33C7A0ACBB6FDBFEA,Ec_IO,D97,0.425,UNRESOLVED,EXTRACTED,Fractional literal without strong input evidence,,False,True,VISIBLE_CRITICAL_PATH
D07560CA6C1A762716E1927A130E7CA697DB0AB9BDA8E8A33C7A0ACBB6FDBFEA,Ec_IO,E97,-13.5543743930911,UNRESOLVED,EXTRACTED,Numeric magnitude; role unclear without further evidence,,False,True,VISIBLE_CRITICAL_PATH
D07560CA6C1A762716E1927A130E7CA697DB0AB9BDA8E8A33C7A0ACBB6FDBFEA,Ec_IO,D98,0.45,UNRESOLVED,EXTRACTED,Fractional literal without strong input evidence,,False,True,VISIBLE_CRITICAL_PATH
D07560CA6C1A762716E1927A130E7CA697DB0AB9BDA8E8A33C7A0ACBB6FDBFEA,Ec_IO,E98,-16.9546674699772,UNRESOLVED,EXTRACTED,Numeric magnitude; role unclear without further evidence,,False,True,VISIBLE_CRITICAL_PATH
D07560CA6C1A762716E1927A130E7CA697DB0AB9BDA8E8A33C7A0ACBB6FDBFEA,Ec_IO,D99,0.475,UNRESOLVED,EXTRACTED,Fractional literal without strong input evidence,,False,True,VISIBLE_CRITICAL_PATH
D07560CA6C1A762716E1927A130E7CA697DB0AB9BDA8E8A33C7A0ACBB6FDBFEA,Ec_IO,E99,-19.9518458828025,UNRESOLVED,EXTRACTED,Numeric magnitude; role unclear without further evidence,,False,True,VISIBLE_CRITICAL_PATH
D07560CA6C1A762716E1927A130E7CA697DB0AB9BDA8E8A33C7A0ACBB6FDBFEA,Ec_IO,D100,0.5,UNRESOLVED,EXTRACTED,Fractional literal without strong input evidence,,False,True,VISIBLE_CRITICAL_PATH
D07560CA6C1A762716E1927A130E7CA697DB0AB9BDA8E8A33C7A0ACBB6FDBFEA,Ec_IO,E100,-22.5958169230492,UNRESOLVED,EXTRACTED,Numeric magnitude; role unclear without further evidence,,False,True,VISIBLE_CRITICAL_PATH
D07560CA6C1A762716E1927A130E7CA697DB0AB9BDA8E8A33C7A0ACBB6FDBFEA,Fiscal Terms_PIA,V3,3,UNRESOLVED,EXTRACTED,Numeric 1-100 role unclear,"Onshore | INITIAL DURATION, YRS",False,True,VISIBLE_CRITICAL_PATH
D07560CA6C1A762716E1927A130E7CA697DB0AB9BDA8E8A33C7A0ACBB6FDBFEA,Fiscal Terms_PIA,W3,3,UNRESOLVED,EXTRACTED,Numeric 1-100 role unclear,"Onshore | EXTENDED DURATION, YRS",False,True,VISIBLE_CRITICAL_PATH
D07560CA6C1A762716E1927A130E7CA697DB0AB9BDA8E8A33C7A0ACBB6FDBFEA,Fiscal Terms_PIA,V4,3,UNRESOLVED,EXTRACTED,Numeric 1-100 role unclear,"Shallow | INITIAL DURATION, YRS",False,True,VISIBLE_CRITICAL_PATH
D07560CA6C1A762716E1927A130E7CA697DB0AB9BDA8E8A33C7A0ACBB6FDBFEA,Fiscal Terms_PIA,W4,3,UNRESOLVED,EXTRACTED,Numeric 1-100 role unclear,"Shallow | EXTENDED DURATION, YRS",False,True,VISIBLE_CRITICAL_PATH
D07560CA6C1A762716E1927A130E7CA697DB0AB9BDA8E8A33C7A0ACBB6FDBFEA,Fiscal Terms_PIA,V5,5,UNRESOLVED,EXTRACTED,Numeric 1-100 role unclear,"Deep Offshore | INITIAL DURATION, YRS",False,True,VISIBLE_CRITICAL_PATH
D07560CA6C1A762716E1927A130E7CA697DB0AB9BDA8E8A33C7A0ACBB6FDBFEA,Fiscal Terms_PIA,W5,5,UNRESOLVED,EXTRACTED,Numeric 1-100 role unclear,"Deep Offshore | EXTENDED DURATION, YRS",False,True,VISIBLE_CRITICAL_PATH
D07560CA6C1A762716E1927A130E7CA697DB0AB9BDA8E8A33C7A0ACBB6FDBFEA,Fiscal Terms_PIA,V7,3,UNRESOLVED,EXTRACTED,Numeric 1-100 role unclear,"Onshore | INITIAL DURATION, YRS",False,True,VISIBLE_CRITICAL_PATH
D07560CA6C1A762716E1927A130E7CA697DB0AB9BDA8E8A33C7A0ACBB6FDBFEA,Fiscal Terms_PIA,W7,3,UNRESOLVED,EXTRACTED,Numeric 1-100 role unclear,"Onshore | EXTENDED DURATION, YRS",False,True,VISIBLE_CRITICAL_PATH
D07560CA6C1A762716E1927A130E7CA697DB0AB9BDA8E8A33C7A0ACBB6FDBFEA,Fiscal Terms_PIA,X7,350,UNRESOLVED,EXTRACTED,Numeric magnitude; role unclear without further evidence,"Onshore | AREA, sqKm",False,True,VISIBLE_CRITICAL_PATH
D07560CA6C1A762716E1927A130E7CA697DB0AB9BDA8E8A33C7A0ACBB6FDBFEA,Fiscal Terms_PIA,V8,3,UNRESOLVED,EXTRACTED,Numeric 1-100 role unclear,"Shallow | INITIAL DURATION, YRS",False,True,VISIBLE_CRITICAL_PATH
D07560CA6C1A762716E1927A130E7CA697DB0AB9BDA8E8A33C7A0ACBB6FDBFEA,Fiscal Terms_PIA,W8,3,UNRESOLVED,EXTRACTED,Numeric 1-100 role unclear,"Shallow | EXTENDED DURATION, YRS",False,True,VISIBLE_CRITICAL_PATH
D07560CA6C1A762716E1927A130E7CA697DB0AB9BDA8E8A33C7A0ACBB6FDBFEA,Fiscal Terms_PIA,X8,350,UNRESOLVED,EXTRACTED,Numeric magnitude; role unclear without further evidence,"Shallow | AREA, sqKm",False,True,VISIBLE_CRITICAL_PATH
D07560CA6C1A762716E1927A130E7CA697DB0AB9BDA8E8A33C7A0ACBB6FDBFEA,Fiscal Terms_PIA,V9,5,UNRESOLVED,EXTRACTED,Numeric 1-100 role unclear,Deep Offshore,False,True,VISIBLE_CRITICAL_PATH
D07560CA6C1A762716E1927A130E7CA697DB0AB9BDA8E8A33C7A0ACBB6FDBFEA,Fiscal Terms_PIA,W9,5,UNRESOLVED,EXTRACTED,Numeric 1-100 role unclear,Deep Offshore,False,True,VISIBLE_CRITICAL_PATH
D07560CA6C1A762716E1927A130E7CA697DB0AB9BDA8E8A33C7A0ACBB6FDBFEA,Fiscal Terms_PIA,X9,1000,UNRESOLVED,EXTRACTED,Numeric magnitude; role unclear without further evidence,Deep Offshore,False,True,VISIBLE_CRITICAL_PATH
D07560CA6C1A762716E1927A130E7CA697DB0AB9BDA8E8A33C7A0ACBB6FDBFEA,Fiscal Terms_PIA,Z9,24822,UNRESOLVED,EXTRACTED,Numeric magnitude; role unclear without further evidence,Deep Offshore,False,True,VISIBLE_CRITICAL_PATH
D07560CA6C1A762716E1927A130E7CA697DB0AB9BDA8E8A33C7A0ACBB6FDBFEA,Fiscal Terms_PIA,AB9,31068,UNRESOLVED,EXTRACTED,Numeric magnitude; role unclear without further evidence,,False,True,VISIBLE_CRITICAL_PATH
D07560CA6C1A762716E1927A130E7CA697DB0AB9BDA8E8A33C7A0ACBB6FDBFEA,Fiscal Terms_PIA,X10,1500,UNRESOLVED,EXTRACTED,Numeric magnitude; role unclear without further evidence,Frontier,False,True,VISIBLE_CRITICAL_PATH
D07560CA6C1A762716E1927A130E7CA697DB0AB9BDA8E8A33C7A0ACBB6FDBFEA,Fiscal Terms_PIA,V11,20,UNRESOLVED,EXTRACTED,Numeric 1-100 role unclear,Onshore,False,True,VISIBLE_CRITICAL_PATH
D07560CA6C1A762716E1927A130E7CA697DB0AB9BDA8E8A33C7A0ACBB6FDBFEA,Fiscal Terms_PIA,Z11,405.33,UNRESOLVED,EXTRACTED,Numeric magnitude; role unclear without further evidence,40% 0F PPL | OML 20,False,True,VISIBLE_CRITICAL_PATH
D07560CA6C1A762716E1927A130E7CA697DB0AB9BDA8E8A33C7A0ACBB6FDBFEA,Fiscal Terms_PIA,AA11,300,UNRESOLVED,EXTRACTED,Numeric magnitude; role unclear without further evidence,40% 0F PPL | OML 124,False,True,VISIBLE_CRITICAL_PATH
D07560CA6C1A762716E1927A130E7CA697DB0AB9BDA8E8A33C7A0ACBB6FDBFEA,Fiscal Terms_PIA,AB11,722,UNRESOLVED,EXTRACTED,Numeric magnitude; role unclear without further evidence,40% 0F PPL | OML 126,False,True,VISIBLE_CRITICAL_PATH
D07560CA6C1A762716E1927A130E7CA697DB0AB9BDA8E8A33C7A0ACBB6FDBFEA,Fiscal Terms_PIA,AC11,979,UNRESOLVED,EXTRACTED,Numeric magnitude; role unclear without further evidence,40% 0F PPL | OML 137,False,True,VISIBLE_CRITICAL_PATH
D07560CA6C1A762716E1927A130E7CA697DB0AB9BDA8E8A33C7A0ACBB6FDBFEA,Fiscal Terms_PIA,AH11,5.33,UNRESOLVED,EXTRACTED,Numeric 1-100 role unclear,,False,True,VISIBLE_CRITICAL_PATH
D07560CA6C1A762716E1927A130E7CA697DB0AB9BDA8E8A33C7A0ACBB6FDBFEA,Fiscal Terms_PIA,V12,20,UNRESOLVED,EXTRACTED,Numeric 1-100 role unclear,Shallow,False,True,VISIBLE_CRITICAL_PATH
D07560CA6C1A762716E1927A130E7CA697DB0AB9BDA8E8A33C7A0ACBB6FDBFEA,Fiscal Terms_PIA,Z12,153.808413181687,UNRESOLVED,EXTRACTED,Numeric magnitude; role unclear without further evidence,40% OF PPL | OML 20,False,True,VISIBLE_CRITICAL_PATH
D07560CA6C1A762716E1927A130E7CA697DB0AB9BDA8E8A33C7A0ACBB6FDBFEA,Fiscal Terms_PIA,V13,20,UNRESOLVED,EXTRACTED,Numeric 1-100 role unclear,Deep Offshore,False,True,VISIBLE_CRITICAL_PATH
D07560CA6C1A762716E1927A130E7CA697DB0AB9BDA8E8A33C7A0ACBB6FDBFEA,Fiscal Terms_PIA,V14,20,UNRESOLVED,EXTRACTED,Numeric 1-100 role unclear,Frontier,False,True,VISIBLE_CRITICAL_PATH
D07560CA6C1A762716E1927A130E7CA697DB0AB9BDA8E8A33C7A0ACBB6FDBFEA,Fiscal Terms_PIA,AA15,200,UNRESOLVED,EXTRACTED,Numeric magnitude; role unclear without further evidence,100/sq mile | OML 124,False,True,VISIBLE_CRITICAL_PATH
D07560CA6C1A762716E1927A130E7CA697DB0AB9BDA8E8A33C7A0ACBB6FDBFEA,Fiscal Terms_PIA,U18,0,DEFAULT_STRUCTURAL_VALUE,EXTRACTED,Zero literal; not INPUT without further evidence,Onshore | MIN,False,True,VISIBLE_CRITICAL_PATH
D07560CA6C1A762716E1927A130E7CA697DB0AB9BDA8E8A33C7A0ACBB6FDBFEA,Fiscal Terms_PIA,V18,5000,UNRESOLVED,EXTRACTED,Numeric magnitude; role unclear without further evidence,Onshore | MAX,False,True,VISIBLE_CRITICAL_PATH
D07560CA6C1A762716E1927A130E7CA697DB0AB9BDA8E8A33C7A0ACBB6FDBFEA,Fiscal Terms_PIA,W18,0.05,ASSUMPTION,UNDERSTOOD,Fractional with label/DV; labels=onshore pia rate,Onshore | PIA RATE,False,True,VISIBLE_CRITICAL_PATH
D07560CA6C1A762716E1927A130E7CA697DB0AB9BDA8E8A33C7A0ACBB6FDBFEA,Fiscal Terms_PIA,Y18,0.2,ASSUMPTION,UNDERSTOOD,Fractional with label/DV; labels=sliding fixed rate,Sliding | Fixed Rate,False,True,VISIBLE_CRITICAL_PATH
D07560CA6C1A762716E1927A130E7CA697DB0AB9BDA8E8A33C7A0ACBB6FDBFEA,Fiscal Terms_PIA,U19,5001,UNRESOLVED,EXTRACTED,Numeric magnitude; role unclear without further evidence,MIN,False,True,VISIBLE_CRITICAL_PATH
D07560CA6C1A762716E1927A130E7CA697DB0AB9BDA8E8A33C7A0ACBB6FDBFEA,Fiscal Terms_PIA,V19,10000,UNRESOLVED,EXTRACTED,Numeric magnitude; role unclear without further evidence,MAX,False,True,VISIBLE_CRITICAL_PATH
D07560CA6C1A762716E1927A130E7CA697DB0AB9BDA8E8A33C7A0ACBB6FDBFEA,Fiscal Terms_PIA,W19,0.075,ASSUMPTION,UNDERSTOOD,Fractional with label/DV; labels=pia rate,PIA RATE,False,True,VISIBLE_CRITICAL_PATH
D07560CA6C1A762716E1927A130E7CA697DB0AB9BDA8E8A33C7A0ACBB6FDBFEA,Fiscal Terms_PIA,V20,10000,UNRESOLVED,EXTRACTED,Numeric magnitude; role unclear without further evidence,Above | MAX,False,True,VISIBLE_CRITICAL_PATH
D07560CA6C1A762716E1927A130E7CA697DB0AB9BDA8E8A33C7A0ACBB6FDBFEA,Fiscal Terms_PIA,W20,0.15,ASSUMPTION,UNDERSTOOD,Fractional with label/DV; labels=above pia rate,Above | PIA RATE,False,True,VISIBLE_CRITICAL_PATH
D07560CA6C1A762716E1927A130E7CA697DB0AB9BDA8E8A33C7A0ACBB6FDBFEA,Fiscal Terms_PIA,U21,0,DEFAULT_STRUCTURAL_VALUE,EXTRACTED,Zero literal; not INPUT without further evidence,Shallow Water (<200m water depth) | Above,False,True,VISIBLE_CRITICAL_PATH
D07560CA6C1A762716E1927A130E7CA697DB0AB9BDA8E8A33C7A0ACBB6FDBFEA,Fiscal Terms_PIA,V21,5000,UNRESOLVED,EXTRACTED,Numeric magnitude; role unclear without further evidence,Shallow Water (<200m water depth) | MAX,False,True,VISIBLE_CRITICAL_PATH
D07560CA6C1A762716E1927A130E7CA697DB0AB9BDA8E8A33C7A0ACBB6FDBFEA,Fiscal Terms_PIA,W21,0.05,ASSUMPTION,UNDERSTOOD,Fractional with label/DV; labels=shallow water (<200m water depth) pia rate,Shallow Water (<200m water depth) | PIA RATE,False,True,VISIBLE_CRITICAL_PATH
D07560CA6C1A762716E1927A130E7CA697DB0AB9BDA8E8A33C7A0ACBB6FDBFEA,Fiscal Terms_PIA,Y21,0.185,ASSUMPTION,UNDERSTOOD,Fractional with label/DV; labels=sliding fixed rate,Sliding | Fixed Rate,False,True,VISIBLE_CRITICAL_PATH
D07560CA6C1A762716E1927A130E7CA697DB0AB9BDA8E8A33C7A0ACBB6FDBFEA,Fiscal Terms_PIA,U22,5001,UNRESOLVED,EXTRACTED,Numeric magnitude; role unclear without further evidence,Above,False,True,VISIBLE_CRITICAL_PATH
D07560CA6C1A762716E1927A130E7CA697DB0AB9BDA8E8A33C7A0ACBB6FDBFEA,Fiscal Terms_PIA,V22,10000,UNRESOLVED,EXTRACTED,Numeric magnitude; role unclear without further evidence,MAX,False,True,VISIBLE_CRITICAL_PATH
D07560CA6C1A762716E1927A130E7CA697DB0AB9BDA8E8A33C7A0ACBB6FDBFEA,Fiscal Terms_PIA,W22,0.075,ASSUMPTION,UNDERSTOOD,Fractional with label/DV; labels=pia rate,PIA RATE,False,True,VISIBLE_CRITICAL_PATH
D07560CA6C1A762716E1927A130E7CA697DB0AB9BDA8E8A33C7A0ACBB6FDBFEA,Fiscal Terms_PIA,V23,10000,UNRESOLVED,EXTRACTED,Numeric magnitude; role unclear without further evidence,Above | MAX,False,True,VISIBLE_CRITICAL_PATH
D07560CA6C1A762716E1927A130E7CA697DB0AB9BDA8E8A33C7A0ACBB6FDBFEA,Fiscal Terms_PIA,W23,0.125,UNRESOLVED,EXTRACTED,Fractional literal without strong input evidence,Above,False,True,VISIBLE_CRITICAL_PATH
D07560CA6C1A762716E1927A130E7CA697DB0AB9BDA8E8A33C7A0ACBB6FDBFEA,Fiscal Terms_PIA,U24,0,DEFAULT_STRUCTURAL_VALUE,EXTRACTED,Zero literal; not INPUT without further evidence,Deep Offshore (>200m water depth) | Above,False,True,VISIBLE_CRITICAL_PATH
D07560CA6C1A762716E1927A130E7CA697DB0AB9BDA8E8A33C7A0ACBB6FDBFEA,Fiscal Terms_PIA,V24,50000,UNRESOLVED,EXTRACTED,Numeric magnitude; role unclear without further evidence,Deep Offshore (>200m water depth),False,True,VISIBLE_CRITICAL_PATH
D07560CA6C1A762716E1927A130E7CA697DB0AB9BDA8E8A33C7A0ACBB6FDBFEA,Fiscal Terms_PIA,W24,0.05,UNRESOLVED,EXTRACTED,Fractional literal without strong input evidence,Deep Offshore (>200m water depth),False,True,VISIBLE_CRITICAL_PATH
D07560CA6C1A762716E1927A130E7CA697DB0AB9BDA8E8A33C7A0ACBB6FDBFEA,Fiscal Terms_PIA,Y24,0.1,UNRESOLVED,EXTRACTED,Fractional literal without strong input evidence,Sliding,False,True,VISIBLE_CRITICAL_PATH
D07560CA6C1A762716E1927A130E7CA697DB0AB9BDA8E8A33C7A0ACBB6FDBFEA,Fiscal Terms_PIA,V25,50000,UNRESOLVED,EXTRACTED,Numeric magnitude; role unclear without further evidence,Above,False,True,VISIBLE_CRITICAL_PATH
D07560CA6C1A762716E1927A130E7CA697DB0AB9BDA8E8A33C7A0ACBB6FDBFEA,Fiscal Terms_PIA,W25,0.075,UNRESOLVED,EXTRACTED,Fractional literal without strong input evidence,Above,False,True,VISIBLE_CRITICAL_PATH
D07560CA6C1A762716E1927A130E7CA697DB0AB9BDA8E8A33C7A0ACBB6FDBFEA,Fiscal Terms_PIA,W26,0.075,UNRESOLVED,EXTRACTED,Fractional literal without strong input evidence,Frontier Basin,False,True,VISIBLE_CRITICAL_PATH
D07560CA6C1A762716E1927A130E7CA697DB0AB9BDA8E8A33C7A0ACBB6FDBFEA,Fiscal Terms_PIA,Y26,0.075,UNRESOLVED,EXTRACTED,Fractional literal without strong input evidence,Flat,False,True,VISIBLE_CRITICAL_PATH
D07560CA6C1A762716E1927A130E7CA697DB0AB9BDA8E8A33C7A0ACBB6FDBFEA,Fiscal Terms_PIA,U30,0.05,UNRESOLVED,EXTRACTED,Fractional literal without strong input evidence,Onshore | Out-Country,False,True,VISIBLE_CRITICAL_PATH
D07560CA6C1A762716E1927A130E7CA697DB0AB9BDA8E8A33C7A0ACBB6FDBFEA,Fiscal Terms_PIA,V30,0.025,UNRESOLVED,EXTRACTED,Fractional literal without strong input evidence,Onshore | In-Country (Dom Gas),False,True,VISIBLE_CRITICAL_PATH
D07560CA6C1A762716E1927A130E7CA697DB0AB9BDA8E8A33C7A0ACBB6FDBFEA,Fiscal Terms_PIA,W30,0.07,UNRESOLVED,EXTRACTED,Fractional literal without strong input evidence,Onshore | PRE-PIA,False,True,VISIBLE_CRITICAL_PATH
D07560CA6C1A762716E1927A130E7CA697DB0AB9BDA8E8A33C7A0ACBB6FDBFEA,Fiscal Terms_PIA,U31,0.05,UNRESOLVED,EXTRACTED,Fractional literal without strong input evidence,Shallow Water | Out-Country,False,True,VISIBLE_CRITICAL_PATH
D07560CA6C1A762716E1927A130E7CA697DB0AB9BDA8E8A33C7A0ACBB6FDBFEA,Fiscal Terms_PIA,V31,0.025,UNRESOLVED,EXTRACTED,Fractional literal without strong input evidence,Shallow Water | In-Country (Dom Gas),False,True,VISIBLE_CRITICAL_PATH
D07560CA6C1A762716E1927A130E7CA697DB0AB9BDA8E8A33C7A0ACBB6FDBFEA,Fiscal Terms_PIA,W31,0.05,UNRESOLVED,EXTRACTED,Fractional literal without strong input evidence,Shallow Water | PRE-PIA,False,True,VISIBLE_CRITICAL_PATH
D07560CA6C1A762716E1927A130E7CA697DB0AB9BDA8E8A33C7A0ACBB6FDBFEA,Fiscal Terms_PIA,U32,0.05,UNRESOLVED,EXTRACTED,Fractional literal without strong input evidence,Deep Offshore | Out-Country,False,True,VISIBLE_CRITICAL_PATH
D07560CA6C1A762716E1927A130E7CA697DB0AB9BDA8E8A33C7A0ACBB6FDBFEA,Fiscal Terms_PIA,V32,0.025,UNRESOLVED,EXTRACTED,Fractional literal without strong input evidence,Deep Offshore | In-Country (Dom Gas),False,True,VISIBLE_CRITICAL_PATH
D07560CA6C1A762716E1927A130E7CA697DB0AB9BDA8E8A33C7A0ACBB6FDBFEA,Fiscal Terms_PIA,W32,0.05,UNRESOLVED,EXTRACTED,Fractional literal without strong input evidence,Deep Offshore | PRE-PIA,False,True,VISIBLE_CRITICAL_PATH
D07560CA6C1A762716E1927A130E7CA697DB0AB9BDA8E8A33C7A0ACBB6FDBFEA,Fiscal Terms_PIA,T36,0,DEFAULT_STRUCTURAL_VALUE,EXTRACTED,Zero literal; not INPUT without further evidence,MIN,False,True,VISIBLE_CRITICAL_PATH
D07560CA6C1A762716E1927A130E7CA697DB0AB9BDA8E8A33C7A0ACBB6FDBFEA,Fiscal Terms_PIA,U36,50,UNRESOLVED,EXTRACTED,Numeric 1-100 role unclear,MAX,False,True,VISIBLE_CRITICAL_PATH
D07560CA6C1A762716E1927A130E7CA697DB0AB9BDA8E8A33C7A0ACBB6FDBFEA,Fiscal Terms_PIA,V36,0,DEFAULT_STRUCTURAL_VALUE,EXTRACTED,Zero literal; not INPUT without further evidence,PIA RATE,False,True,VISIBLE_CRITICAL_PATH
D07560CA6C1A762716E1927A130E7CA697DB0AB9BDA8E8A33C7A0ACBB6FDBFEA,Fiscal Terms_PIA,Y36,0,DEFAULT_STRUCTURAL_VALUE,EXTRACTED,Zero literal; not INPUT without further evidence,0 to $20,False,True,VISIBLE_CRITICAL_PATH
D07560CA6C1A762716E1927A130E7CA697DB0AB9BDA8E8A33C7A0ACBB6FDBFEA,Fiscal Terms_PIA,T37,51,UNRESOLVED,EXTRACTED,Numeric 1-100 role unclear,MIN,False,True,VISIBLE_CRITICAL_PATH
D07560CA6C1A762716E1927A130E7CA697DB0AB9BDA8E8A33C7A0ACBB6FDBFEA,Fiscal Terms_PIA,U37,100,UNRESOLVED,EXTRACTED,Numeric 1-100 role unclear,MAX,False,True,VISIBLE_CRITICAL_PATH
D07560CA6C1A762716E1927A130E7CA697DB0AB9BDA8E8A33C7A0ACBB6FDBFEA,Fiscal Terms_PIA,V37,0.05,ASSUMPTION,UNDERSTOOD,Fractional with label/DV; labels=pia rate,PIA RATE,False,True,VISIBLE_CRITICAL_PATH
D07560CA6C1A762716E1927A130E7CA697DB0AB9BDA8E8A33C7A0ACBB6FDBFEA,Fiscal Terms_PIA,Y37,0.025,UNRESOLVED,EXTRACTED,Fractional literal without strong input evidence,$20 to $60,False,True,VISIBLE_CRITICAL_PATH
D07560CA6C1A762716E1927A130E7CA697DB0AB9BDA8E8A33C7A0ACBB6FDBFEA,Fiscal Terms_PIA,T38,101,UNRESOLVED,EXTRACTED,Numeric magnitude; role unclear without further evidence,MIN,False,True,VISIBLE_CRITICAL_PATH
D07560CA6C1A762716E1927A130E7CA697DB0AB9BDA8E8A33C7A0ACBB6FDBFEA,Fiscal Terms_PIA,U38,150,UNRESOLVED,EXTRACTED,Numeric magnitude; role unclear without further evidence,MAX,False,True,VISIBLE_CRITICAL_PATH
D07560CA6C1A762716E1927A130E7CA697DB0AB9BDA8E8A33C7A0ACBB6FDBFEA,Fiscal Terms_PIA,V38,0.1,ASSUMPTION,UNDERSTOOD,Fractional with label/DV; labels=pia rate,PIA RATE,False,True,VISIBLE_CRITICAL_PATH
D07560CA6C1A762716E1927A130E7CA697DB0AB9BDA8E8A33C7A0ACBB6FDBFEA,Fiscal Terms_PIA,Y38,0.04,UNRESOLVED,EXTRACTED,Fractional literal without strong input evidence,$60 to $100,False,True,VISIBLE_CRITICAL_PATH
D07560CA6C1A762716E1927A130E7CA697DB0AB9BDA8E8A33C7A0ACBB6FDBFEA,Fiscal Terms_PIA,Y39,0.08,UNRESOLVED,EXTRACTED,Fractional literal without strong input evidence,$100 to $150,False,True,VISIBLE_CRITICAL_PATH
D07560CA6C1A762716E1927A130E7CA697DB0AB9BDA8E8A33C7A0ACBB6FDBFEA,Fiscal Terms_PIA,V40,0.02,ASSUMPTION,UNDERSTOOD,Fractional with label/DV; labels=price escalation pia rate,Price Escalation | PIA RATE,False,True,VISIBLE_CRITICAL_PATH
D07560CA6C1A762716E1927A130E7CA697DB0AB9BDA8E8A33C7A0ACBB6FDBFEA,Fiscal Terms_PIA,Y40,0.1,UNRESOLVED,EXTRACTED,Fractional literal without strong input evidence,Above $150,False,True,VISIBLE_CRITICAL_PATH
D07560CA6C1A762716E1927A130E7CA697DB0AB9BDA8E8A33C7A0ACBB6FDBFEA,Fiscal Terms_PIA,X44,50,UNRESOLVED,EXTRACTED,Numeric 1-100 role unclear,<=50 | Above $150,False,True,VISIBLE_CRITICAL_PATH
D07560CA6C1A762716E1927A130E7CA697DB0AB9BDA8E8A33C7A0ACBB6FDBFEA,Fiscal Terms_PIA,Y44,8,UNRESOLVED,EXTRACTED,Numeric 1-100 role unclear,"<=50 | Min Price, $/bbl",False,True,VISIBLE_CRITICAL_PATH
D07560CA6C1A762716E1927A130E7CA697DB0AB9BDA8E8A33C7A0ACBB6FDBFEA,Fiscal Terms_PIA,X45,50,UNRESOLVED,EXTRACTED,Numeric 1-100 role unclear,>50 | Above $150,False,True,VISIBLE_CRITICAL_PATH
D07560CA6C1A762716E1927A130E7CA697DB0AB9BDA8E8A33C7A0ACBB6FDBFEA,Fiscal Terms_PIA,Y45,4,UNRESOLVED,EXTRACTED,Numeric 1-100 role unclear,">50 | Min Price, $/bbl",False,True,VISIBLE_CRITICAL_PATH
D07560CA6C1A762716E1927A130E7CA697DB0AB9BDA8E8A33C7A0ACBB6FDBFEA,Fiscal Terms_PIA,X46,100,UNRESOLVED,EXTRACTED,Numeric 1-100 role unclear,<=100 | Above $150,False,True,VISIBLE_CRITICAL_PATH
D07560CA6C1A762716E1927A130E7CA697DB0AB9BDA8E8A33C7A0ACBB6FDBFEA,Fiscal Terms_PIA,Y46,8,UNRESOLVED,EXTRACTED,Numeric 1-100 role unclear,"<=100 | Min Price, $/bbl",False,True,VISIBLE_CRITICAL_PATH
D07560CA6C1A762716E1927A130E7CA697DB0AB9BDA8E8A33C7A0ACBB6FDBFEA,Fiscal Terms_PIA,X47,100,UNRESOLVED,EXTRACTED,Numeric 1-100 role unclear,>100,False,True,VISIBLE_CRITICAL_PATH
D07560CA6C1A762716E1927A130E7CA697DB0AB9BDA8E8A33C7A0ACBB6FDBFEA,Fiscal Terms_PIA,Y47,4,UNRESOLVED,EXTRACTED,Numeric 1-100 role unclear,">100 | Min Price, $/bbl",False,True,VISIBLE_CRITICAL_PATH
D07560CA6C1A762716E1927A130E7CA697DB0AB9BDA8E8A33C7A0ACBB6FDBFEA,Fiscal Terms_PIA,Z47,0.2,UNRESOLVED,EXTRACTED,Fractional literal without strong input evidence,>100 | Jumping Scale,False,True,VISIBLE_CRITICAL_PATH
D07560CA6C1A762716E1927A130E7CA697DB0AB9BDA8E8A33C7A0ACBB6FDBFEA,Fiscal Terms_PIA,X48,500,UNRESOLVED,EXTRACTED,Numeric magnitude; role unclear without further evidence,<=500,False,True,VISIBLE_CRITICAL_PATH
D07560CA6C1A762716E1927A130E7CA697DB0AB9BDA8E8A33C7A0ACBB6FDBFEA,Fiscal Terms_PIA,Y48,8,UNRESOLVED,EXTRACTED,Numeric 1-100 role unclear,"<=500 | Min Price, $/bbl",False,True,VISIBLE_CRITICAL_PATH
D07560CA6C1A762716E1927A130E7CA697DB0AB9BDA8E8A33C7A0ACBB6FDBFEA,Fiscal Terms_PIA,X49,500,UNRESOLVED,EXTRACTED,Numeric magnitude; role unclear without further evidence,>500,False,True,VISIBLE_CRITICAL_PATH
D07560CA6C1A762716E1927A130E7CA697DB0AB9BDA8E8A33C7A0ACBB6FDBFEA,Fiscal Terms_PIA,Y49,4,UNRESOLVED,EXTRACTED,Numeric 1-100 role unclear,">500 | Min Price, $/bbl",False,True,VISIBLE_CRITICAL_PATH
D07560CA6C1A762716E1927A130E7CA697DB0AB9BDA8E8A33C7A0ACBB6FDBFEA,Fiscal Terms_PIA,Y51,2.5,UNRESOLVED,EXTRACTED,Numeric 1-100 role unclear,ALL CUM PROD,False,True,VISIBLE_CRITICAL_PATH
D07560CA6C1A762716E1927A130E7CA697DB0AB9BDA8E8A33C7A0ACBB6FDBFEA,Fiscal Terms_PIA,U55,0,DEFAULT_STRUCTURAL_VALUE,EXTRACTED,Zero literal; not INPUT without further evidence,HT | Before Appraisal,False,True,VISIBLE_CRITICAL_PATH
D07560CA6C1A762716E1927A130E7CA697DB0AB9BDA8E8A33C7A0ACBB6FDBFEA,Fiscal Terms_PIA,V55,0.15,UNRESOLVED,EXTRACTED,Fractional literal without strong input evidence,"HT | Upon Appraisal, Commercial Discovery or significant gas/crude discovery",False,True,VISIBLE_CRITICAL_PATH
D07560CA6C1A762716E1927A130E7CA697DB0AB9BDA8E8A33C7A0ACBB6FDBFEA,Fiscal Terms_PIA,W55,0.3,UNRESOLVED,EXTRACTED,Fractional literal without strong input evidence,HT | Upon Field Development or commercial production,False,True,VISIBLE_CRITICAL_PATH
D07560CA6C1A762716E1927A130E7CA697DB0AB9BDA8E8A33C7A0ACBB6FDBFEA,Fiscal Terms_PIA,Z55,0.6575,UNRESOLVED,EXTRACTED,Fractional literal without strong input evidence,HT | First 5 yrs,False,True,VISIBLE_CRITICAL_PATH
D07560CA6C1A762716E1927A130E7CA697DB0AB9BDA8E8A33C7A0ACBB6FDBFEA,Fiscal Terms_PIA,AA55,0.85,UNRESOLVED,EXTRACTED,Fractional literal without strong input evidence,>5 Yrs,False,True,VISIBLE_CRITICAL_PATH
D07560CA6C1A762716E1927A130E7CA697DB0AB9BDA8E8A33C7A0ACBB6FDBFEA,Fiscal Terms_PIA,AB55,0.5,UNRESOLVED,EXTRACTED,Fractional literal without strong input evidence,Deep Offshore,False,True,VISIBLE_CRITICAL_PATH
D07560CA6C1A762716E1927A130E7CA697DB0AB9BDA8E8A33C7A0ACBB6FDBFEA,Fiscal Terms_PIA,U56,0.3,UNRESOLVED,EXTRACTED,Fractional literal without strong input evidence,CIT | Before Appraisal,False,True,VISIBLE_CRITICAL_PATH
D07560CA6C1A762716E1927A130E7CA697DB0AB9BDA8E8A33C7A0ACBB6FDBFEA,Fiscal Terms_PIA,V56,0.3,UNRESOLVED,EXTRACTED,Fractional literal without strong input evidence,"CIT | Upon Appraisal, Commercial Discovery or significant gas/crude discovery",False,True,VISIBLE_CRITICAL_PATH
D07560CA6C1A762716E1927A130E7CA697DB0AB9BDA8E8A33C7A0ACBB6FDBFEA,Fiscal Terms_PIA,W56,0.3,UNRESOLVED,EXTRACTED,Fractional literal without strong input evidence,CIT | Upon Field Development or commercial production,False,True,VISIBLE_CRITICAL_PATH
D07560CA6C1A762716E1927A130E7CA697DB0AB9BDA8E8A33C7A0ACBB6FDBFEA,Fiscal Terms_PIA,T60,0.7,UNRESOLVED,EXTRACTED,Fractional literal without strong input evidence,New Acreage,False,True,VISIBLE_CRITICAL_PATH
D07560CA6C1A762716E1927A130E7CA697DB0AB9BDA8E8A33C7A0ACBB6FDBFEA,Fiscal Terms_PIA,U60,0.6,UNRESOLVED,EXTRACTED,Fractional literal without strong input evidence,Converted OML,False,True,VISIBLE_CRITICAL_PATH
D07560CA6C1A762716E1927A130E7CA697DB0AB9BDA8E8A33C7A0ACBB6FDBFEA,Fiscal Terms_PIA,W60,50,UNRESOLVED,EXTRACTED,Numeric 1-100 role unclear,<= | Upon Field Development or commercial production,False,True,VISIBLE_CRITICAL_PATH
D07560CA6C1A762716E1927A130E7CA697DB0AB9BDA8E8A33C7A0ACBB6FDBFEA,Fiscal Terms_PIA,X60,0.05,ASSUMPTION,UNDERSTOOD,"Fractional with label/DV; labels=<= split,%","<= | Split,%",False,True,VISIBLE_CRITICAL_PATH
D07560CA6C1A762716E1927A130E7CA697DB0AB9BDA8E8A33C7A0ACBB6FDBFEA,Fiscal Terms_PIA,W61,100,UNRESOLVED,EXTRACTED,Numeric 1-100 role unclear,<=,False,True,VISIBLE_CRITICAL_PATH
D07560CA6C1A762716E1927A130E7CA697DB0AB9BDA8E8A33C7A0ACBB6FDBFEA,Fiscal Terms_PIA,X61,0.1,ASSUMPTION,UNDERSTOOD,"Fractional with label/DV; labels=<= split,%","<= | Split,%",False,True,VISIBLE_CRITICAL_PATH
D07560CA6C1A762716E1927A130E7CA697DB0AB9BDA8E8A33C7A0ACBB6FDBFEA,Fiscal Terms_PIA,W62,250,UNRESOLVED,EXTRACTED,Numeric magnitude; role unclear without further evidence,<=,False,True,VISIBLE_CRITICAL_PATH
D07560CA6C1A762716E1927A130E7CA697DB0AB9BDA8E8A33C7A0ACBB6FDBFEA,Fiscal Terms_PIA,X62,0.15,ASSUMPTION,UNDERSTOOD,"Fractional with label/DV; labels=<= split,%","<= | Split,%",False,True,VISIBLE_CRITICAL_PATH
D07560CA6C1A762716E1927A130E7CA697DB0AB9BDA8E8A33C7A0ACBB6FDBFEA,Fiscal Terms_PIA,W63,750,UNRESOLVED,EXTRACTED,Numeric magnitude; role unclear without further evidence,<=,False,True,VISIBLE_CRITICAL_PATH
D07560CA6C1A762716E1927A130E7CA697DB0AB9BDA8E8A33C7A0ACBB6FDBFEA,Fiscal Terms_PIA,X63,0.25,ASSUMPTION,UNDERSTOOD,"Fractional with label/DV; labels=<= split,%","<= | Split,%",False,True,VISIBLE_CRITICAL_PATH
D07560CA6C1A762716E1927A130E7CA697DB0AB9BDA8E8A33C7A0ACBB6FDBFEA,Fiscal Terms_PIA,W64,1500,UNRESOLVED,EXTRACTED,Numeric magnitude; role unclear without further evidence,<=,False,True,VISIBLE_CRITICAL_PATH
D07560CA6C1A762716E1927A130E7CA697DB0AB9BDA8E8A33C7A0ACBB6FDBFEA,Fiscal Terms_PIA,X64,0.35,ASSUMPTION,UNDERSTOOD,"Fractional with label/DV; labels=<= split,%","<= | Split,%",False,True,VISIBLE_CRITICAL_PATH
D07560CA6C1A762716E1927A130E7CA697DB0AB9BDA8E8A33C7A0ACBB6FDBFEA,Fiscal Terms_PIA,W65,1500,UNRESOLVED,EXTRACTED,Numeric magnitude; role unclear without further evidence,>,False,True,VISIBLE_CRITICAL_PATH
D07560CA6C1A762716E1927A130E7CA697DB0AB9BDA8E8A33C7A0ACBB6FDBFEA,Fiscal Terms_PIA,X65,0.45,ASSUMPTION,UNDERSTOOD,"Fractional with label/DV; labels=> split,%","> | Split,%",False,True,VISIBLE_CRITICAL_PATH
D07560CA6C1A762716E1927A130E7CA697DB0AB9BDA8E8A33C7A0ACBB6FDBFEA,Fiscal Terms_PIA,T70,0.65,UNRESOLVED,EXTRACTED,Fractional literal without strong input evidence,COST PRICE RATIO,False,True,VISIBLE_CRITICAL_PATH
D07560CA6C1A762716E1927A130E7CA697DB0AB9BDA8E8A33C7A0ACBB6FDBFEA,Fiscal Terms_PIA,T72,0.03,UNRESOLVED,EXTRACTED,Fractional literal without strong input evidence,HCDT | Across all terrains,False,True,VISIBLE_CRITICAL_PATH
D07560CA6C1A762716E1927A130E7CA697DB0AB9BDA8E8A33C7A0ACBB6FDBFEA,Fiscal Terms_PIA,T73,0.03,UNRESOLVED,EXTRACTED,Fractional literal without strong input evidence,NDDC | Across all terrains,False,True,VISIBLE_CRITICAL_PATH
D07560CA6C1A762716E1927A130E7CA697DB0AB9BDA8E8A33C7A0ACBB6FDBFEA,Fiscal Terms_PIA,T74,0.01,UNRESOLVED,EXTRACTED,Fractional literal without strong input evidence,NC | Across all terrains,False,True,VISIBLE_CRITICAL_PATH
D07560CA6C1A762716E1927A130E7CA697DB0AB9BDA8E8A33C7A0ACBB6FDBFEA,Fiscal Terms_PIA,T75,0.04,UNRESOLVED,EXTRACTED,Fractional literal without strong input evidence,EDUCATION TAX | Across all terrains,False,True,VISIBLE_CRITICAL_PATH
D07560CA6C1A762716E1927A130E7CA697DB0AB9BDA8E8A33C7A0ACBB6FDBFEA,Fiscal Terms_PIA,U76,0.2,UNRESOLVED,EXTRACTED,Fractional literal without strong input evidence,Years 1 - 4 | of assessable profit,False,True,VISIBLE_CRITICAL_PATH
D07560CA6C1A762716E1927A130E7CA697DB0AB9BDA8E8A33C7A0ACBB6FDBFEA,Fiscal Terms_PIA,W76,0.19,UNRESOLVED,EXTRACTED,Fractional literal without strong input evidence,Year 5,False,True,VISIBLE_CRITICAL_PATH
D07560CA6C1A762716E1927A130E7CA697DB0AB9BDA8E8A33C7A0ACBB6FDBFEA,Fiscal Terms_PIA,Y76,0.01,UNRESOLVED,EXTRACTED,Fractional literal without strong input evidence,Retention,False,True,VISIBLE_CRITICAL_PATH
D07560CA6C1A762716E1927A130E7CA697DB0AB9BDA8E8A33C7A0ACBB6FDBFEA,Equity Dash,C4,0.49,UNRESOLVED,EXTRACTED,Fractional literal without strong input evidence,Company 1,False,True,VISIBLE_CRITICAL_PATH
D07560CA6C1A762716E1927A130E7CA697DB0AB9BDA8E8A33C7A0ACBB6FDBFEA,Equity Dash,D4,1,ASSUMPTION,UNDERSTOOD,Economic magnitude with label; labels=company 1 acquisition cost,Company 1 | ACQUISITION COST,False,True,VISIBLE_CRITICAL_PATH
D07560CA6C1A762716E1927A130E7CA697DB0AB9BDA8E8A33C7A0ACBB6FDBFEA,Equity Dash,H4,2026,ASSUMPTION,UNDERSTOOD,Year-like integer; labels=yr1,YR1,False,True,VISIBLE_CRITICAL_PATH
D07560CA6C1A762716E1927A130E7CA697DB0AB9BDA8E8A33C7A0ACBB6FDBFEA,Equity Dash,K4,2026,ASSUMPTION,UNDERSTOOD,Year-like integer; labels=yr1,YR1,False,True,VISIBLE_CRITICAL_PATH
D07560CA6C1A762716E1927A130E7CA697DB0AB9BDA8E8A33C7A0ACBB6FDBFEA,Equity Dash,M5,2028,ASSUMPTION,UNDERSTOOD,Year-like integer; labels=year,YEAR,False,True,VISIBLE_CRITICAL_PATH
D07560CA6C1A762716E1927A130E7CA697DB0AB9BDA8E8A33C7A0ACBB6FDBFEA,Equity Dash,N5,1,UNRESOLVED,EXTRACTED,Numeric magnitude; role unclear without further evidence,PERIOD,False,True,VISIBLE_CRITICAL_PATH
D07560CA6C1A762716E1927A130E7CA697DB0AB9BDA8E8A33C7A0ACBB6FDBFEA,Equity Dash,O5,-206.03979961588,UNRESOLVED,EXTRACTED,Numeric magnitude; role unclear without further evidence,PAYMENT,False,True,VISIBLE_CRITICAL_PATH
D07560CA6C1A762716E1927A130E7CA697DB0AB9BDA8E8A33C7A0ACBB6FDBFEA,Equity Dash,P5,-196.03979961588,UNRESOLVED,EXTRACTED,Numeric magnitude; role unclear without further evidence,PRINCIPAL,False,True,VISIBLE_CRITICAL_PATH
D07560CA6C1A762716E1927A130E7CA697DB0AB9BDA8E8A33C7A0ACBB6FDBFEA,Equity Dash,Q5,-10,UNRESOLVED,EXTRACTED,Numeric magnitude; role unclear without further evidence,INTEREST,False,True,VISIBLE_CRITICAL_PATH
D07560CA6C1A762716E1927A130E7CA697DB0AB9BDA8E8A33C7A0ACBB6FDBFEA,Equity Dash,R5,803.96020038412,UNRESOLVED,EXTRACTED,Numeric magnitude; role unclear without further evidence,BALANCE,False,True,VISIBLE_CRITICAL_PATH
D07560CA6C1A762716E1927A130E7CA697DB0AB9BDA8E8A33C7A0ACBB6FDBFEA,Equity Dash,C6,1,UNRESOLVED,EXTRACTED,Numeric magnitude; role unclear without further evidence,Project,False,True,VISIBLE_CRITICAL_PATH
D07560CA6C1A762716E1927A130E7CA697DB0AB9BDA8E8A33C7A0ACBB6FDBFEA,Equity Dash,M6,2029,ASSUMPTION,UNDERSTOOD,Year-like integer; labels=year,YEAR,False,True,VISIBLE_CRITICAL_PATH
D07560CA6C1A762716E1927A130E7CA697DB0AB9BDA8E8A33C7A0ACBB6FDBFEA,Equity Dash,N6,2,UNRESOLVED,EXTRACTED,Numeric 1-100 role unclear,PERIOD,False,True,VISIBLE_CRITICAL_PATH
D07560CA6C1A762716E1927A130E7CA697DB0AB9BDA8E8A33C7A0ACBB6FDBFEA,Equity Dash,O6,-206.03979961588,UNRESOLVED,EXTRACTED,Numeric magnitude; role unclear without further evidence,PAYMENT,False,True,VISIBLE_CRITICAL_PATH
D07560CA6C1A762716E1927A130E7CA697DB0AB9BDA8E8A33C7A0ACBB6FDBFEA,Equity Dash,P6,-198.000197612039,UNRESOLVED,EXTRACTED,Numeric magnitude; role unclear without further evidence,PRINCIPAL,False,True,VISIBLE_CRITICAL_PATH
D07560CA6C1A762716E1927A130E7CA697DB0AB9BDA8E8A33C7A0ACBB6FDBFEA,Equity Dash,Q6,-8.0396020038412,UNRESOLVED,EXTRACTED,Numeric magnitude; role unclear without further evidence,INTEREST,False,True,VISIBLE_CRITICAL_PATH
D07560CA6C1A762716E1927A130E7CA697DB0AB9BDA8E8A33C7A0ACBB6FDBFEA,Equity Dash,R6,605.960002772081,UNRESOLVED,EXTRACTED,Numeric magnitude; role unclear without further evidence,BALANCE,False,True,VISIBLE_CRITICAL_PATH
D07560CA6C1A762716E1927A130E7CA697DB0AB9BDA8E8A33C7A0ACBB6FDBFEA,Equity Dash,M7,2030,ASSUMPTION,UNDERSTOOD,Year-like integer; labels=year,YEAR,False,True,VISIBLE_CRITICAL_PATH
D07560CA6C1A762716E1927A130E7CA697DB0AB9BDA8E8A33C7A0ACBB6FDBFEA,Equity Dash,N7,3,UNRESOLVED,EXTRACTED,Numeric 1-100 role unclear,PERIOD,False,True,VISIBLE_CRITICAL_PATH
D07560CA6C1A762716E1927A130E7CA697DB0AB9BDA8E8A33C7A0ACBB6FDBFEA,Equity Dash,O7,-206.03979961588,UNRESOLVED,EXTRACTED,Numeric magnitude; role unclear without further evidence,PAYMENT,False,True,VISIBLE_CRITICAL_PATH
D07560CA6C1A762716E1927A130E7CA697DB0AB9BDA8E8A33C7A0ACBB6FDBFEA,Equity Dash,P7,-199.980199588159,UNRESOLVED,EXTRACTED,Numeric magnitude; role unclear without further evidence,PRINCIPAL,False,True,VISIBLE_CRITICAL_PATH
D07560CA6C1A762716E1927A130E7CA697DB0AB9BDA8E8A33C7A0ACBB6FDBFEA,Equity Dash,Q7,-6.05960002772081,UNRESOLVED,EXTRACTED,Numeric magnitude; role unclear without further evidence,INTEREST,False,True,VISIBLE_CRITICAL_PATH
D07560CA6C1A762716E1927A130E7CA697DB0AB9BDA8E8A33C7A0ACBB6FDBFEA,Equity Dash,R7,405.979803183922,UNRESOLVED,EXTRACTED,Numeric magnitude; role unclear without further evidence,BALANCE,False,True,VISIBLE_CRITICAL_PATH
D07560CA6C1A762716E1927A130E7CA697DB0AB9BDA8E8A33C7A0ACBB6FDBFEA,Equity Dash,C8,0.01,ASSUMPTION,UNDERSTOOD,Fractional with label/DV; labels=interest rate,Interest Rate,False,True,VISIBLE_CRITICAL_PATH
D07560CA6C1A762716E1927A130E7CA697DB0AB9BDA8E8A33C7A0ACBB6FDBFEA,Equity Dash,M8,2031,ASSUMPTION,UNDERSTOOD,Year-like integer; labels=year,YEAR,False,True,VISIBLE_CRITICAL_PATH
D07560CA6C1A762716E1927A130E7CA697DB0AB9BDA8E8A33C7A0ACBB6FDBFEA,Equity Dash,N8,4,UNRESOLVED,EXTRACTED,Numeric 1-100 role unclear,PERIOD,False,True,VISIBLE_CRITICAL_PATH
D07560CA6C1A762716E1927A130E7CA697DB0AB9BDA8E8A33C7A0ACBB6FDBFEA,Equity Dash,O8,-206.03979961588,UNRESOLVED,EXTRACTED,Numeric magnitude; role unclear without further evidence,PAYMENT,False,True,VISIBLE_CRITICAL_PATH
D07560CA6C1A762716E1927A130E7CA697DB0AB9BDA8E8A33C7A0ACBB6FDBFEA,Equity Dash,P8,-201.980001584041,UNRESOLVED,EXTRACTED,Numeric magnitude; role unclear without further evidence,PRINCIPAL,False,True,VISIBLE_CRITICAL_PATH
D07560CA6C1A762716E1927A130E7CA697DB0AB9BDA8E8A33C7A0ACBB6FDBFEA,Equity Dash,Q8,-4.05979803183922,UNRESOLVED,EXTRACTED,Numeric magnitude; role unclear without further evidence,INTEREST,False,True,VISIBLE_CRITICAL_PATH
D07560CA6C1A762716E1927A130E7CA697DB0AB9BDA8E8A33C7A0ACBB6FDBFEA,Equity Dash,R8,203.999801599881,UNRESOLVED,EXTRACTED,Numeric magnitude; role unclear without further evidence,BALANCE,False,True,VISIBLE_CRITICAL_PATH
D07560CA6C1A762716E1927A130E7CA697DB0AB9BDA8E8A33C7A0ACBB6FDBFEA,Equity Dash,C9,5,UNRESOLVED,EXTRACTED,Numeric 1-100 role unclear,Loan Duration,False,True,VISIBLE_CRITICAL_PATH
D07560CA6C1A762716E1927A130E7CA697DB0AB9BDA8E8A33C7A0ACBB6FDBFEA,Equity Dash,M9,2032,ASSUMPTION,UNDERSTOOD,Year-like integer; labels=year,YEAR,False,True,VISIBLE_CRITICAL_PATH
D07560CA6C1A762716E1927A130E7CA697DB0AB9BDA8E8A33C7A0ACBB6FDBFEA,Equity Dash,N9,5,UNRESOLVED,EXTRACTED,Numeric 1-100 role unclear,PERIOD,False,True,VISIBLE_CRITICAL_PATH
D07560CA6C1A762716E1927A130E7CA697DB0AB9BDA8E8A33C7A0ACBB6FDBFEA,Equity Dash,O9,-206.03979961588,UNRESOLVED,EXTRACTED,Numeric magnitude; role unclear without further evidence,PAYMENT,False,True,VISIBLE_CRITICAL_PATH
D07560CA6C1A762716E1927A130E7CA697DB0AB9BDA8E8A33C7A0ACBB6FDBFEA,Equity Dash,P9,-203.999801599881,UNRESOLVED,EXTRACTED,Numeric magnitude; role unclear without further evidence,PRINCIPAL,False,True,VISIBLE_CRITICAL_PATH
D07560CA6C1A762716E1927A130E7CA697DB0AB9BDA8E8A33C7A0ACBB6FDBFEA,Equity Dash,Q9,-2.03999801599881,UNRESOLVED,EXTRACTED,Numeric magnitude; role unclear without further evidence,INTEREST,False,True,VISIBLE_CRITICAL_PATH
D07560CA6C1A762716E1927A130E7CA697DB0AB9BDA8E8A33C7A0ACBB6FDBFEA,Equity Dash,R9,0,DEFAULT_STRUCTURAL_VALUE,EXTRACTED,Zero literal; not INPUT without further evidence,BALANCE,False,True,VISIBLE_CRITICAL_PATH
D07560CA6C1A762716E1927A130E7CA697DB0AB9BDA8E8A33C7A0ACBB6FDBFEA,Equity Dash,C10,1,UNRESOLVED,EXTRACTED,Numeric magnitude; role unclear without further evidence,Payments per Year,False,True,VISIBLE_CRITICAL_PATH
D07560CA6C1A762716E1927A130E7CA697DB0AB9BDA8E8A33C7A0ACBB6FDBFEA,Equity Dash,C11,1000,ASSUMPTION,UNDERSTOOD,"Economic magnitude with label; labels=loan amount, $","Loan Amount, $",False,True,VISIBLE_CRITICAL_PATH
D07560CA6C1A762716E1927A130E7CA697DB0AB9BDA8E8A33C7A0ACBB6FDBFEA,Production Profile,C3,0.35,UNRESOLVED,EXTRACTED,Fractional literal without strong input evidence,RF,False,True,VISIBLE_CRITICAL_PATH
D07560CA6C1A762716E1927A130E7CA697DB0AB9BDA8E8A33C7A0ACBB6FDBFEA,Production Profile,F3,0.75,UNRESOLVED,EXTRACTED,Fractional literal without strong input evidence,RF,False,True,VISIBLE_CRITICAL_PATH
D07560CA6C1A762716E1927A130E7CA697DB0AB9BDA8E8A33C7A0ACBB6FDBFEA,Production Profile,F5,2000,ASSUMPTION,UNDERSTOOD,Year-like integer; labels=gor,GOR,False,True,VISIBLE_CRITICAL_PATH
D07560CA6C1A762716E1927A130E7CA697DB0AB9BDA8E8A33C7A0ACBB6FDBFEA,Production Profile,AB6,-0.2,UNRESOLVED,EXTRACTED,No evidence-based class,INPUTS,False,True,VISIBLE_CRITICAL_PATH
D07560CA6C1A762716E1927A130E7CA697DB0AB9BDA8E8A33C7A0ACBB6FDBFEA,Production Profile,AC6,0,DEFAULT_STRUCTURAL_VALUE,EXTRACTED,Zero literal; not INPUT without further evidence,,False,True,VISIBLE_CRITICAL_PATH
D07560CA6C1A762716E1927A130E7CA697DB0AB9BDA8E8A33C7A0ACBB6FDBFEA,Production Profile,AD6,0.2,UNRESOLVED,EXTRACTED,Fractional literal without strong input evidence,,False,True,VISIBLE_CRITICAL_PATH
D07560CA6C1A762716E1927A130E7CA697DB0AB9BDA8E8A33C7A0ACBB6FDBFEA,Production Profile,AE6,-0.2,UNRESOLVED,EXTRACTED,No evidence-based class,NPV,False,True,VISIBLE_CRITICAL_PATH
D07560CA6C1A762716E1927A130E7CA697DB0AB9BDA8E8A33C7A0ACBB6FDBFEA,Production Profile,AF6,0,DEFAULT_STRUCTURAL_VALUE,EXTRACTED,Zero literal; not INPUT without further evidence,,False,True,VISIBLE_CRITICAL_PATH
D07560CA6C1A762716E1927A130E7CA697DB0AB9BDA8E8A33C7A0ACBB6FDBFEA,Production Profile,AG6,0.2,UNRESOLVED,EXTRACTED,Fractional literal without strong input evidence,,False,True,VISIBLE_CRITICAL_PATH
D07560CA6C1A762716E1927A130E7CA697DB0AB9BDA8E8A33C7A0ACBB6FDBFEA,Production Profile,AH6,-0.2,UNRESOLVED,EXTRACTED,No evidence-based class,PI,False,True,VISIBLE_CRITICAL_PATH
D07560CA6C1A762716E1927A130E7CA697DB0AB9BDA8E8A33C7A0ACBB6FDBFEA,Production Profile,AI6,0,DEFAULT_STRUCTURAL_VALUE,EXTRACTED,Zero literal; not INPUT without further evidence,,False,True,VISIBLE_CRITICAL_PATH
D07560CA6C1A762716E1927A130E7CA697DB0AB9BDA8E8A33C7A0ACBB6FDBFEA,Production Profile,AJ6,0.2,UNRESOLVED,EXTRACTED,Fractional literal without strong input evidence,,False,True,VISIBLE_CRITICAL_PATH
D07560CA6C1A762716E1927A130E7CA697DB0AB9BDA8E8A33C7A0ACBB6FDBFEA,Production Profile,AK6,-0.2,UNRESOLVED,EXTRACTED,No evidence-based class,DPP,False,True,VISIBLE_CRITICAL_PATH
D07560CA6C1A762716E1927A130E7CA697DB0AB9BDA8E8A33C7A0ACBB6FDBFEA,Production Profile,AL6,0,DEFAULT_STRUCTURAL_VALUE,EXTRACTED,Zero literal; not INPUT without further evidence,,False,True,VISIBLE_CRITICAL_PATH
D07560CA6C1A762716E1927A130E7CA697DB0AB9BDA8E8A33C7A0ACBB6FDBFEA,Production Profile,AM6,0.2,UNRESOLVED,EXTRACTED,Fractional literal without strong input evidence,,False,True,VISIBLE_CRITICAL_PATH
D07560CA6C1A762716E1927A130E7CA697DB0AB9BDA8E8A33C7A0ACBB6FDBFEA,Production Profile,C7,1,ASSUMPTION,UNDERSTOOD,Economic magnitude with label; labels=production start =,Production start =,False,True,VISIBLE_CRITICAL_PATH
D07560CA6C1A762716E1927A130E7CA697DB0AB9BDA8E8A33C7A0ACBB6FDBFEA,Production Profile,L7,0.125,ASSUMPTION,UNDERSTOOD,Fractional with label/DV; labels=eff decline rate,Eff Decline Rate,False,True,VISIBLE_CRITICAL_PATH
D07560CA6C1A762716E1927A130E7CA697DB0AB9BDA8E8A33C7A0ACBB6FDBFEA,Production Profile,AC7,0.3,UNRESOLVED,EXTRACTED,Fractional literal without strong input evidence,Tax,False,True,VISIBLE_CRITICAL_PATH
D07560CA6C1A762716E1927A130E7CA697DB0AB9BDA8E8A33C7A0ACBB6FDBFEA,Production Profile,C8,2026,ASSUMPTION,UNDERSTOOD,Year-like integer; labels=year end =,Year end =,False,True,VISIBLE_CRITICAL_PATH
D07560CA6C1A762716E1927A130E7CA697DB0AB9BDA8E8A33C7A0ACBB6FDBFEA,Production Profile,AC8,0.1,UNRESOLVED,EXTRACTED,Fractional literal without strong input evidence,OPEX,False,True,VISIBLE_CRITICAL_PATH
D07560CA6C1A762716E1927A130E7CA697DB0AB9BDA8E8A33C7A0ACBB6FDBFEA,Production Profile,C9,365,UNRESOLVED,EXTRACTED,Numeric magnitude; role unclear without further evidence,Days in a year,False,True,VISIBLE_CRITICAL_PATH
D07560CA6C1A762716E1927A130E7CA697DB0AB9BDA8E8A33C7A0ACBB6FDBFEA,Production Profile,AC9,70,UNRESOLVED,EXTRACTED,Numeric 1-100 role unclear,Oil Price,False,True,VISIBLE_CRITICAL_PATH
D07560CA6C1A762716E1927A130E7CA697DB0AB9BDA8E8A33C7A0ACBB6FDBFEA,Production Profile,AC10,0.15,ASSUMPTION,UNDERSTOOD,Fractional with label/DV; labels=disc. rate,Disc. Rate,False,True,VISIBLE_CRITICAL_PATH
D07560CA6C1A762716E1927A130E7CA697DB0AB9BDA8E8A33C7A0ACBB6FDBFEA,Production Profile,C12,1000,UNRESOLVED,EXTRACTED,Numeric magnitude; role unclear without further evidence,qi,False,True,VISIBLE_CRITICAL_PATH
D07560CA6C1A762716E1927A130E7CA697DB0AB9BDA8E8A33C7A0ACBB6FDBFEA,Production Profile,C13,6000,UNRESOLVED,EXTRACTED,Numeric magnitude; role unclear without further evidence,qp,False,True,VISIBLE_CRITICAL_PATH
D07560CA6C1A762716E1927A130E7CA697DB0AB9BDA8E8A33C7A0ACBB6FDBFEA,Production Profile,I13,500,UNRESOLVED,EXTRACTED,Numeric magnitude; role unclear without further evidence,qel | t=(ln(qi/q))/a,False,True,VISIBLE_CRITICAL_PATH
D07560CA6C1A762716E1927A130E7CA697DB0AB9BDA8E8A33C7A0ACBB6FDBFEA,Production Profile,C14,2,UNRESOLVED,EXTRACTED,Numeric 1-100 role unclear,t1,False,True,VISIBLE_CRITICAL_PATH
D07560CA6C1A762716E1927A130E7CA697DB0AB9BDA8E8A33C7A0ACBB6FDBFEA,Production Profile,F14,3,UNRESOLVED,EXTRACTED,Numeric 1-100 role unclear,t2,False,True,VISIBLE_CRITICAL_PATH
D07560CA6C1A762716E1927A130E7CA697DB0AB9BDA8E8A33C7A0ACBB6FDBFEA,Block_Oil Data,B7,6.48534246575342,UNRESOLVED,EXTRACTED,Numeric 1-100 role unclear,mb/d,False,True,VISIBLE_CRITICAL_PATH
D07560CA6C1A762716E1927A130E7CA697DB0AB9BDA8E8A33C7A0ACBB6FDBFEA,Block_Oil Data,E7,0,DEFAULT_STRUCTURAL_VALUE,EXTRACTED,Zero literal; not INPUT without further evidence,mb/d,False,True,VISIBLE_CRITICAL_PATH
D07560CA6C1A762716E1927A130E7CA697DB0AB9BDA8E8A33C7A0ACBB6FDBFEA,Block_Oil Data,H7,0,DEFAULT_STRUCTURAL_VALUE,EXTRACTED,Zero literal; not INPUT without further evidence,mb/d,False,True,VISIBLE_CRITICAL_PATH
D07560CA6C1A762716E1927A130E7CA697DB0AB9BDA8E8A33C7A0ACBB6FDBFEA,Block_Oil Data,B8,8.83424520547945,UNRESOLVED,EXTRACTED,Numeric 1-100 role unclear,mb/d,False,True,VISIBLE_CRITICAL_PATH
D07560CA6C1A762716E1927A130E7CA697DB0AB9BDA8E8A33C7A0ACBB6FDBFEA,Block_Oil Data,E8,1,UNRESOLVED,EXTRACTED,Numeric magnitude; role unclear without further evidence,mb/d,False,True,VISIBLE_CRITICAL_PATH
D07560CA6C1A762716E1927A130E7CA697DB0AB9BDA8E8A33C7A0ACBB6FDBFEA,Block_Oil Data,H8,1,UNRESOLVED,EXTRACTED,Numeric magnitude; role unclear without further evidence,mb/d,False,True,VISIBLE_CRITICAL_PATH
D07560CA6C1A762716E1927A130E7CA697DB0AB9BDA8E8A33C7A0ACBB6FDBFEA,Block_Oil Data,I8,0.499367836206652,UNRESOLVED,EXTRACTED,Fractional literal without strong input evidence,mmbbls,False,True,VISIBLE_CRITICAL_PATH
D07560CA6C1A762716E1927A130E7CA697DB0AB9BDA8E8A33C7A0ACBB6FDBFEA,Block_Oil Data,N8,12.87,UNRESOLVED,EXTRACTED,Numeric 1-100 role unclear,mb/d,False,True,VISIBLE_CRITICAL_PATH
D07560CA6C1A762716E1927A130E7CA697DB0AB9BDA8E8A33C7A0ACBB6FDBFEA,Block_Oil Data,B9,10.9297,UNRESOLVED,EXTRACTED,Numeric 1-100 role unclear,mb/d,False,True,VISIBLE_CRITICAL_PATH
D07560CA6C1A762716E1927A130E7CA697DB0AB9BDA8E8A33C7A0ACBB6FDBFEA,Block_Oil Data,E9,2.15443469003188,UNRESOLVED,EXTRACTED,Numeric 1-100 role unclear,mb/d,False,True,VISIBLE_CRITICAL_PATH
D07560CA6C1A762716E1927A130E7CA697DB0AB9BDA8E8A33C7A0ACBB6FDBFEA,Block_Oil Data,H9,1.81712059283214,UNRESOLVED,EXTRACTED,Numeric 1-100 role unclear,mb/d,False,True,VISIBLE_CRITICAL_PATH
D07560CA6C1A762716E1927A130E7CA697DB0AB9BDA8E8A33C7A0ACBB6FDBFEA,Block_Oil Data,I9,0.907411578569134,UNRESOLVED,EXTRACTED,Fractional literal without strong input evidence,mmbbls,False,True,VISIBLE_CRITICAL_PATH
D07560CA6C1A762716E1927A130E7CA697DB0AB9BDA8E8A33C7A0ACBB6FDBFEA,Block_Oil Data,N9,19.37065,UNRESOLVED,EXTRACTED,Numeric 1-100 role unclear,mb/d,False,True,VISIBLE_CRITICAL_PATH
D07560CA6C1A762716E1927A130E7CA697DB0AB9BDA8E8A33C7A0ACBB6FDBFEA,Block_Oil Data,B10,12.81873,UNRESOLVED,EXTRACTED,Numeric 1-100 role unclear,,False,True,VISIBLE_CRITICAL_PATH
D07560CA6C1A762716E1927A130E7CA697DB0AB9BDA8E8A33C7A0ACBB6FDBFEA,Block_Oil Data,E10,4.64158883361278,UNRESOLVED,EXTRACTED,Numeric 1-100 role unclear,,False,True,VISIBLE_CRITICAL_PATH
D07560CA6C1A762716E1927A130E7CA697DB0AB9BDA8E8A33C7A0ACBB6FDBFEA,Block_Oil Data,H10,3.30192724889463,UNRESOLVED,EXTRACTED,Numeric 1-100 role unclear,,False,True,VISIBLE_CRITICAL_PATH
D07560CA6C1A762716E1927A130E7CA697DB0AB9BDA8E8A33C7A0ACBB6FDBFEA,Block_Oil Data,I10,1.64887626559229,UNRESOLVED,EXTRACTED,Numeric 1-100 role unclear,,False,True,VISIBLE_CRITICAL_PATH
D07560CA6C1A762716E1927A130E7CA697DB0AB9BDA8E8A33C7A0ACBB6FDBFEA,Block_Oil Data,N10,22.958585,UNRESOLVED,EXTRACTED,Numeric 1-100 role unclear,,False,True,VISIBLE_CRITICAL_PATH
D07560CA6C1A762716E1927A130E7CA697DB0AB9BDA8E8A33C7A0ACBB6FDBFEA,Block_Oil Data,B11,16.6214189,UNRESOLVED,EXTRACTED,Numeric 1-100 role unclear,,False,True,VISIBLE_CRITICAL_PATH
D07560CA6C1A762716E1927A130E7CA697DB0AB9BDA8E8A33C7A0ACBB6FDBFEA,Block_Oil Data,E11,10,UNRESOLVED,EXTRACTED,Numeric 1-100 role unclear,,False,True,VISIBLE_CRITICAL_PATH
D07560CA6C1A762716E1927A130E7CA697DB0AB9BDA8E8A33C7A0ACBB6FDBFEA,Block_Oil Data,H11,6,UNRESOLVED,EXTRACTED,Numeric 1-100 role unclear,,False,True,VISIBLE_CRITICAL_PATH
D07560CA6C1A762716E1927A130E7CA697DB0AB9BDA8E8A33C7A0ACBB6FDBFEA,Block_Oil Data,I11,2.19,UNRESOLVED,EXTRACTED,Numeric 1-100 role unclear,,False,True,VISIBLE_CRITICAL_PATH
D07560CA6C1A762716E1927A130E7CA697DB0AB9BDA8E8A33C7A0ACBB6FDBFEA,Block_Oil Data,N11,26.1877265,UNRESOLVED,EXTRACTED,Numeric 1-100 role unclear,,False,True,VISIBLE_CRITICAL_PATH
D07560CA6C1A762716E1927A130E7CA697DB0AB9BDA8E8A33C7A0ACBB6FDBFEA,Block_Oil Data,B12,30.6478762899703,UNRESOLVED,EXTRACTED,Numeric 1-100 role unclear,,False,True,VISIBLE_CRITICAL_PATH
D07560CA6C1A762716E1927A130E7CA697DB0AB9BDA8E8A33C7A0ACBB6FDBFEA,Block_Oil Data,E12,10,UNRESOLVED,EXTRACTED,Numeric 1-100 role unclear,,False,True,VISIBLE_CRITICAL_PATH
D07560CA6C1A762716E1927A130E7CA697DB0AB9BDA8E8A33C7A0ACBB6FDBFEA,Block_Oil Data,H12,6,UNRESOLVED,EXTRACTED,Numeric 1-100 role unclear,,False,True,VISIBLE_CRITICAL_PATH
D07560CA6C1A762716E1927A130E7CA697DB0AB9BDA8E8A33C7A0ACBB6FDBFEA,Block_Oil Data,I12,1.99466115969924,UNRESOLVED,EXTRACTED,Numeric 1-100 role unclear,,False,True,VISIBLE_CRITICAL_PATH
D07560CA6C1A762716E1927A130E7CA697DB0AB9BDA8E8A33C7A0ACBB6FDBFEA,Block_Oil Data,N12,23.56895385,UNRESOLVED,EXTRACTED,Numeric 1-100 role unclear,,False,True,VISIBLE_CRITICAL_PATH
D07560CA6C1A762716E1927A130E7CA697DB0AB9BDA8E8A33C7A0ACBB6FDBFEA,Block_Oil Data,B13,28.91118041871,UNRESOLVED,EXTRACTED,Numeric 1-100 role unclear,,False,True,VISIBLE_CRITICAL_PATH
D07560CA6C1A762716E1927A130E7CA697DB0AB9BDA8E8A33C7A0ACBB6FDBFEA,Block_Oil Data,E13,7.78324564503888,UNRESOLVED,EXTRACTED,Numeric 1-100 role unclear,,False,True,VISIBLE_CRITICAL_PATH
D07560CA6C1A762716E1927A130E7CA697DB0AB9BDA8E8A33C7A0ACBB6FDBFEA,Block_Oil Data,H13,4.96246125792474,UNRESOLVED,EXTRACTED,Numeric 1-100 role unclear,,False,True,VISIBLE_CRITICAL_PATH
D07560CA6C1A762716E1927A130E7CA697DB0AB9BDA8E8A33C7A0ACBB6FDBFEA,Block_Oil Data,I13,1.64973812128245,UNRESOLVED,EXTRACTED,Numeric 1-100 role unclear,,False,True,VISIBLE_CRITICAL_PATH
D07560CA6C1A762716E1927A130E7CA697DB0AB9BDA8E8A33C7A0ACBB6FDBFEA,Block_Oil Data,N13,32.342058465,UNRESOLVED,EXTRACTED,Numeric 1-100 role unclear,,False,True,VISIBLE_CRITICAL_PATH
D07560CA6C1A762716E1927A130E7CA697DB0AB9BDA8E8A33C7A0ACBB6FDBFEA,Block_Oil Data,B14,27.3937974861163,UNRESOLVED,EXTRACTED,Numeric 1-100 role unclear,,False,True,VISIBLE_CRITICAL_PATH
D07560CA6C1A762716E1927A130E7CA697DB0AB9BDA8E8A33C7A0ACBB6FDBFEA,Block_Oil Data,E14,6.05789127710167,UNRESOLVED,EXTRACTED,Numeric 1-100 role unclear,,False,True,VISIBLE_CRITICAL_PATH
D07560CA6C1A762716E1927A130E7CA697DB0AB9BDA8E8A33C7A0ACBB6FDBFEA,Block_Oil Data,H14,4.10433695606733,UNRESOLVED,EXTRACTED,Numeric 1-100 role unclear,,False,True,VISIBLE_CRITICAL_PATH
D07560CA6C1A762716E1927A130E7CA697DB0AB9BDA8E8A33C7A0ACBB6FDBFEA,Block_Oil Data,I14,1.36446025209762,UNRESOLVED,EXTRACTED,Numeric 1-100 role unclear,,False,True,VISIBLE_CRITICAL_PATH
D07560CA6C1A762716E1927A130E7CA697DB0AB9BDA8E8A33C7A0ACBB6FDBFEA,Block_Oil Data,N14,41.8328526185,UNRESOLVED,EXTRACTED,Numeric 1-100 role unclear,,False,True,VISIBLE_CRITICAL_PATH
D07560CA6C1A762716E1927A130E7CA697DB0AB9BDA8E8A33C7A0ACBB6FDBFEA,Block_Oil Data,B15,26.0700290974135,UNRESOLVED,EXTRACTED,Numeric 1-100 role unclear,,False,True,VISIBLE_CRITICAL_PATH
D07560CA6C1A762716E1927A130E7CA697DB0AB9BDA8E8A33C7A0ACBB6FDBFEA,Block_Oil Data,E15,4.71500559006205,UNRESOLVED,EXTRACTED,Numeric 1-100 role unclear,,False,True,VISIBLE_CRITICAL_PATH
D07560CA6C1A762716E1927A130E7CA697DB0AB9BDA8E8A33C7A0ACBB6FDBFEA,Block_Oil Data,H15,3.39460218899215,UNRESOLVED,EXTRACTED,Numeric 1-100 role unclear,,False,True,VISIBLE_CRITICAL_PATH
D07560CA6C1A762716E1927A130E7CA697DB0AB9BDA8E8A33C7A0ACBB6FDBFEA,Block_Oil Data,I15,1.12851352316878,UNRESOLVED,EXTRACTED,Numeric 1-100 role unclear,,False,True,VISIBLE_CRITICAL_PATH
D07560CA6C1A762716E1927A130E7CA697DB0AB9BDA8E8A33C7A0ACBB6FDBFEA,Block_Oil Data,N15,38.77456735665,UNRESOLVED,EXTRACTED,Numeric 1-100 role unclear,,False,True,VISIBLE_CRITICAL_PATH
D07560CA6C1A762716E1927A130E7CA697DB0AB9BDA8E8A33C7A0ACBB6FDBFEA,Block_Oil Data,B16,30.6424226358751,UNRESOLVED,EXTRACTED,Numeric 1-100 role unclear,,False,True,VISIBLE_CRITICAL_PATH
D07560CA6C1A762716E1927A130E7CA697DB0AB9BDA8E8A33C7A0ACBB6FDBFEA,Block_Oil Data,E16,3.66980467251844,UNRESOLVED,EXTRACTED,Numeric 1-100 role unclear,,False,True,VISIBLE_CRITICAL_PATH
D07560CA6C1A762716E1927A130E7CA697DB0AB9BDA8E8A33C7A0ACBB6FDBFEA,Block_Oil Data,H16,2.80759697482334,UNRESOLVED,EXTRACTED,Numeric 1-100 role unclear,,False,True,VISIBLE_CRITICAL_PATH
D07560CA6C1A762716E1927A130E7CA697DB0AB9BDA8E8A33C7A0ACBB6FDBFEA,Block_Oil Data,I16,0.933367439628199,UNRESOLVED,EXTRACTED,Fractional literal without strong input evidence,,False,True,VISIBLE_CRITICAL_PATH
D07560CA6C1A762716E1927A130E7CA697DB0AB9BDA8E8A33C7A0ACBB6FDBFEA,Block_Oil Data,N16,36.022110620985,UNRESOLVED,EXTRACTED,Numeric 1-100 role unclear,,False,True,VISIBLE_CRITICAL_PATH
D07560CA6C1A762716E1927A130E7CA697DB0AB9BDA8E8A33C7A0ACBB6FDBFEA,Block_Oil Data,B17,28.1870476138516,UNRESOLVED,EXTRACTED,Numeric 1-100 role unclear,,False,True,VISIBLE_CRITICAL_PATH
D07560CA6C1A762716E1927A130E7CA697DB0AB9BDA8E8A33C7A0ACBB6FDBFEA,Block_Oil Data,E17,2.85629912355225,UNRESOLVED,EXTRACTED,Numeric 1-100 role unclear,,False,True,VISIBLE_CRITICAL_PATH
D07560CA6C1A762716E1927A130E7CA697DB0AB9BDA8E8A33C7A0ACBB6FDBFEA,Block_Oil Data,H17,2.32209853590459,UNRESOLVED,EXTRACTED,Numeric 1-100 role unclear,,False,True,VISIBLE_CRITICAL_PATH
D07560CA6C1A762716E1927A130E7CA697DB0AB9BDA8E8A33C7A0ACBB6FDBFEA,Block_Oil Data,I17,0.771966626427229,UNRESOLVED,EXTRACTED,Fractional literal without strong input evidence,,False,True,VISIBLE_CRITICAL_PATH
D07560CA6C1A762716E1927A130E7CA697DB0AB9BDA8E8A33C7A0ACBB6FDBFEA,Block_Oil Data,N17,33.5448995588865,UNRESOLVED,EXTRACTED,Numeric 1-100 role unclear,,False,True,VISIBLE_CRITICAL_PATH
D07560CA6C1A762716E1927A130E7CA697DB0AB9BDA8E8A33C7A0ACBB6FDBFEA,Block_Oil Data,B18,26.0714576834467,UNRESOLVED,EXTRACTED,Numeric 1-100 role unclear,,False,True,VISIBLE_CRITICAL_PATH
D07560CA6C1A762716E1927A130E7CA697DB0AB9BDA8E8A33C7A0ACBB6FDBFEA,Block_Oil Data,E18,2.22312777143164,UNRESOLVED,EXTRACTED,Numeric 1-100 role unclear,,False,True,VISIBLE_CRITICAL_PATH
D07560CA6C1A762716E1927A130E7CA697DB0AB9BDA8E8A33C7A0ACBB6FDBFEA,Block_Oil Data,H18,1.92055400358505,UNRESOLVED,EXTRACTED,Numeric 1-100 role unclear,,False,True,VISIBLE_CRITICAL_PATH
D07560CA6C1A762716E1927A130E7CA697DB0AB9BDA8E8A33C7A0ACBB6FDBFEA,Block_Oil Data,I18,0.63847574600933,UNRESOLVED,EXTRACTED,Fractional literal without strong input evidence,,False,True,VISIBLE_CRITICAL_PATH
D07560CA6C1A762716E1927A130E7CA697DB0AB9BDA8E8A33C7A0ACBB6FDBFEA,Block_Oil Data,N18,31.3154096029978,UNRESOLVED,EXTRACTED,Numeric 1-100 role unclear,,False,True,VISIBLE_CRITICAL_PATH
D07560CA6C1A762716E1927A130E7CA697DB0AB9BDA8E8A33C7A0ACBB6FDBFEA,Block_Oil Data,B19,24.2453969692116,UNRESOLVED,EXTRACTED,Numeric 1-100 role unclear,,False,True,VISIBLE_CRITICAL_PATH
D07560CA6C1A762716E1927A130E7CA697DB0AB9BDA8E8A33C7A0ACBB6FDBFEA,Block_Oil Data,E19,1.73031495453603,UNRESOLVED,EXTRACTED,Numeric 1-100 role unclear,,False,True,VISIBLE_CRITICAL_PATH
D07560CA6C1A762716E1927A130E7CA697DB0AB9BDA8E8A33C7A0ACBB6FDBFEA,Block_Oil Data,H19,1.58844580609051,UNRESOLVED,EXTRACTED,Numeric 1-100 role unclear,,False,True,VISIBLE_CRITICAL_PATH
D07560CA6C1A762716E1927A130E7CA697DB0AB9BDA8E8A33C7A0ACBB6FDBFEA,Block_Oil Data,I19,0.528068525615979,UNRESOLVED,EXTRACTED,Fractional literal without strong input evidence,,False,True,VISIBLE_CRITICAL_PATH
D07560CA6C1A762716E1927A130E7CA697DB0AB9BDA8E8A33C7A0ACBB6FDBFEA,Block_Oil Data,N19,28.1838686426981,UNRESOLVED,EXTRACTED,Numeric 1-100 role unclear,,False,True,VISIBLE_CRITICAL_PATH
D07560CA6C1A762716E1927A130E7CA697DB0AB9BDA8E8A33C7A0ACBB6FDBFEA,Block_Oil Data,B20,19.6862585418878,UNRESOLVED,EXTRACTED,Numeric 1-100 role unclear,,False,True,VISIBLE_CRITICAL_PATH
D07560CA6C1A762716E1927A130E7CA697DB0AB9BDA8E8A33C7A0ACBB6FDBFEA,Block_Oil Data,E20,1.34674663344382,UNRESOLVED,EXTRACTED,Numeric 1-100 role unclear,,False,True,VISIBLE_CRITICAL_PATH
D07560CA6C1A762716E1927A130E7CA697DB0AB9BDA8E8A33C7A0ACBB6FDBFEA,Block_Oil Data,H20,1.3137667955062,UNRESOLVED,EXTRACTED,Numeric 1-100 role unclear,,False,True,VISIBLE_CRITICAL_PATH
D07560CA6C1A762716E1927A130E7CA697DB0AB9BDA8E8A33C7A0ACBB6FDBFEA,Block_Oil Data,I20,0.436753266649795,UNRESOLVED,EXTRACTED,Fractional literal without strong input evidence,,False,True,VISIBLE_CRITICAL_PATH
D07560CA6C1A762716E1927A130E7CA697DB0AB9BDA8E8A33C7A0ACBB6FDBFEA,Block_Oil Data,N20,25.3654817784283,UNRESOLVED,EXTRACTED,Numeric 1-100 role unclear,,False,True,VISIBLE_CRITICAL_PATH
D07560CA6C1A762716E1927A130E7CA697DB0AB9BDA8E8A33C7A0ACBB6FDBFEA,Block_Oil Data,B21,16.6910128664511,UNRESOLVED,EXTRACTED,Numeric 1-100 role unclear,,False,True,VISIBLE_CRITICAL_PATH
D07560CA6C1A762716E1927A130E7CA697DB0AB9BDA8E8A33C7A0ACBB6FDBFEA,Block_Oil Data,E21,1.04820598697224,UNRESOLVED,EXTRACTED,Numeric 1-100 role unclear,,False,True,VISIBLE_CRITICAL_PATH
D07560CA6C1A762716E1927A130E7CA697DB0AB9BDA8E8A33C7A0ACBB6FDBFEA,Block_Oil Data,H21,1.08658613744124,UNRESOLVED,EXTRACTED,Numeric 1-100 role unclear,,False,True,VISIBLE_CRITICAL_PATH
D07560CA6C1A762716E1927A130E7CA697DB0AB9BDA8E8A33C7A0ACBB6FDBFEA,Block_Oil Data,I21,0.166461259053296,UNRESOLVED,EXTRACTED,Fractional literal without strong input evidence,,False,True,VISIBLE_CRITICAL_PATH
D07560CA6C1A762716E1927A130E7CA697DB0AB9BDA8E8A33C7A0ACBB6FDBFEA,Block_Oil Data,N21,22.8289336005854,UNRESOLVED,EXTRACTED,Numeric 1-100 role unclear,,False,True,VISIBLE_CRITICAL_PATH
D07560CA6C1A762716E1927A130E7CA697DB0AB9BDA8E8A33C7A0ACBB6FDBFEA,Block_Oil Data,B22,15.0094158111187,UNRESOLVED,EXTRACTED,Numeric 1-100 role unclear,,False,True,VISIBLE_CRITICAL_PATH
D07560CA6C1A762716E1927A130E7CA697DB0AB9BDA8E8A33C7A0ACBB6FDBFEA,Block_Oil Data,E22,1,UNRESOLVED,EXTRACTED,Numeric magnitude; role unclear without further evidence,,False,True,VISIBLE_CRITICAL_PATH
D07560CA6C1A762716E1927A130E7CA697DB0AB9BDA8E8A33C7A0ACBB6FDBFEA,Block_Oil Data,N22,20.5460402405269,UNRESOLVED,EXTRACTED,Numeric 1-100 role unclear,,False,True,VISIBLE_CRITICAL_PATH
D07560CA6C1A762716E1927A130E7CA697DB0AB9BDA8E8A33C7A0ACBB6FDBFEA,Block_Oil Data,B23,13.5235582719603,UNRESOLVED,EXTRACTED,Numeric 1-100 role unclear,,False,True,VISIBLE_CRITICAL_PATH
D07560CA6C1A762716E1927A130E7CA697DB0AB9BDA8E8A33C7A0ACBB6FDBFEA,Block_Oil Data,E23,0,DEFAULT_STRUCTURAL_VALUE,EXTRACTED,Zero literal; not INPUT without further evidence,,False,True,VISIBLE_CRITICAL_PATH
D07560CA6C1A762716E1927A130E7CA697DB0AB9BDA8E8A33C7A0ACBB6FDBFEA,Block_Oil Data,N23,18.4914362164742,UNRESOLVED,EXTRACTED,Numeric 1-100 role unclear,,False,True,VISIBLE_CRITICAL_PATH
D07560CA6C1A762716E1927A130E7CA697DB0AB9BDA8E8A33C7A0ACBB6FDBFEA,Block_Oil Data,B24,12.2079716965526,UNRESOLVED,EXTRACTED,Numeric 1-100 role unclear,,False,True,VISIBLE_CRITICAL_PATH
D07560CA6C1A762716E1927A130E7CA697DB0AB9BDA8E8A33C7A0ACBB6FDBFEA,Block_Oil Data,E24,0,DEFAULT_STRUCTURAL_VALUE,EXTRACTED,Zero literal; not INPUT without further evidence,,False,True,VISIBLE_CRITICAL_PATH
D07560CA6C1A762716E1927A130E7CA697DB0AB9BDA8E8A33C7A0ACBB6FDBFEA,Block_Oil Data,N24,16.6422925948268,UNRESOLVED,EXTRACTED,Numeric 1-100 role unclear,,False,True,VISIBLE_CRITICAL_PATH
D07560CA6C1A762716E1927A130E7CA697DB0AB9BDA8E8A33C7A0ACBB6FDBFEA,Block_Oil Data,B25,9.59535164541538,UNRESOLVED,EXTRACTED,Numeric 1-100 role unclear,,False,True,VISIBLE_CRITICAL_PATH
D07560CA6C1A762716E1927A130E7CA697DB0AB9BDA8E8A33C7A0ACBB6FDBFEA,Block_Oil Data,E25,0,DEFAULT_STRUCTURAL_VALUE,EXTRACTED,Zero literal; not INPUT without further evidence,,False,True,VISIBLE_CRITICAL_PATH
D07560CA6C1A762716E1927A130E7CA697DB0AB9BDA8E8A33C7A0ACBB6FDBFEA,Block_Oil Data,N25,14.9780633353441,UNRESOLVED,EXTRACTED,Numeric 1-100 role unclear,,False,True,VISIBLE_CRITICAL_PATH
D07560CA6C1A762716E1927A130E7CA697DB0AB9BDA8E8A33C7A0ACBB6FDBFEA,Block_Oil Data,B26,7.41057529285529,UNRESOLVED,EXTRACTED,Numeric 1-100 role unclear,,False,True,VISIBLE_CRITICAL_PATH
D07560CA6C1A762716E1927A130E7CA697DB0AB9BDA8E8A33C7A0ACBB6FDBFEA,Block_Oil Data,E26,0,DEFAULT_STRUCTURAL_VALUE,EXTRACTED,Zero literal; not INPUT without further evidence,,False,True,VISIBLE_CRITICAL_PATH
D07560CA6C1A762716E1927A130E7CA697DB0AB9BDA8E8A33C7A0ACBB6FDBFEA,Block_Oil Data,N26,13.4802570018097,UNRESOLVED,EXTRACTED,Numeric 1-100 role unclear,,False,True,VISIBLE_CRITICAL_PATH
D07560CA6C1A762716E1927A130E7CA697DB0AB9BDA8E8A33C7A0ACBB6FDBFEA,Block_Oil Data,B27,6.66747950825182,UNRESOLVED,EXTRACTED,Numeric 1-100 role unclear,,False,True,VISIBLE_CRITICAL_PATH
D07560CA6C1A762716E1927A130E7CA697DB0AB9BDA8E8A33C7A0ACBB6FDBFEA,Block_Oil Data,B28,5.32977118985947,UNRESOLVED,EXTRACTED,Numeric 1-100 role unclear,,False,True,VISIBLE_CRITICAL_PATH
D07560CA6C1A762716E1927A130E7CA697DB0AB9BDA8E8A33C7A0ACBB6FDBFEA,Block_Oil Data,B29,4.85044546332322,UNRESOLVED,EXTRACTED,Numeric 1-100 role unclear,,False,True,VISIBLE_CRITICAL_PATH
D07560CA6C1A762716E1927A130E7CA697DB0AB9BDA8E8A33C7A0ACBB6FDBFEA,Block_Oil Data,B30,4.42128567945967,UNRESOLVED,EXTRACTED,Numeric 1-100 role unclear,,False,True,VISIBLE_CRITICAL_PATH
D07560CA6C1A762716E1927A130E7CA697DB0AB9BDA8E8A33C7A0ACBB6FDBFEA,Block_Oil Data,B31,4.03624763818978,UNRESOLVED,EXTRACTED,Numeric 1-100 role unclear,,False,True,VISIBLE_CRITICAL_PATH
D07560CA6C1A762716E1927A130E7CA697DB0AB9BDA8E8A33C7A0ACBB6FDBFEA,Block_Oil Data,B32,3.690092557823,UNRESOLVED,EXTRACTED,Numeric 1-100 role unclear,,False,True,VISIBLE_CRITICAL_PATH
D07560CA6C1A762716E1927A130E7CA697DB0AB9BDA8E8A33C7A0ACBB6FDBFEA,Block_Oil Data,B33,0.11566215589444,UNRESOLVED,EXTRACTED,Fractional literal without strong input evidence,,False,True,VISIBLE_CRITICAL_PATH
D07560CA6C1A762716E1927A130E7CA697DB0AB9BDA8E8A33C7A0ACBB6FDBFEA,Block_Gas Data,E7,0,DEFAULT_STRUCTURAL_VALUE,EXTRACTED,Zero literal; not INPUT without further evidence,mmscf/d,False,True,VISIBLE_CRITICAL_PATH
D07560CA6C1A762716E1927A130E7CA697DB0AB9BDA8E8A33C7A0ACBB6FDBFEA,Block_Gas Data,F7,0,DEFAULT_STRUCTURAL_VALUE,EXTRACTED,Zero literal; not INPUT without further evidence,bscf,False,True,VISIBLE_CRITICAL_PATH
D07560CA6C1A762716E1927A130E7CA697DB0AB9BDA8E8A33C7A0ACBB6FDBFEA,Block_Gas Data,H7,0,DEFAULT_STRUCTURAL_VALUE,EXTRACTED,Zero literal; not INPUT without further evidence,mmscf/d,False,True,VISIBLE_CRITICAL_PATH
D07560CA6C1A762716E1927A130E7CA697DB0AB9BDA8E8A33C7A0ACBB6FDBFEA,Block_Gas Data,E8,1.2,UNRESOLVED,EXTRACTED,Numeric 1-100 role unclear,mmscf/d,False,True,VISIBLE_CRITICAL_PATH
D07560CA6C1A762716E1927A130E7CA697DB0AB9BDA8E8A33C7A0ACBB6FDBFEA,Block_Gas Data,F8,0,DEFAULT_STRUCTURAL_VALUE,EXTRACTED,Zero literal; not INPUT without further evidence,bscf,False,True,VISIBLE_CRITICAL_PATH
D07560CA6C1A762716E1927A130E7CA697DB0AB9BDA8E8A33C7A0ACBB6FDBFEA,Block_Gas Data,H8,2.3,UNRESOLVED,EXTRACTED,Numeric 1-100 role unclear,mmscf/d,False,True,VISIBLE_CRITICAL_PATH
D07560CA6C1A762716E1927A130E7CA697DB0AB9BDA8E8A33C7A0ACBB6FDBFEA,Block_Gas Data,I8,1.1485460232753,UNRESOLVED,EXTRACTED,Numeric 1-100 role unclear,bscf,False,True,VISIBLE_CRITICAL_PATH
D07560CA6C1A762716E1927A130E7CA697DB0AB9BDA8E8A33C7A0ACBB6FDBFEA,Block_Gas Data,N8,23.4,UNRESOLVED,EXTRACTED,Numeric 1-100 role unclear,mmscf/d,False,True,VISIBLE_CRITICAL_PATH
D07560CA6C1A762716E1927A130E7CA697DB0AB9BDA8E8A33C7A0ACBB6FDBFEA,Block_Gas Data,B9,33.6119259,UNRESOLVED,EXTRACTED,Numeric 1-100 role unclear,mmscf/d,False,True,VISIBLE_CRITICAL_PATH
D07560CA6C1A762716E1927A130E7CA697DB0AB9BDA8E8A33C7A0ACBB6FDBFEA,Block_Gas Data,E9,2.58532162803826,UNRESOLVED,EXTRACTED,Numeric 1-100 role unclear,mmscf/d,False,True,VISIBLE_CRITICAL_PATH
D07560CA6C1A762716E1927A130E7CA697DB0AB9BDA8E8A33C7A0ACBB6FDBFEA,Block_Gas Data,F9,0.658793104896479,UNRESOLVED,EXTRACTED,Fractional literal without strong input evidence,bscf,False,True,VISIBLE_CRITICAL_PATH
D07560CA6C1A762716E1927A130E7CA697DB0AB9BDA8E8A33C7A0ACBB6FDBFEA,Block_Gas Data,H9,4.17937736351392,UNRESOLVED,EXTRACTED,Numeric 1-100 role unclear,mmscf/d,False,True,VISIBLE_CRITICAL_PATH
D07560CA6C1A762716E1927A130E7CA697DB0AB9BDA8E8A33C7A0ACBB6FDBFEA,Block_Gas Data,I9,2.08704663070901,UNRESOLVED,EXTRACTED,Numeric 1-100 role unclear,bscf,False,True,VISIBLE_CRITICAL_PATH
D07560CA6C1A762716E1927A130E7CA697DB0AB9BDA8E8A33C7A0ACBB6FDBFEA,Block_Gas Data,N9,36.813,UNRESOLVED,EXTRACTED,Numeric 1-100 role unclear,mmscf/d,False,True,VISIBLE_CRITICAL_PATH
D07560CA6C1A762716E1927A130E7CA697DB0AB9BDA8E8A33C7A0ACBB6FDBFEA,Block_Gas Data,B10,36.32506731,UNRESOLVED,EXTRACTED,Numeric 1-100 role unclear,,False,True,VISIBLE_CRITICAL_PATH
D07560CA6C1A762716E1927A130E7CA697DB0AB9BDA8E8A33C7A0ACBB6FDBFEA,Block_Gas Data,E10,5.56990660033533,UNRESOLVED,EXTRACTED,Numeric 1-100 role unclear,,False,True,VISIBLE_CRITICAL_PATH
D07560CA6C1A762716E1927A130E7CA697DB0AB9BDA8E8A33C7A0ACBB6FDBFEA,Block_Gas Data,F10,1.41932671874279,UNRESOLVED,EXTRACTED,Numeric 1-100 role unclear,,False,True,VISIBLE_CRITICAL_PATH
D07560CA6C1A762716E1927A130E7CA697DB0AB9BDA8E8A33C7A0ACBB6FDBFEA,Block_Gas Data,H10,7.59443267245764,UNRESOLVED,EXTRACTED,Numeric 1-100 role unclear,,False,True,VISIBLE_CRITICAL_PATH
D07560CA6C1A762716E1927A130E7CA697DB0AB9BDA8E8A33C7A0ACBB6FDBFEA,Block_Gas Data,I10,3.79241541086227,UNRESOLVED,EXTRACTED,Numeric 1-100 role unclear,,False,True,VISIBLE_CRITICAL_PATH
D07560CA6C1A762716E1927A130E7CA697DB0AB9BDA8E8A33C7A0ACBB6FDBFEA,Block_Gas Data,N10,43.6317,UNRESOLVED,EXTRACTED,Numeric 1-100 role unclear,,False,True,VISIBLE_CRITICAL_PATH
D07560CA6C1A762716E1927A130E7CA697DB0AB9BDA8E8A33C7A0ACBB6FDBFEA,Block_Gas Data,B11,46.4147125983,UNRESOLVED,EXTRACTED,Numeric 1-100 role unclear,,False,True,VISIBLE_CRITICAL_PATH
D07560CA6C1A762716E1927A130E7CA697DB0AB9BDA8E8A33C7A0ACBB6FDBFEA,Block_Gas Data,E11,12,UNRESOLVED,EXTRACTED,Numeric 1-100 role unclear,,False,True,VISIBLE_CRITICAL_PATH
D07560CA6C1A762716E1927A130E7CA697DB0AB9BDA8E8A33C7A0ACBB6FDBFEA,Block_Gas Data,F11,3.05784671934859,UNRESOLVED,EXTRACTED,Numeric 1-100 role unclear,,False,True,VISIBLE_CRITICAL_PATH
D07560CA6C1A762716E1927A130E7CA697DB0AB9BDA8E8A33C7A0ACBB6FDBFEA,Block_Gas Data,H11,13.8,UNRESOLVED,EXTRACTED,Numeric 1-100 role unclear,,False,True,VISIBLE_CRITICAL_PATH
D07560CA6C1A762716E1927A130E7CA697DB0AB9BDA8E8A33C7A0ACBB6FDBFEA,Block_Gas Data,I11,5.037,UNRESOLVED,EXTRACTED,Numeric 1-100 role unclear,,False,True,VISIBLE_CRITICAL_PATH
D07560CA6C1A762716E1927A130E7CA697DB0AB9BDA8E8A33C7A0ACBB6FDBFEA,Block_Gas Data,N11,49.76853,UNRESOLVED,EXTRACTED,Numeric 1-100 role unclear,,False,True,VISIBLE_CRITICAL_PATH
D07560CA6C1A762716E1927A130E7CA697DB0AB9BDA8E8A33C7A0ACBB6FDBFEA,Block_Gas Data,B12,405.684,UNRESOLVED,EXTRACTED,Numeric magnitude; role unclear without further evidence,,False,True,VISIBLE_CRITICAL_PATH
D07560CA6C1A762716E1927A130E7CA697DB0AB9BDA8E8A33C7A0ACBB6FDBFEA,Block_Gas Data,E12,12,UNRESOLVED,EXTRACTED,Numeric 1-100 role unclear,,False,True,VISIBLE_CRITICAL_PATH
D07560CA6C1A762716E1927A130E7CA697DB0AB9BDA8E8A33C7A0ACBB6FDBFEA,Block_Gas Data,F12,4.38,UNRESOLVED,EXTRACTED,Numeric 1-100 role unclear,,False,True,VISIBLE_CRITICAL_PATH
D07560CA6C1A762716E1927A130E7CA697DB0AB9BDA8E8A33C7A0ACBB6FDBFEA,Block_Gas Data,H12,13.8,UNRESOLVED,EXTRACTED,Numeric 1-100 role unclear,,False,True,VISIBLE_CRITICAL_PATH
D07560CA6C1A762716E1927A130E7CA697DB0AB9BDA8E8A33C7A0ACBB6FDBFEA,Block_Gas Data,I12,4.58772066730825,UNRESOLVED,EXTRACTED,Numeric 1-100 role unclear,,False,True,VISIBLE_CRITICAL_PATH
D07560CA6C1A762716E1927A130E7CA697DB0AB9BDA8E8A33C7A0ACBB6FDBFEA,Block_Gas Data,N12,44.791677,UNRESOLVED,EXTRACTED,Numeric 1-100 role unclear,,False,True,VISIBLE_CRITICAL_PATH
D07560CA6C1A762716E1927A130E7CA697DB0AB9BDA8E8A33C7A0ACBB6FDBFEA,Block_Gas Data,B13,472.279881306474,UNRESOLVED,EXTRACTED,Numeric magnitude; role unclear without further evidence,,False,True,VISIBLE_CRITICAL_PATH
D07560CA6C1A762716E1927A130E7CA697DB0AB9BDA8E8A33C7A0ACBB6FDBFEA,Block_Gas Data,E13,9.33989477404665,UNRESOLVED,EXTRACTED,Numeric 1-100 role unclear,,False,True,VISIBLE_CRITICAL_PATH
D07560CA6C1A762716E1927A130E7CA697DB0AB9BDA8E8A33C7A0ACBB6FDBFEA,Block_Gas Data,F13,3.87427461617842,UNRESOLVED,EXTRACTED,Numeric 1-100 role unclear,,False,True,VISIBLE_CRITICAL_PATH
D07560CA6C1A762716E1927A130E7CA697DB0AB9BDA8E8A33C7A0ACBB6FDBFEA,Block_Gas Data,H13,11.4136608932269,UNRESOLVED,EXTRACTED,Numeric 1-100 role unclear,,False,True,VISIBLE_CRITICAL_PATH
D07560CA6C1A762716E1927A130E7CA697DB0AB9BDA8E8A33C7A0ACBB6FDBFEA,Block_Gas Data,I13,3.79439767894964,UNRESOLVED,EXTRACTED,Numeric 1-100 role unclear,,False,True,VISIBLE_CRITICAL_PATH
D07560CA6C1A762716E1927A130E7CA697DB0AB9BDA8E8A33C7A0ACBB6FDBFEA,Block_Gas Data,N13,142.9125093,UNRESOLVED,EXTRACTED,Numeric magnitude; role unclear without further evidence,,False,True,VISIBLE_CRITICAL_PATH
D07560CA6C1A762716E1927A130E7CA697DB0AB9BDA8E8A33C7A0ACBB6FDBFEA,Block_Gas Data,B14,463.342661464147,UNRESOLVED,EXTRACTED,Numeric magnitude; role unclear without further evidence,,False,True,VISIBLE_CRITICAL_PATH
D07560CA6C1A762716E1927A130E7CA697DB0AB9BDA8E8A33C7A0ACBB6FDBFEA,Block_Gas Data,E14,7.269469532522,UNRESOLVED,EXTRACTED,Numeric 1-100 role unclear,,False,True,VISIBLE_CRITICAL_PATH
D07560CA6C1A762716E1927A130E7CA697DB0AB9BDA8E8A33C7A0ACBB6FDBFEA,Block_Gas Data,F14,3.01544310340553,UNRESOLVED,EXTRACTED,Numeric 1-100 role unclear,,False,True,VISIBLE_CRITICAL_PATH
D07560CA6C1A762716E1927A130E7CA697DB0AB9BDA8E8A33C7A0ACBB6FDBFEA,Block_Gas Data,H14,9.43997499895487,UNRESOLVED,EXTRACTED,Numeric 1-100 role unclear,,False,True,VISIBLE_CRITICAL_PATH
D07560CA6C1A762716E1927A130E7CA697DB0AB9BDA8E8A33C7A0ACBB6FDBFEA,Block_Gas Data,I14,3.13825857982453,UNRESOLVED,EXTRACTED,Numeric 1-100 role unclear,,False,True,VISIBLE_CRITICAL_PATH
D07560CA6C1A762716E1927A130E7CA697DB0AB9BDA8E8A33C7A0ACBB6FDBFEA,Block_Gas Data,N14,283.12125837,UNRESOLVED,EXTRACTED,Numeric magnitude; role unclear without further evidence,,False,True,VISIBLE_CRITICAL_PATH
D07560CA6C1A762716E1927A130E7CA697DB0AB9BDA8E8A33C7A0ACBB6FDBFEA,Block_Gas Data,B15,456.392121265576,UNRESOLVED,EXTRACTED,Numeric magnitude; role unclear without further evidence,,False,True,VISIBLE_CRITICAL_PATH
D07560CA6C1A762716E1927A130E7CA697DB0AB9BDA8E8A33C7A0ACBB6FDBFEA,Block_Gas Data,E15,5.65800670807447,UNRESOLVED,EXTRACTED,Numeric 1-100 role unclear,,False,True,VISIBLE_CRITICAL_PATH
D07560CA6C1A762716E1927A130E7CA697DB0AB9BDA8E8A33C7A0ACBB6FDBFEA,Block_Gas Data,F15,2.34699344024436,UNRESOLVED,EXTRACTED,Numeric 1-100 role unclear,,False,True,VISIBLE_CRITICAL_PATH
D07560CA6C1A762716E1927A130E7CA697DB0AB9BDA8E8A33C7A0ACBB6FDBFEA,Block_Gas Data,H15,7.80758503468194,UNRESOLVED,EXTRACTED,Numeric 1-100 role unclear,,False,True,VISIBLE_CRITICAL_PATH
D07560CA6C1A762716E1927A130E7CA697DB0AB9BDA8E8A33C7A0ACBB6FDBFEA,Block_Gas Data,I15,2.59558110328819,UNRESOLVED,EXTRACTED,Numeric 1-100 role unclear,,False,True,VISIBLE_CRITICAL_PATH
D07560CA6C1A762716E1927A130E7CA697DB0AB9BDA8E8A33C7A0ACBB6FDBFEA,Block_Gas Data,N15,277.309132533,UNRESOLVED,EXTRACTED,Numeric magnitude; role unclear without further evidence,,False,True,VISIBLE_CRITICAL_PATH
D07560CA6C1A762716E1927A130E7CA697DB0AB9BDA8E8A33C7A0ACBB6FDBFEA,Block_Gas Data,B16,456.029029622661,UNRESOLVED,EXTRACTED,Numeric magnitude; role unclear without further evidence,,False,True,VISIBLE_CRITICAL_PATH
D07560CA6C1A762716E1927A130E7CA697DB0AB9BDA8E8A33C7A0ACBB6FDBFEA,Block_Gas Data,E16,4.40376560702213,UNRESOLVED,EXTRACTED,Numeric 1-100 role unclear,,False,True,VISIBLE_CRITICAL_PATH
D07560CA6C1A762716E1927A130E7CA697DB0AB9BDA8E8A33C7A0ACBB6FDBFEA,Block_Gas Data,F16,1.82672264727168,UNRESOLVED,EXTRACTED,Numeric 1-100 role unclear,,False,True,VISIBLE_CRITICAL_PATH
D07560CA6C1A762716E1927A130E7CA697DB0AB9BDA8E8A33C7A0ACBB6FDBFEA,Block_Gas Data,H16,6.45747304209369,UNRESOLVED,EXTRACTED,Numeric 1-100 role unclear,,False,True,VISIBLE_CRITICAL_PATH
D07560CA6C1A762716E1927A130E7CA697DB0AB9BDA8E8A33C7A0ACBB6FDBFEA,Block_Gas Data,I16,2.14674511114486,UNRESOLVED,EXTRACTED,Numeric 1-100 role unclear,,False,True,VISIBLE_CRITICAL_PATH
D07560CA6C1A762716E1927A130E7CA697DB0AB9BDA8E8A33C7A0ACBB6FDBFEA,Block_Gas Data,N16,272.0782192797,UNRESOLVED,EXTRACTED,Numeric magnitude; role unclear without further evidence,,False,True,VISIBLE_CRITICAL_PATH
D07560CA6C1A762716E1927A130E7CA697DB0AB9BDA8E8A33C7A0ACBB6FDBFEA,Block_Gas Data,B17,432.210108735005,UNRESOLVED,EXTRACTED,Numeric magnitude; role unclear without further evidence,,False,True,VISIBLE_CRITICAL_PATH
D07560CA6C1A762716E1927A130E7CA697DB0AB9BDA8E8A33C7A0ACBB6FDBFEA,Block_Gas Data,E17,3.4275589482627,UNRESOLVED,EXTRACTED,Numeric 1-100 role unclear,,False,True,VISIBLE_CRITICAL_PATH
D07560CA6C1A762716E1927A130E7CA697DB0AB9BDA8E8A33C7A0ACBB6FDBFEA,Block_Gas Data,F17,1.42178310890712,UNRESOLVED,EXTRACTED,Numeric 1-100 role unclear,,False,True,VISIBLE_CRITICAL_PATH
D07560CA6C1A762716E1927A130E7CA697DB0AB9BDA8E8A33C7A0ACBB6FDBFEA,Block_Gas Data,H17,5.34082663258056,UNRESOLVED,EXTRACTED,Numeric 1-100 role unclear,,False,True,VISIBLE_CRITICAL_PATH
D07560CA6C1A762716E1927A130E7CA697DB0AB9BDA8E8A33C7A0ACBB6FDBFEA,Block_Gas Data,I17,1.77552324078263,UNRESOLVED,EXTRACTED,Numeric 1-100 role unclear,,False,True,VISIBLE_CRITICAL_PATH
D07560CA6C1A762716E1927A130E7CA697DB0AB9BDA8E8A33C7A0ACBB6FDBFEA,Block_Gas Data,N17,267.37039735173,UNRESOLVED,EXTRACTED,Numeric magnitude; role unclear without further evidence,,False,True,VISIBLE_CRITICAL_PATH
D07560CA6C1A762716E1927A130E7CA697DB0AB9BDA8E8A33C7A0ACBB6FDBFEA,Block_Gas Data,B18,418.610150960327,UNRESOLVED,EXTRACTED,Numeric magnitude; role unclear without further evidence,,False,True,VISIBLE_CRITICAL_PATH
D07560CA6C1A762716E1927A130E7CA697DB0AB9BDA8E8A33C7A0ACBB6FDBFEA,Block_Gas Data,E18,2.66775332571797,UNRESOLVED,EXTRACTED,Numeric 1-100 role unclear,,False,True,VISIBLE_CRITICAL_PATH
D07560CA6C1A762716E1927A130E7CA697DB0AB9BDA8E8A33C7A0ACBB6FDBFEA,Block_Gas Data,F18,1.10660871905912,UNRESOLVED,EXTRACTED,Numeric 1-100 role unclear,,False,True,VISIBLE_CRITICAL_PATH
D07560CA6C1A762716E1927A130E7CA697DB0AB9BDA8E8A33C7A0ACBB6FDBFEA,Block_Gas Data,H18,4.41727420824561,UNRESOLVED,EXTRACTED,Numeric 1-100 role unclear,,False,True,VISIBLE_CRITICAL_PATH
D07560CA6C1A762716E1927A130E7CA697DB0AB9BDA8E8A33C7A0ACBB6FDBFEA,Block_Gas Data,I18,1.46849421582146,UNRESOLVED,EXTRACTED,Numeric 1-100 role unclear,,False,True,VISIBLE_CRITICAL_PATH
D07560CA6C1A762716E1927A130E7CA697DB0AB9BDA8E8A33C7A0ACBB6FDBFEA,Block_Gas Data,N18,263.133357616557,UNRESOLVED,EXTRACTED,Numeric magnitude; role unclear without further evidence,,False,True,VISIBLE_CRITICAL_PATH
D07560CA6C1A762716E1927A130E7CA697DB0AB9BDA8E8A33C7A0ACBB6FDBFEA,Block_Gas Data,B19,405.799438090468,UNRESOLVED,EXTRACTED,Numeric magnitude; role unclear without further evidence,,False,True,VISIBLE_CRITICAL_PATH
D07560CA6C1A762716E1927A130E7CA697DB0AB9BDA8E8A33C7A0ACBB6FDBFEA,Block_Gas Data,E19,2.07637794544324,UNRESOLVED,EXTRACTED,Numeric 1-100 role unclear,,False,True,VISIBLE_CRITICAL_PATH
D07560CA6C1A762716E1927A130E7CA697DB0AB9BDA8E8A33C7A0ACBB6FDBFEA,Block_Gas Data,F19,0.861300749337887,UNRESOLVED,EXTRACTED,Fractional literal without strong input evidence,,False,True,VISIBLE_CRITICAL_PATH
D07560CA6C1A762716E1927A130E7CA697DB0AB9BDA8E8A33C7A0ACBB6FDBFEA,Block_Gas Data,H19,3.65342535400817,UNRESOLVED,EXTRACTED,Numeric 1-100 role unclear,,False,True,VISIBLE_CRITICAL_PATH
D07560CA6C1A762716E1927A130E7CA697DB0AB9BDA8E8A33C7A0ACBB6FDBFEA,Block_Gas Data,I19,1.21455760891675,UNRESOLVED,EXTRACTED,Numeric 1-100 role unclear,,False,True,VISIBLE_CRITICAL_PATH
D07560CA6C1A762716E1927A130E7CA697DB0AB9BDA8E8A33C7A0ACBB6FDBFEA,Block_Gas Data,N19,236.820021854901,UNRESOLVED,EXTRACTED,Numeric magnitude; role unclear without further evidence,,False,True,VISIBLE_CRITICAL_PATH
D07560CA6C1A762716E1927A130E7CA697DB0AB9BDA8E8A33C7A0ACBB6FDBFEA,Block_Gas Data,B20,393.698165420373,UNRESOLVED,EXTRACTED,Numeric magnitude; role unclear without further evidence,,False,True,VISIBLE_CRITICAL_PATH
D07560CA6C1A762716E1927A130E7CA697DB0AB9BDA8E8A33C7A0ACBB6FDBFEA,Block_Gas Data,E20,1.61609596013259,UNRESOLVED,EXTRACTED,Numeric 1-100 role unclear,,False,True,VISIBLE_CRITICAL_PATH
D07560CA6C1A762716E1927A130E7CA697DB0AB9BDA8E8A33C7A0ACBB6FDBFEA,Block_Gas Data,F20,0.670371530635283,UNRESOLVED,EXTRACTED,Fractional literal without strong input evidence,,False,True,VISIBLE_CRITICAL_PATH
D07560CA6C1A762716E1927A130E7CA697DB0AB9BDA8E8A33C7A0ACBB6FDBFEA,Block_Gas Data,H20,3.02166362966426,UNRESOLVED,EXTRACTED,Numeric 1-100 role unclear,,False,True,VISIBLE_CRITICAL_PATH
D07560CA6C1A762716E1927A130E7CA697DB0AB9BDA8E8A33C7A0ACBB6FDBFEA,Block_Gas Data,I20,1.00453251329453,UNRESOLVED,EXTRACTED,Numeric 1-100 role unclear,,False,True,VISIBLE_CRITICAL_PATH
D07560CA6C1A762716E1927A130E7CA697DB0AB9BDA8E8A33C7A0ACBB6FDBFEA,Block_Gas Data,N20,213.138019669411,UNRESOLVED,EXTRACTED,Numeric magnitude; role unclear without further evidence,,False,True,VISIBLE_CRITICAL_PATH
D07560CA6C1A762716E1927A130E7CA697DB0AB9BDA8E8A33C7A0ACBB6FDBFEA,Block_Gas Data,B21,382.236913286806,UNRESOLVED,EXTRACTED,Numeric magnitude; role unclear without further evidence,,False,True,VISIBLE_CRITICAL_PATH
D07560CA6C1A762716E1927A130E7CA697DB0AB9BDA8E8A33C7A0ACBB6FDBFEA,Block_Gas Data,E21,1.25784718436669,UNRESOLVED,EXTRACTED,Numeric 1-100 role unclear,,False,True,VISIBLE_CRITICAL_PATH
D07560CA6C1A762716E1927A130E7CA697DB0AB9BDA8E8A33C7A0ACBB6FDBFEA,Block_Gas Data,F21,0.521766629637514,UNRESOLVED,EXTRACTED,Fractional literal without strong input evidence,,False,True,VISIBLE_CRITICAL_PATH
D07560CA6C1A762716E1927A130E7CA697DB0AB9BDA8E8A33C7A0ACBB6FDBFEA,Block_Gas Data,H21,2.49914811611485,UNRESOLVED,EXTRACTED,Numeric 1-100 role unclear,,False,True,VISIBLE_CRITICAL_PATH
D07560CA6C1A762716E1927A130E7CA697DB0AB9BDA8E8A33C7A0ACBB6FDBFEA,Block_Gas Data,I21,0.382860895822581,UNRESOLVED,EXTRACTED,Fractional literal without strong input evidence,,False,True,VISIBLE_CRITICAL_PATH
D07560CA6C1A762716E1927A130E7CA697DB0AB9BDA8E8A33C7A0ACBB6FDBFEA,Block_Gas Data,N21,191.82421770247,UNRESOLVED,EXTRACTED,Numeric magnitude; role unclear without further evidence,,False,True,VISIBLE_CRITICAL_PATH
D07560CA6C1A762716E1927A130E7CA697DB0AB9BDA8E8A33C7A0ACBB6FDBFEA,Block_Gas Data,B22,371.355169866755,UNRESOLVED,EXTRACTED,Numeric magnitude; role unclear without further evidence,,False,True,VISIBLE_CRITICAL_PATH
D07560CA6C1A762716E1927A130E7CA697DB0AB9BDA8E8A33C7A0ACBB6FDBFEA,Block_Gas Data,E22,1.2,UNRESOLVED,EXTRACTED,Numeric 1-100 role unclear,,False,True,VISIBLE_CRITICAL_PATH
D07560CA6C1A762716E1927A130E7CA697DB0AB9BDA8E8A33C7A0ACBB6FDBFEA,Block_Gas Data,F22,0.0842507566327299,UNRESOLVED,EXTRACTED,Fractional literal without strong input evidence,,False,True,VISIBLE_CRITICAL_PATH
D07560CA6C1A762716E1927A130E7CA697DB0AB9BDA8E8A33C7A0ACBB6FDBFEA,Block_Gas Data,N22,172.641795932223,UNRESOLVED,EXTRACTED,Numeric magnitude; role unclear without further evidence,,False,True,VISIBLE_CRITICAL_PATH
D07560CA6C1A762716E1927A130E7CA697DB0AB9BDA8E8A33C7A0ACBB6FDBFEA,Block_Gas Data,B23,361.000071014497,UNRESOLVED,EXTRACTED,Numeric magnitude; role unclear without further evidence,,False,True,VISIBLE_CRITICAL_PATH
D07560CA6C1A762716E1927A130E7CA697DB0AB9BDA8E8A33C7A0ACBB6FDBFEA,Block_Gas Data,E23,0,DEFAULT_STRUCTURAL_VALUE,EXTRACTED,Zero literal; not INPUT without further evidence,,False,True,VISIBLE_CRITICAL_PATH
D07560CA6C1A762716E1927A130E7CA697DB0AB9BDA8E8A33C7A0ACBB6FDBFEA,Block_Gas Data,F23,0,DEFAULT_STRUCTURAL_VALUE,EXTRACTED,Zero literal; not INPUT without further evidence,,False,True,VISIBLE_CRITICAL_PATH
D07560CA6C1A762716E1927A130E7CA697DB0AB9BDA8E8A33C7A0ACBB6FDBFEA,Block_Gas Data,N23,155.377616339001,UNRESOLVED,EXTRACTED,Numeric magnitude; role unclear without further evidence,,False,True,VISIBLE_CRITICAL_PATH
D07560CA6C1A762716E1927A130E7CA697DB0AB9BDA8E8A33C7A0ACBB6FDBFEA,Block_Gas Data,B24,341.807908194354,UNRESOLVED,EXTRACTED,Numeric magnitude; role unclear without further evidence,,False,True,VISIBLE_CRITICAL_PATH
D07560CA6C1A762716E1927A130E7CA697DB0AB9BDA8E8A33C7A0ACBB6FDBFEA,Block_Gas Data,E24,0,DEFAULT_STRUCTURAL_VALUE,EXTRACTED,Zero literal; not INPUT without further evidence,,False,True,VISIBLE_CRITICAL_PATH
D07560CA6C1A762716E1927A130E7CA697DB0AB9BDA8E8A33C7A0ACBB6FDBFEA,Block_Gas Data,N24,139.839854705101,UNRESOLVED,EXTRACTED,Numeric magnitude; role unclear without further evidence,,False,True,VISIBLE_CRITICAL_PATH
D07560CA6C1A762716E1927A130E7CA697DB0AB9BDA8E8A33C7A0ACBB6FDBFEA,Block_Gas Data,B25,253.824923186571,UNRESOLVED,EXTRACTED,Numeric magnitude; role unclear without further evidence,,False,True,VISIBLE_CRITICAL_PATH
D07560CA6C1A762716E1927A130E7CA697DB0AB9BDA8E8A33C7A0ACBB6FDBFEA,Block_Gas Data,E25,0,DEFAULT_STRUCTURAL_VALUE,EXTRACTED,Zero literal; not INPUT without further evidence,,False,True,VISIBLE_CRITICAL_PATH
D07560CA6C1A762716E1927A130E7CA697DB0AB9BDA8E8A33C7A0ACBB6FDBFEA,Block_Gas Data,N25,125.855869234591,UNRESOLVED,EXTRACTED,Numeric magnitude; role unclear without further evidence,,False,True,VISIBLE_CRITICAL_PATH
D07560CA6C1A762716E1927A130E7CA697DB0AB9BDA8E8A33C7A0ACBB6FDBFEA,Block_Gas Data,B26,240.233016468097,UNRESOLVED,EXTRACTED,Numeric magnitude; role unclear without further evidence,,False,True,VISIBLE_CRITICAL_PATH
D07560CA6C1A762716E1927A130E7CA697DB0AB9BDA8E8A33C7A0ACBB6FDBFEA,Block_Gas Data,E26,0,DEFAULT_STRUCTURAL_VALUE,EXTRACTED,Zero literal; not INPUT without further evidence,,False,True,VISIBLE_CRITICAL_PATH
D07560CA6C1A762716E1927A130E7CA697DB0AB9BDA8E8A33C7A0ACBB6FDBFEA,Block_Gas Data,N26,113.270282311132,UNRESOLVED,EXTRACTED,Numeric magnitude; role unclear without further evidence,,False,True,VISIBLE_CRITICAL_PATH
D07560CA6C1A762716E1927A130E7CA697DB0AB9BDA8E8A33C7A0ACBB6FDBFEA,Block_Gas Data,B27,227.421345604486,UNRESOLVED,EXTRACTED,Numeric magnitude; role unclear without further evidence,,False,True,VISIBLE_CRITICAL_PATH
D07560CA6C1A762716E1927A130E7CA697DB0AB9BDA8E8A33C7A0ACBB6FDBFEA,Block_Gas Data,E27,0,DEFAULT_STRUCTURAL_VALUE,EXTRACTED,Zero literal; not INPUT without further evidence,,False,True,VISIBLE_CRITICAL_PATH
D07560CA6C1A762716E1927A130E7CA697DB0AB9BDA8E8A33C7A0ACBB6FDBFEA,Block_Gas Data,B28,212.158007045675,UNRESOLVED,EXTRACTED,Numeric magnitude; role unclear without further evidence,,False,True,VISIBLE_CRITICAL_PATH
D07560CA6C1A762716E1927A130E7CA697DB0AB9BDA8E8A33C7A0ACBB6FDBFEA,Block_Gas Data,E28,0,DEFAULT_STRUCTURAL_VALUE,EXTRACTED,Zero literal; not INPUT without further evidence,,False,True,VISIBLE_CRITICAL_PATH
D07560CA6C1A762716E1927A130E7CA697DB0AB9BDA8E8A33C7A0ACBB6FDBFEA,Block_Gas Data,B29,201.232098552323,UNRESOLVED,EXTRACTED,Numeric magnitude; role unclear without further evidence,,False,True,VISIBLE_CRITICAL_PATH
D07560CA6C1A762716E1927A130E7CA697DB0AB9BDA8E8A33C7A0ACBB6FDBFEA,Block_Gas Data,B30,190.871565972104,UNRESOLVED,EXTRACTED,Numeric magnitude; role unclear without further evidence,,False,True,VISIBLE_CRITICAL_PATH
D07560CA6C1A762716E1927A130E7CA697DB0AB9BDA8E8A33C7A0ACBB6FDBFEA,Block_Gas Data,B31,181.046995680052,UNRESOLVED,EXTRACTED,Numeric magnitude; role unclear without further evidence,,False,True,VISIBLE_CRITICAL_PATH
D07560CA6C1A762716E1927A130E7CA697DB0AB9BDA8E8A33C7A0ACBB6FDBFEA,Block_Gas Data,B32,171.730513422209,UNRESOLVED,EXTRACTED,Numeric magnitude; role unclear without further evidence,,False,True,VISIBLE_CRITICAL_PATH
D07560CA6C1A762716E1927A130E7CA697DB0AB9BDA8E8A33C7A0ACBB6FDBFEA,Block_Gas Data,B33,6,UNRESOLVED,EXTRACTED,Numeric 1-100 role unclear,,False,True,VISIBLE_CRITICAL_PATH
D07560CA6C1A762716E1927A130E7CA697DB0AB9BDA8E8A33C7A0ACBB6FDBFEA,Prod_Summary,Y48,5.804,UNRESOLVED,EXTRACTED,Numeric 1-100 role unclear,Conversion Factor,False,True,VISIBLE_CRITICAL_PATH
D07560CA6C1A762716E1927A130E7CA697DB0AB9BDA8E8A33C7A0ACBB6FDBFEA,Block_TC,FV1,1,UNRESOLVED,EXTRACTED,Numeric magnitude; role unclear without further evidence,,True,True,VISIBLE_CRITICAL_PATH
D07560CA6C1A762716E1927A130E7CA697DB0AB9BDA8E8A33C7A0ACBB6FDBFEA,Block_TC,FW3,0,DEFAULT_STRUCTURAL_VALUE,EXTRACTED,Zero literal; not INPUT without further evidence,$mm,False,True,VISIBLE_CRITICAL_PATH
D07560CA6C1A762716E1927A130E7CA697DB0AB9BDA8E8A33C7A0ACBB6FDBFEA,Block_TC,A4,2023,ASSUMPTION,UNDERSTOOD,Year-like integer; labels=field name:,FIELD NAME:,False,True,VISIBLE_CRITICAL_PATH
D07560CA6C1A762716E1927A130E7CA697DB0AB9BDA8E8A33C7A0ACBB6FDBFEA,Block_TC,B7,0.995,UNRESOLVED,EXTRACTED,Fractional literal without strong input evidence,$mm,False,True,VISIBLE_CRITICAL_PATH
D07560CA6C1A762716E1927A130E7CA697DB0AB9BDA8E8A33C7A0ACBB6FDBFEA,Block_TC,C7,0,DEFAULT_STRUCTURAL_VALUE,EXTRACTED,Zero literal; not INPUT without further evidence,$mm,False,True,VISIBLE_CRITICAL_PATH
D07560CA6C1A762716E1927A130E7CA697DB0AB9BDA8E8A33C7A0ACBB6FDBFEA,Block_TC,D7,2.69689914482246,UNRESOLVED,EXTRACTED,Numeric 1-100 role unclear,$mm,False,True,VISIBLE_CRITICAL_PATH
D07560CA6C1A762716E1927A130E7CA697DB0AB9BDA8E8A33C7A0ACBB6FDBFEA,Block_TC,E7,110.2458045,ASSUMPTION,UNDERSTOOD,Economic magnitude with label; labels=$mm,$mm,False,True,VISIBLE_CRITICAL_PATH
D07560CA6C1A762716E1927A130E7CA697DB0AB9BDA8E8A33C7A0ACBB6FDBFEA,Block_TC,H7,14,UNRESOLVED,EXTRACTED,Numeric 1-100 role unclear,$mm,False,True,VISIBLE_CRITICAL_PATH
D07560CA6C1A762716E1927A130E7CA697DB0AB9BDA8E8A33C7A0ACBB6FDBFEA,Block_TC,N7,9,UNRESOLVED,EXTRACTED,Numeric 1-100 role unclear,$mm,False,True,VISIBLE_CRITICAL_PATH
D07560CA6C1A762716E1927A130E7CA697DB0AB9BDA8E8A33C7A0ACBB6FDBFEA,Block_TC,T7,10,UNRESOLVED,EXTRACTED,Numeric 1-100 role unclear,$mm,False,True,VISIBLE_CRITICAL_PATH
D07560CA6C1A762716E1927A130E7CA697DB0AB9BDA8E8A33C7A0ACBB6FDBFEA,Block_TC,B8,32.753,UNRESOLVED,EXTRACTED,Numeric 1-100 role unclear,$mm,False,True,VISIBLE_CRITICAL_PATH
D07560CA6C1A762716E1927A130E7CA697DB0AB9BDA8E8A33C7A0ACBB6FDBFEA,Block_TC,C8,0,DEFAULT_STRUCTURAL_VALUE,EXTRACTED,Zero literal; not INPUT without further evidence,$mm,False,True,VISIBLE_CRITICAL_PATH
D07560CA6C1A762716E1927A130E7CA697DB0AB9BDA8E8A33C7A0ACBB6FDBFEA,Block_TC,D8,16.5820901840491,UNRESOLVED,EXTRACTED,Numeric 1-100 role unclear,$mm,False,True,VISIBLE_CRITICAL_PATH
D07560CA6C1A762716E1927A130E7CA697DB0AB9BDA8E8A33C7A0ACBB6FDBFEA,Block_TC,E8,97.645924185,UNRESOLVED,EXTRACTED,Numeric 1-100 role unclear,$mm,False,True,VISIBLE_CRITICAL_PATH
D07560CA6C1A762716E1927A130E7CA697DB0AB9BDA8E8A33C7A0ACBB6FDBFEA,Block_TC,N8,7,UNRESOLVED,EXTRACTED,Numeric 1-100 role unclear,$mm,False,True,VISIBLE_CRITICAL_PATH
D07560CA6C1A762716E1927A130E7CA697DB0AB9BDA8E8A33C7A0ACBB6FDBFEA,Block_TC,T8,9,UNRESOLVED,EXTRACTED,Numeric 1-100 role unclear,$mm,False,True,VISIBLE_CRITICAL_PATH
D07560CA6C1A762716E1927A130E7CA697DB0AB9BDA8E8A33C7A0ACBB6FDBFEA,Block_TC,V8,50,UNRESOLVED,EXTRACTED,Numeric 1-100 role unclear,$mm,False,True,VISIBLE_CRITICAL_PATH
D07560CA6C1A762716E1927A130E7CA697DB0AB9BDA8E8A33C7A0ACBB6FDBFEA,Block_TC,AA8,0,DEFAULT_STRUCTURAL_VALUE,EXTRACTED,Zero literal; not INPUT without further evidence,$mm,False,True,VISIBLE_CRITICAL_PATH
D07560CA6C1A762716E1927A130E7CA697DB0AB9BDA8E8A33C7A0ACBB6FDBFEA,Block_TC,AD8,0,DEFAULT_STRUCTURAL_VALUE,EXTRACTED,Zero literal; not INPUT without further evidence,$mm,False,True,VISIBLE_CRITICAL_PATH
D07560CA6C1A762716E1927A130E7CA697DB0AB9BDA8E8A33C7A0ACBB6FDBFEA,Block_TC,B9,1.8636,UNRESOLVED,EXTRACTED,Numeric 1-100 role unclear,$mm,False,True,VISIBLE_CRITICAL_PATH
D07560CA6C1A762716E1927A130E7CA697DB0AB9BDA8E8A33C7A0ACBB6FDBFEA,Block_TC,C9,0,DEFAULT_STRUCTURAL_VALUE,EXTRACTED,Zero literal; not INPUT without further evidence,$mm,False,True,VISIBLE_CRITICAL_PATH
D07560CA6C1A762716E1927A130E7CA697DB0AB9BDA8E8A33C7A0ACBB6FDBFEA,Block_TC,D9,41.6960299907046,UNRESOLVED,EXTRACTED,Numeric 1-100 role unclear,$mm,False,True,VISIBLE_CRITICAL_PATH
D07560CA6C1A762716E1927A130E7CA697DB0AB9BDA8E8A33C7A0ACBB6FDBFEA,Block_TC,E9,83.0211809328765,UNRESOLVED,EXTRACTED,Numeric 1-100 role unclear,$mm,False,True,VISIBLE_CRITICAL_PATH
D07560CA6C1A762716E1927A130E7CA697DB0AB9BDA8E8A33C7A0ACBB6FDBFEA,Block_TC,H9,35,UNRESOLVED,EXTRACTED,Numeric 1-100 role unclear,$mm,False,True,VISIBLE_CRITICAL_PATH
D07560CA6C1A762716E1927A130E7CA697DB0AB9BDA8E8A33C7A0ACBB6FDBFEA,Block_TC,J9,80,UNRESOLVED,EXTRACTED,Numeric 1-100 role unclear,$mm,False,True,VISIBLE_CRITICAL_PATH
D07560CA6C1A762716E1927A130E7CA697DB0AB9BDA8E8A33C7A0ACBB6FDBFEA,Block_TC,N9,35,UNRESOLVED,EXTRACTED,Numeric 1-100 role unclear,$mm,False,True,VISIBLE_CRITICAL_PATH
D07560CA6C1A762716E1927A130E7CA697DB0AB9BDA8E8A33C7A0ACBB6FDBFEA,Block_TC,U9,50,UNRESOLVED,EXTRACTED,Numeric 1-100 role unclear,$mm,False,True,VISIBLE_CRITICAL_PATH
D07560CA6C1A762716E1927A130E7CA697DB0AB9BDA8E8A33C7A0ACBB6FDBFEA,Block_TC,V9,20,UNRESOLVED,EXTRACTED,Numeric 1-100 role unclear,$mm,False,True,VISIBLE_CRITICAL_PATH
D07560CA6C1A762716E1927A130E7CA697DB0AB9BDA8E8A33C7A0ACBB6FDBFEA,Block_TC,AA9,94,UNRESOLVED,EXTRACTED,Numeric 1-100 role unclear,$mm,False,True,VISIBLE_CRITICAL_PATH
D07560CA6C1A762716E1927A130E7CA697DB0AB9BDA8E8A33C7A0ACBB6FDBFEA,Block_TC,AB9,6,UNRESOLVED,EXTRACTED,Numeric 1-100 role unclear,$mm,False,True,VISIBLE_CRITICAL_PATH
D07560CA6C1A762716E1927A130E7CA697DB0AB9BDA8E8A33C7A0ACBB6FDBFEA,Block_TC,AD9,15,UNRESOLVED,EXTRACTED,Numeric 1-100 role unclear,$mm,False,True,VISIBLE_CRITICAL_PATH
D07560CA6C1A762716E1927A130E7CA697DB0AB9BDA8E8A33C7A0ACBB6FDBFEA,Block_TC,C10,144.687738804936,UNRESOLVED,EXTRACTED,Numeric magnitude; role unclear without further evidence,,False,True,VISIBLE_CRITICAL_PATH
D07560CA6C1A762716E1927A130E7CA697DB0AB9BDA8E8A33C7A0ACBB6FDBFEA,Block_TC,D10,85.8137516266964,UNRESOLVED,EXTRACTED,Numeric 1-100 role unclear,,False,True,VISIBLE_CRITICAL_PATH
D07560CA6C1A762716E1927A130E7CA697DB0AB9BDA8E8A33C7A0ACBB6FDBFEA,Block_TC,E10,90.9877157493137,UNRESOLVED,EXTRACTED,Numeric 1-100 role unclear,,False,True,VISIBLE_CRITICAL_PATH
D07560CA6C1A762716E1927A130E7CA697DB0AB9BDA8E8A33C7A0ACBB6FDBFEA,Block_TC,I10,35,UNRESOLVED,EXTRACTED,Numeric 1-100 role unclear,,False,True,VISIBLE_CRITICAL_PATH
D07560CA6C1A762716E1927A130E7CA697DB0AB9BDA8E8A33C7A0ACBB6FDBFEA,Block_TC,O10,35,UNRESOLVED,EXTRACTED,Numeric 1-100 role unclear,,False,True,VISIBLE_CRITICAL_PATH
D07560CA6C1A762716E1927A130E7CA697DB0AB9BDA8E8A33C7A0ACBB6FDBFEA,Block_TC,P10,50,UNRESOLVED,EXTRACTED,Numeric 1-100 role unclear,,False,True,VISIBLE_CRITICAL_PATH
D07560CA6C1A762716E1927A130E7CA697DB0AB9BDA8E8A33C7A0ACBB6FDBFEA,Block_TC,U10,50,UNRESOLVED,EXTRACTED,Numeric 1-100 role unclear,,False,True,VISIBLE_CRITICAL_PATH
D07560CA6C1A762716E1927A130E7CA697DB0AB9BDA8E8A33C7A0ACBB6FDBFEA,Block_TC,Z10,10,UNRESOLVED,EXTRACTED,Numeric 1-100 role unclear,,False,True,VISIBLE_CRITICAL_PATH
D07560CA6C1A762716E1927A130E7CA697DB0AB9BDA8E8A33C7A0ACBB6FDBFEA,Block_TC,AA10,112,UNRESOLVED,EXTRACTED,Numeric magnitude; role unclear without further evidence,,False,True,VISIBLE_CRITICAL_PATH
D07560CA6C1A762716E1927A130E7CA697DB0AB9BDA8E8A33C7A0ACBB6FDBFEA,Block_TC,AB10,6,UNRESOLVED,EXTRACTED,Numeric 1-100 role unclear,,False,True,VISIBLE_CRITICAL_PATH
D07560CA6C1A762716E1927A130E7CA697DB0AB9BDA8E8A33C7A0ACBB6FDBFEA,Block_TC,AD10,20.1,UNRESOLVED,EXTRACTED,Numeric 1-100 role unclear,,False,True,VISIBLE_CRITICAL_PATH
D07560CA6C1A762716E1927A130E7CA697DB0AB9BDA8E8A33C7A0ACBB6FDBFEA,Block_TC,C11,168.177780396506,UNRESOLVED,EXTRACTED,Numeric magnitude; role unclear without further evidence,,False,True,VISIBLE_CRITICAL_PATH
D07560CA6C1A762716E1927A130E7CA697DB0AB9BDA8E8A33C7A0ACBB6FDBFEA,Block_TC,D11,127.687211117308,UNRESOLVED,EXTRACTED,Numeric magnitude; role unclear without further evidence,,False,True,VISIBLE_CRITICAL_PATH
D07560CA6C1A762716E1927A130E7CA697DB0AB9BDA8E8A33C7A0ACBB6FDBFEA,Block_TC,E11,107.191146553542,UNRESOLVED,EXTRACTED,Numeric magnitude; role unclear without further evidence,,False,True,VISIBLE_CRITICAL_PATH
D07560CA6C1A762716E1927A130E7CA697DB0AB9BDA8E8A33C7A0ACBB6FDBFEA,Block_TC,J11,25,UNRESOLVED,EXTRACTED,Numeric 1-100 role unclear,,False,True,VISIBLE_CRITICAL_PATH
D07560CA6C1A762716E1927A130E7CA697DB0AB9BDA8E8A33C7A0ACBB6FDBFEA,Block_TC,P11,50,UNRESOLVED,EXTRACTED,Numeric 1-100 role unclear,,False,True,VISIBLE_CRITICAL_PATH
D07560CA6C1A762716E1927A130E7CA697DB0AB9BDA8E8A33C7A0ACBB6FDBFEA,Block_TC,AA11,24,UNRESOLVED,EXTRACTED,Numeric 1-100 role unclear,,False,True,VISIBLE_CRITICAL_PATH
D07560CA6C1A762716E1927A130E7CA697DB0AB9BDA8E8A33C7A0ACBB6FDBFEA,Block_TC,AD11,1.8,UNRESOLVED,EXTRACTED,Numeric 1-100 role unclear,,False,True,VISIBLE_CRITICAL_PATH
D07560CA6C1A762716E1927A130E7CA697DB0AB9BDA8E8A33C7A0ACBB6FDBFEA,Block_TC,C12,24.6430056841813,UNRESOLVED,EXTRACTED,Numeric 1-100 role unclear,,False,True,VISIBLE_CRITICAL_PATH
D07560CA6C1A762716E1927A130E7CA697DB0AB9BDA8E8A33C7A0ACBB6FDBFEA,Block_TC,D12,16.9292619445994,UNRESOLVED,EXTRACTED,Numeric 1-100 role unclear,,False,True,VISIBLE_CRITICAL_PATH
D07560CA6C1A762716E1927A130E7CA697DB0AB9BDA8E8A33C7A0ACBB6FDBFEA,Block_TC,E12,135.226422096393,UNRESOLVED,EXTRACTED,Numeric magnitude; role unclear without further evidence,,False,True,VISIBLE_CRITICAL_PATH
D07560CA6C1A762716E1927A130E7CA697DB0AB9BDA8E8A33C7A0ACBB6FDBFEA,Block_TC,O12,10,UNRESOLVED,EXTRACTED,Numeric 1-100 role unclear,,False,True,VISIBLE_CRITICAL_PATH
D07560CA6C1A762716E1927A130E7CA697DB0AB9BDA8E8A33C7A0ACBB6FDBFEA,Block_TC,Z12,10,UNRESOLVED,EXTRACTED,Numeric 1-100 role unclear,,False,True,VISIBLE_CRITICAL_PATH
D07560CA6C1A762716E1927A130E7CA697DB0AB9BDA8E8A33C7A0ACBB6FDBFEA,Block_TC,AA12,126,UNRESOLVED,EXTRACTED,Numeric magnitude; role unclear without further evidence,,False,True,VISIBLE_CRITICAL_PATH
D07560CA6C1A762716E1927A130E7CA697DB0AB9BDA8E8A33C7A0ACBB6FDBFEA,Block_TC,AB12,6,UNRESOLVED,EXTRACTED,Numeric 1-100 role unclear,,False,True,VISIBLE_CRITICAL_PATH
D07560CA6C1A762716E1927A130E7CA697DB0AB9BDA8E8A33C7A0ACBB6FDBFEA,Block_TC,AD12,22.2,UNRESOLVED,EXTRACTED,Numeric 1-100 role unclear,,False,True,VISIBLE_CRITICAL_PATH
D07560CA6C1A762716E1927A130E7CA697DB0AB9BDA8E8A33C7A0ACBB6FDBFEA,Block_TC,C13,0,DEFAULT_STRUCTURAL_VALUE,EXTRACTED,Zero literal; not INPUT without further evidence,,False,True,VISIBLE_CRITICAL_PATH
D07560CA6C1A762716E1927A130E7CA697DB0AB9BDA8E8A33C7A0ACBB6FDBFEA,Block_TC,D13,0,DEFAULT_STRUCTURAL_VALUE,EXTRACTED,Zero literal; not INPUT without further evidence,,False,True,VISIBLE_CRITICAL_PATH
D07560CA6C1A762716E1927A130E7CA697DB0AB9BDA8E8A33C7A0ACBB6FDBFEA,Block_TC,E13,130.680085608994,UNRESOLVED,EXTRACTED,Numeric magnitude; role unclear without further evidence,,False,True,VISIBLE_CRITICAL_PATH
D07560CA6C1A762716E1927A130E7CA697DB0AB9BDA8E8A33C7A0ACBB6FDBFEA,Block_TC,AA13,146,UNRESOLVED,EXTRACTED,Numeric magnitude; role unclear without further evidence,,False,True,VISIBLE_CRITICAL_PATH
D07560CA6C1A762716E1927A130E7CA697DB0AB9BDA8E8A33C7A0ACBB6FDBFEA,Block_TC,AB13,30,UNRESOLVED,EXTRACTED,Numeric 1-100 role unclear,,False,True,VISIBLE_CRITICAL_PATH
D07560CA6C1A762716E1927A130E7CA697DB0AB9BDA8E8A33C7A0ACBB6FDBFEA,Block_TC,AD13,25.8,UNRESOLVED,EXTRACTED,Numeric 1-100 role unclear,,False,True,VISIBLE_CRITICAL_PATH
D07560CA6C1A762716E1927A130E7CA697DB0AB9BDA8E8A33C7A0ACBB6FDBFEA,Block_TC,C14,0,DEFAULT_STRUCTURAL_VALUE,EXTRACTED,Zero literal; not INPUT without further evidence,,False,True,VISIBLE_CRITICAL_PATH
D07560CA6C1A762716E1927A130E7CA697DB0AB9BDA8E8A33C7A0ACBB6FDBFEA,Block_TC,D14,0,DEFAULT_STRUCTURAL_VALUE,EXTRACTED,Zero literal; not INPUT without further evidence,,False,True,VISIBLE_CRITICAL_PATH
D07560CA6C1A762716E1927A130E7CA697DB0AB9BDA8E8A33C7A0ACBB6FDBFEA,Block_TC,E14,121.063467798929,UNRESOLVED,EXTRACTED,Numeric magnitude; role unclear without further evidence,,False,True,VISIBLE_CRITICAL_PATH
D07560CA6C1A762716E1927A130E7CA697DB0AB9BDA8E8A33C7A0ACBB6FDBFEA,Block_TC,AA14,90,UNRESOLVED,EXTRACTED,Numeric 1-100 role unclear,,False,True,VISIBLE_CRITICAL_PATH
D07560CA6C1A762716E1927A130E7CA697DB0AB9BDA8E8A33C7A0ACBB6FDBFEA,Block_TC,AB14,6,UNRESOLVED,EXTRACTED,Numeric 1-100 role unclear,,False,True,VISIBLE_CRITICAL_PATH
D07560CA6C1A762716E1927A130E7CA697DB0AB9BDA8E8A33C7A0ACBB6FDBFEA,Block_TC,AD14,14.4,UNRESOLVED,EXTRACTED,Numeric 1-100 role unclear,,False,True,VISIBLE_CRITICAL_PATH
D07560CA6C1A762716E1927A130E7CA697DB0AB9BDA8E8A33C7A0ACBB6FDBFEA,Block_TC,C15,57.5003465964231,UNRESOLVED,EXTRACTED,Numeric 1-100 role unclear,,False,True,VISIBLE_CRITICAL_PATH
D07560CA6C1A762716E1927A130E7CA697DB0AB9BDA8E8A33C7A0ACBB6FDBFEA,Block_TC,D15,0,DEFAULT_STRUCTURAL_VALUE,EXTRACTED,Zero literal; not INPUT without further evidence,,False,True,VISIBLE_CRITICAL_PATH
D07560CA6C1A762716E1927A130E7CA697DB0AB9BDA8E8A33C7A0ACBB6FDBFEA,Block_TC,E15,152.362356077496,UNRESOLVED,EXTRACTED,Numeric magnitude; role unclear without further evidence,,False,True,VISIBLE_CRITICAL_PATH
D07560CA6C1A762716E1927A130E7CA697DB0AB9BDA8E8A33C7A0ACBB6FDBFEA,Block_TC,AA15,4,UNRESOLVED,EXTRACTED,Numeric 1-100 role unclear,,False,True,VISIBLE_CRITICAL_PATH
D07560CA6C1A762716E1927A130E7CA697DB0AB9BDA8E8A33C7A0ACBB6FDBFEA,Block_TC,E16,139.505160304204,UNRESOLVED,EXTRACTED,Numeric magnitude; role unclear without further evidence,,False,True,VISIBLE_CRITICAL_PATH
D07560CA6C1A762716E1927A130E7CA697DB0AB9BDA8E8A33C7A0ACBB6FDBFEA,Block_TC,AA16,0,DEFAULT_STRUCTURAL_VALUE,EXTRACTED,Zero literal; not INPUT without further evidence,,False,True,VISIBLE_CRITICAL_PATH
D07560CA6C1A762716E1927A130E7CA697DB0AB9BDA8E8A33C7A0ACBB6FDBFEA,Block_TC,E17,124.908101456936,UNRESOLVED,EXTRACTED,Numeric magnitude; role unclear without further evidence,,False,True,VISIBLE_CRITICAL_PATH
D07560CA6C1A762716E1927A130E7CA697DB0AB9BDA8E8A33C7A0ACBB6FDBFEA,Block_TC,E18,113.039284314778,UNRESOLVED,EXTRACTED,Numeric magnitude; role unclear without further evidence,,False,True,VISIBLE_CRITICAL_PATH
D07560CA6C1A762716E1927A130E7CA697DB0AB9BDA8E8A33C7A0ACBB6FDBFEA,Block_TC,E19,102.834928100657,UNRESOLVED,EXTRACTED,Numeric magnitude; role unclear without further evidence,,False,True,VISIBLE_CRITICAL_PATH
D07560CA6C1A762716E1927A130E7CA697DB0AB9BDA8E8A33C7A0ACBB6FDBFEA,Block_TC,E20,94.0492895336816,UNRESOLVED,EXTRACTED,Numeric 1-100 role unclear,,False,True,VISIBLE_CRITICAL_PATH
D07560CA6C1A762716E1927A130E7CA697DB0AB9BDA8E8A33C7A0ACBB6FDBFEA,Block_TC,E21,93.089303893063,UNRESOLVED,EXTRACTED,Numeric 1-100 role unclear,,False,True,VISIBLE_CRITICAL_PATH
D07560CA6C1A762716E1927A130E7CA697DB0AB9BDA8E8A33C7A0ACBB6FDBFEA,Block_TC,E22,93.1611150332542,UNRESOLVED,EXTRACTED,Numeric 1-100 role unclear,,False,True,VISIBLE_CRITICAL_PATH
D07560CA6C1A762716E1927A130E7CA697DB0AB9BDA8E8A33C7A0ACBB6FDBFEA,Block_TC,E23,74.2654052253091,UNRESOLVED,EXTRACTED,Numeric 1-100 role unclear,,False,True,VISIBLE_CRITICAL_PATH
D07560CA6C1A762716E1927A130E7CA697DB0AB9BDA8E8A33C7A0ACBB6FDBFEA,Block_TC,E24,68.5801486732107,UNRESOLVED,EXTRACTED,Numeric 1-100 role unclear,,False,True,VISIBLE_CRITICAL_PATH
D07560CA6C1A762716E1927A130E7CA697DB0AB9BDA8E8A33C7A0ACBB6FDBFEA,Block_TC,E25,57.7872298565662,UNRESOLVED,EXTRACTED,Numeric 1-100 role unclear,,False,True,VISIBLE_CRITICAL_PATH
D07560CA6C1A762716E1927A130E7CA697DB0AB9BDA8E8A33C7A0ACBB6FDBFEA,Block_TC,E26,53.6882038755967,UNRESOLVED,EXTRACTED,Numeric 1-100 role unclear,,False,True,VISIBLE_CRITICAL_PATH
D07560CA6C1A762716E1927A130E7CA697DB0AB9BDA8E8A33C7A0ACBB6FDBFEA,Block_TC,FJ26,2.40142604677782,UNRESOLVED,EXTRACTED,Numeric 1-100 role unclear,,False,True,VISIBLE_CRITICAL_PATH
D07560CA6C1A762716E1927A130E7CA697DB0AB9BDA8E8A33C7A0ACBB6FDBFEA,Block_TC,E27,50.0922350223292,UNRESOLVED,EXTRACTED,Numeric 1-100 role unclear,,False,True,VISIBLE_CRITICAL_PATH
D07560CA6C1A762716E1927A130E7CA697DB0AB9BDA8E8A33C7A0ACBB6FDBFEA,Block_TC,E28,42.8488823648651,UNRESOLVED,EXTRACTED,Numeric 1-100 role unclear,,False,True,VISIBLE_CRITICAL_PATH
D07560CA6C1A762716E1927A130E7CA697DB0AB9BDA8E8A33C7A0ACBB6FDBFEA,Block_TC,E29,40.67241668327,UNRESOLVED,EXTRACTED,Numeric 1-100 role unclear,,False,True,VISIBLE_CRITICAL_PATH
D07560CA6C1A762716E1927A130E7CA697DB0AB9BDA8E8A33C7A0ACBB6FDBFEA,Block_TC,E30,38.7272258587158,UNRESOLVED,EXTRACTED,Numeric 1-100 role unclear,,False,True,VISIBLE_CRITICAL_PATH
D07560CA6C1A762716E1927A130E7CA697DB0AB9BDA8E8A33C7A0ACBB6FDBFEA,Block_TC,E31,36.9835820234511,UNRESOLVED,EXTRACTED,Numeric 1-100 role unclear,,False,True,VISIBLE_CRITICAL_PATH
D07560CA6C1A762716E1927A130E7CA697DB0AB9BDA8E8A33C7A0ACBB6FDBFEA,Block_TC,E32,35.4159561051845,UNRESOLVED,EXTRACTED,Numeric 1-100 role unclear,,False,True,VISIBLE_CRITICAL_PATH
D07560CA6C1A762716E1927A130E7CA697DB0AB9BDA8E8A33C7A0ACBB6FDBFEA,Block_TC,E33,0.777973575141114,UNRESOLVED,EXTRACTED,Fractional literal without strong input evidence,,False,True,VISIBLE_CRITICAL_PATH
D07560CA6C1A762716E1927A130E7CA697DB0AB9BDA8E8A33C7A0ACBB6FDBFEA,Block_TC,B49,0.995,UNRESOLVED,EXTRACTED,Fractional literal without strong input evidence,,False,True,VISIBLE_CRITICAL_PATH
D07560CA6C1A762716E1927A130E7CA697DB0AB9BDA8E8A33C7A0ACBB6FDBFEA,Block_TC,K49,0.05,UNRESOLVED,EXTRACTED,Fractional literal without strong input evidence,Fixed,False,True,VISIBLE_CRITICAL_PATH
D07560CA6C1A762716E1927A130E7CA697DB0AB9BDA8E8A33C7A0ACBB6FDBFEA,Block_TC,Q49,0.06,UNRESOLVED,EXTRACTED,Fractional literal without strong input evidence,,False,True,VISIBLE_CRITICAL_PATH
D07560CA6C1A762716E1927A130E7CA697DB0AB9BDA8E8A33C7A0ACBB6FDBFEA,Block_TC,W49,0.02,UNRESOLVED,EXTRACTED,Fractional literal without strong input evidence,,False,True,VISIBLE_CRITICAL_PATH
D07560CA6C1A762716E1927A130E7CA697DB0AB9BDA8E8A33C7A0ACBB6FDBFEA,Block_TC,AC49,0.02,UNRESOLVED,EXTRACTED,Fractional literal without strong input evidence,,False,True,VISIBLE_CRITICAL_PATH
D07560CA6C1A762716E1927A130E7CA697DB0AB9BDA8E8A33C7A0ACBB6FDBFEA,Block_TC,B50,32.753,UNRESOLVED,EXTRACTED,Numeric 1-100 role unclear,,False,True,VISIBLE_CRITICAL_PATH
D07560CA6C1A762716E1927A130E7CA697DB0AB9BDA8E8A33C7A0ACBB6FDBFEA,Block_TC,K50,2,UNRESOLVED,EXTRACTED,Numeric 1-100 role unclear,Vopex,False,True,VISIBLE_CRITICAL_PATH
D07560CA6C1A762716E1927A130E7CA697DB0AB9BDA8E8A33C7A0ACBB6FDBFEA,Block_TC,Q50,5,UNRESOLVED,EXTRACTED,Numeric 1-100 role unclear,Vopex,False,True,VISIBLE_CRITICAL_PATH
D07560CA6C1A762716E1927A130E7CA697DB0AB9BDA8E8A33C7A0ACBB6FDBFEA,Block_TC,W50,5,UNRESOLVED,EXTRACTED,Numeric 1-100 role unclear,Vopex,False,True,VISIBLE_CRITICAL_PATH
D07560CA6C1A762716E1927A130E7CA697DB0AB9BDA8E8A33C7A0ACBB6FDBFEA,Block_TC,AC50,5.411,UNRESOLVED,EXTRACTED,Numeric 1-100 role unclear,Vopex,False,True,VISIBLE_CRITICAL_PATH
D07560CA6C1A762716E1927A130E7CA697DB0AB9BDA8E8A33C7A0ACBB6FDBFEA,Block_TC,B51,1.8636,UNRESOLVED,EXTRACTED,Numeric 1-100 role unclear,,False,True,VISIBLE_CRITICAL_PATH
D07560CA6C1A762716E1927A130E7CA697DB0AB9BDA8E8A33C7A0ACBB6FDBFEA,Block_TC_Gas,EP1,0.1,UNRESOLVED,EXTRACTED,Fractional literal without strong input evidence,Abandonment,False,True,VISIBLE_CRITICAL_PATH
D07560CA6C1A762716E1927A130E7CA697DB0AB9BDA8E8A33C7A0ACBB6FDBFEA,Block_TC_Gas,FS3,0,DEFAULT_STRUCTURAL_VALUE,EXTRACTED,Zero literal; not INPUT without further evidence,$mm,False,True,VISIBLE_CRITICAL_PATH
D07560CA6C1A762716E1927A130E7CA697DB0AB9BDA8E8A33C7A0ACBB6FDBFEA,Block_TC_Gas,A4,2023,ASSUMPTION,UNDERSTOOD,Year-like integer; labels=field name:,FIELD NAME:,False,True,VISIBLE_CRITICAL_PATH
D07560CA6C1A762716E1927A130E7CA697DB0AB9BDA8E8A33C7A0ACBB6FDBFEA,Block_TC_Gas,C7,0,DEFAULT_STRUCTURAL_VALUE,EXTRACTED,Zero literal; not INPUT without further evidence,$mm,False,True,VISIBLE_CRITICAL_PATH
D07560CA6C1A762716E1927A130E7CA697DB0AB9BDA8E8A33C7A0ACBB6FDBFEA,Block_TC_Gas,D7,17.2161008551775,UNRESOLVED,EXTRACTED,Numeric 1-100 role unclear,$mm,False,True,VISIBLE_CRITICAL_PATH
D07560CA6C1A762716E1927A130E7CA697DB0AB9BDA8E8A33C7A0ACBB6FDBFEA,Block_TC_Gas,C8,0,DEFAULT_STRUCTURAL_VALUE,EXTRACTED,Zero literal; not INPUT without further evidence,$mm,False,True,VISIBLE_CRITICAL_PATH
D07560CA6C1A762716E1927A130E7CA697DB0AB9BDA8E8A33C7A0ACBB6FDBFEA,Block_TC_Gas,D8,105.854509815951,ASSUMPTION,UNDERSTOOD,Economic magnitude with label; labels=$mm,$mm,False,True,VISIBLE_CRITICAL_PATH
D07560CA6C1A762716E1927A130E7CA697DB0AB9BDA8E8A33C7A0ACBB6FDBFEA,Block_TC_Gas,C9,0,DEFAULT_STRUCTURAL_VALUE,EXTRACTED,Zero literal; not INPUT without further evidence,$mm,False,True,VISIBLE_CRITICAL_PATH
D07560CA6C1A762716E1927A130E7CA697DB0AB9BDA8E8A33C7A0ACBB6FDBFEA,Block_TC_Gas,D9,266.173490009295,ASSUMPTION,UNDERSTOOD,Economic magnitude with label; labels=$mm,$mm,False,True,VISIBLE_CRITICAL_PATH
D07560CA6C1A762716E1927A130E7CA697DB0AB9BDA8E8A33C7A0ACBB6FDBFEA,Block_TC_Gas,E9,29.9158686888834,UNRESOLVED,EXTRACTED,Numeric 1-100 role unclear,$mm,False,True,VISIBLE_CRITICAL_PATH
D07560CA6C1A762716E1927A130E7CA697DB0AB9BDA8E8A33C7A0ACBB6FDBFEA,Block_TC_Gas,C10,383.733861195064,UNRESOLVED,EXTRACTED,Numeric magnitude; role unclear without further evidence,,False,True,VISIBLE_CRITICAL_PATH
D07560CA6C1A762716E1927A130E7CA697DB0AB9BDA8E8A33C7A0ACBB6FDBFEA,Block_TC_Gas,D10,547.806248373304,UNRESOLVED,EXTRACTED,Numeric magnitude; role unclear without further evidence,,False,True,VISIBLE_CRITICAL_PATH
D07560CA6C1A762716E1927A130E7CA697DB0AB9BDA8E8A33C7A0ACBB6FDBFEA,Block_TC_Gas,E10,32.7865314136963,UNRESOLVED,EXTRACTED,Numeric 1-100 role unclear,,False,True,VISIBLE_CRITICAL_PATH
D07560CA6C1A762716E1927A130E7CA697DB0AB9BDA8E8A33C7A0ACBB6FDBFEA,Block_TC_Gas,C11,446.033019603494,UNRESOLVED,EXTRACTED,Numeric magnitude; role unclear without further evidence,,False,True,VISIBLE_CRITICAL_PATH
D07560CA6C1A762716E1927A130E7CA697DB0AB9BDA8E8A33C7A0ACBB6FDBFEA,Block_TC_Gas,D11,815.112388882692,UNRESOLVED,EXTRACTED,Numeric magnitude; role unclear without further evidence,,False,True,VISIBLE_CRITICAL_PATH
D07560CA6C1A762716E1927A130E7CA697DB0AB9BDA8E8A33C7A0ACBB6FDBFEA,Block_TC_Gas,E11,38.6252788610571,UNRESOLVED,EXTRACTED,Numeric 1-100 role unclear,,False,True,VISIBLE_CRITICAL_PATH
D07560CA6C1A762716E1927A130E7CA697DB0AB9BDA8E8A33C7A0ACBB6FDBFEA,Block_TC_Gas,C12,65.3569943158187,UNRESOLVED,EXTRACTED,Numeric 1-100 role unclear,,False,True,VISIBLE_CRITICAL_PATH
D07560CA6C1A762716E1927A130E7CA697DB0AB9BDA8E8A33C7A0ACBB6FDBFEA,Block_TC_Gas,D12,108.070738055401,UNRESOLVED,EXTRACTED,Numeric magnitude; role unclear without further evidence,,False,True,VISIBLE_CRITICAL_PATH
D07560CA6C1A762716E1927A130E7CA697DB0AB9BDA8E8A33C7A0ACBB6FDBFEA,Block_TC_Gas,E12,48.7275155718873,UNRESOLVED,EXTRACTED,Numeric 1-100 role unclear,,False,True,VISIBLE_CRITICAL_PATH
D07560CA6C1A762716E1927A130E7CA697DB0AB9BDA8E8A33C7A0ACBB6FDBFEA,Block_TC_Gas,C13,0,DEFAULT_STRUCTURAL_VALUE,EXTRACTED,Zero literal; not INPUT without further evidence,,False,True,VISIBLE_CRITICAL_PATH
D07560CA6C1A762716E1927A130E7CA697DB0AB9BDA8E8A33C7A0ACBB6FDBFEA,Block_TC_Gas,D13,0,DEFAULT_STRUCTURAL_VALUE,EXTRACTED,Zero literal; not INPUT without further evidence,,False,True,VISIBLE_CRITICAL_PATH
D07560CA6C1A762716E1927A130E7CA697DB0AB9BDA8E8A33C7A0ACBB6FDBFEA,Block_TC_Gas,E13,47.0892877865891,UNRESOLVED,EXTRACTED,Numeric 1-100 role unclear,,False,True,VISIBLE_CRITICAL_PATH
D07560CA6C1A762716E1927A130E7CA697DB0AB9BDA8E8A33C7A0ACBB6FDBFEA,Block_TC_Gas,C14,0,DEFAULT_STRUCTURAL_VALUE,EXTRACTED,Zero literal; not INPUT without further evidence,,False,True,VISIBLE_CRITICAL_PATH
D07560CA6C1A762716E1927A130E7CA697DB0AB9BDA8E8A33C7A0ACBB6FDBFEA,Block_TC_Gas,D14,0,DEFAULT_STRUCTURAL_VALUE,EXTRACTED,Zero literal; not INPUT without further evidence,,False,True,VISIBLE_CRITICAL_PATH
D07560CA6C1A762716E1927A130E7CA697DB0AB9BDA8E8A33C7A0ACBB6FDBFEA,Block_TC_Gas,E14,43.6240338308585,UNRESOLVED,EXTRACTED,Numeric 1-100 role unclear,,False,True,VISIBLE_CRITICAL_PATH
D07560CA6C1A762716E1927A130E7CA697DB0AB9BDA8E8A33C7A0ACBB6FDBFEA,Block_TC_Gas,C15,152.499653403577,UNRESOLVED,EXTRACTED,Numeric magnitude; role unclear without further evidence,,False,True,VISIBLE_CRITICAL_PATH
D07560CA6C1A762716E1927A130E7CA697DB0AB9BDA8E8A33C7A0ACBB6FDBFEA,Block_TC_Gas,D15,0,DEFAULT_STRUCTURAL_VALUE,EXTRACTED,Zero literal; not INPUT without further evidence,,False,True,VISIBLE_CRITICAL_PATH
D07560CA6C1A762716E1927A130E7CA697DB0AB9BDA8E8A33C7A0ACBB6FDBFEA,Block_TC_Gas,E15,54.9022813976653,UNRESOLVED,EXTRACTED,Numeric 1-100 role unclear,,False,True,VISIBLE_CRITICAL_PATH
D07560CA6C1A762716E1927A130E7CA697DB0AB9BDA8E8A33C7A0ACBB6FDBFEA,Block_TC_Gas,E16,50.2693169404138,UNRESOLVED,EXTRACTED,Numeric 1-100 role unclear,,False,True,VISIBLE_CRITICAL_PATH
D07560CA6C1A762716E1927A130E7CA697DB0AB9BDA8E8A33C7A0ACBB6FDBFEA,Block_TC_Gas,E17,45.009409880409,UNRESOLVED,EXTRACTED,Numeric 1-100 role unclear,,False,True,VISIBLE_CRITICAL_PATH
D07560CA6C1A762716E1927A130E7CA697DB0AB9BDA8E8A33C7A0ACBB6FDBFEA,Block_TC_Gas,E18,40.7325979737673,UNRESOLVED,EXTRACTED,Numeric 1-100 role unclear,,False,True,VISIBLE_CRITICAL_PATH
D07560CA6C1A762716E1927A130E7CA697DB0AB9BDA8E8A33C7A0ACBB6FDBFEA,Block_TC_Gas,E19,37.0555582457606,UNRESOLVED,EXTRACTED,Numeric 1-100 role unclear,,False,True,VISIBLE_CRITICAL_PATH
D07560CA6C1A762716E1927A130E7CA697DB0AB9BDA8E8A33C7A0ACBB6FDBFEA,Block_TC_Gas,E20,33.8897395141511,UNRESOLVED,EXTRACTED,Numeric 1-100 role unclear,,False,True,VISIBLE_CRITICAL_PATH
D07560CA6C1A762716E1927A130E7CA697DB0AB9BDA8E8A33C7A0ACBB6FDBFEA,Block_TC_Gas,E21,33.5438180993356,UNRESOLVED,EXTRACTED,Numeric 1-100 role unclear,,False,True,VISIBLE_CRITICAL_PATH
D07560CA6C1A762716E1927A130E7CA697DB0AB9BDA8E8A33C7A0ACBB6FDBFEA,Block_TC_Gas,E22,33.5696945397357,UNRESOLVED,EXTRACTED,Numeric 1-100 role unclear,,False,True,VISIBLE_CRITICAL_PATH
D07560CA6C1A762716E1927A130E7CA697DB0AB9BDA8E8A33C7A0ACBB6FDBFEA,Block_TC_Gas,E23,26.7608107459149,UNRESOLVED,EXTRACTED,Numeric 1-100 role unclear,,False,True,VISIBLE_CRITICAL_PATH
D07560CA6C1A762716E1927A130E7CA697DB0AB9BDA8E8A33C7A0ACBB6FDBFEA,Block_TC_Gas,E24,24.7121842801856,UNRESOLVED,EXTRACTED,Numeric 1-100 role unclear,,False,True,VISIBLE_CRITICAL_PATH
D07560CA6C1A762716E1927A130E7CA697DB0AB9BDA8E8A33C7A0ACBB6FDBFEA,Block_TC_Gas,E25,20.8230617880644,UNRESOLVED,EXTRACTED,Numeric 1-100 role unclear,,False,True,VISIBLE_CRITICAL_PATH
D07560CA6C1A762716E1927A130E7CA697DB0AB9BDA8E8A33C7A0ACBB6FDBFEA,Block_TC_Gas,E26,19.3460179587535,UNRESOLVED,EXTRACTED,Numeric 1-100 role unclear,,False,True,VISIBLE_CRITICAL_PATH
D07560CA6C1A762716E1927A130E7CA697DB0AB9BDA8E8A33C7A0ACBB6FDBFEA,Block_TC_Gas,FF26,2.40142604677782,UNRESOLVED,EXTRACTED,Numeric 1-100 role unclear,,False,True,VISIBLE_CRITICAL_PATH
D07560CA6C1A762716E1927A130E7CA697DB0AB9BDA8E8A33C7A0ACBB6FDBFEA,Block_TC_Gas,E27,18.050245833919,UNRESOLVED,EXTRACTED,Numeric 1-100 role unclear,,False,True,VISIBLE_CRITICAL_PATH
D07560CA6C1A762716E1927A130E7CA697DB0AB9BDA8E8A33C7A0ACBB6FDBFEA,Block_TC_Gas,E28,15.4401747107056,UNRESOLVED,EXTRACTED,Numeric 1-100 role unclear,,False,True,VISIBLE_CRITICAL_PATH
D07560CA6C1A762716E1927A130E7CA697DB0AB9BDA8E8A33C7A0ACBB6FDBFEA,Block_TC_Gas,E29,14.6559066383314,UNRESOLVED,EXTRACTED,Numeric 1-100 role unclear,,False,True,VISIBLE_CRITICAL_PATH
D07560CA6C1A762716E1927A130E7CA697DB0AB9BDA8E8A33C7A0ACBB6FDBFEA,Block_TC_Gas,E30,13.9549761934943,UNRESOLVED,EXTRACTED,Numeric 1-100 role unclear,,False,True,VISIBLE_CRITICAL_PATH
D07560CA6C1A762716E1927A130E7CA697DB0AB9BDA8E8A33C7A0ACBB6FDBFEA,Block_TC_Gas,E31,13.3266712304737,UNRESOLVED,EXTRACTED,Numeric 1-100 role unclear,,False,True,VISIBLE_CRITICAL_PATH
D07560CA6C1A762716E1927A130E7CA697DB0AB9BDA8E8A33C7A0ACBB6FDBFEA,Block_TC_Gas,E32,12.7617925983319,UNRESOLVED,EXTRACTED,Numeric 1-100 role unclear,,False,True,VISIBLE_CRITICAL_PATH
D07560CA6C1A762716E1927A130E7CA697DB0AB9BDA8E8A33C7A0ACBB6FDBFEA,Block_TC_Gas,E33,0.280335151293015,UNRESOLVED,EXTRACTED,Fractional literal without strong input evidence,,False,True,VISIBLE_CRITICAL_PATH
D07560CA6C1A762716E1927A130E7CA697DB0AB9BDA8E8A33C7A0ACBB6FDBFEA,Block_TC_Gas,K49,0.02,UNRESOLVED,EXTRACTED,Fractional literal without strong input evidence,,False,True,VISIBLE_CRITICAL_PATH
D07560CA6C1A762716E1927A130E7CA697DB0AB9BDA8E8A33C7A0ACBB6FDBFEA,Block_TC_Gas,P49,0.02,UNRESOLVED,EXTRACTED,Fractional literal without strong input evidence,Fixed,False,True,VISIBLE_CRITICAL_PATH
D07560CA6C1A762716E1927A130E7CA697DB0AB9BDA8E8A33C7A0ACBB6FDBFEA,Block_TC_Gas,U49,0.01,UNRESOLVED,EXTRACTED,Fractional literal without strong input evidence,Fixed,False,True,VISIBLE_CRITICAL_PATH
D07560CA6C1A762716E1927A130E7CA697DB0AB9BDA8E8A33C7A0ACBB6FDBFEA,Block_TC_Gas,Z49,0.01,UNRESOLVED,EXTRACTED,Fractional literal without strong input evidence,Fixed,False,True,VISIBLE_CRITICAL_PATH
D07560CA6C1A762716E1927A130E7CA697DB0AB9BDA8E8A33C7A0ACBB6FDBFEA,Block_TC_Gas,P50,0.5,UNRESOLVED,EXTRACTED,Fractional literal without strong input evidence,Vopex,False,True,VISIBLE_CRITICAL_PATH
D07560CA6C1A762716E1927A130E7CA697DB0AB9BDA8E8A33C7A0ACBB6FDBFEA,Block_TC_Gas,U50,0.2,UNRESOLVED,EXTRACTED,Fractional literal without strong input evidence,Vopex,False,True,VISIBLE_CRITICAL_PATH
D07560CA6C1A762716E1927A130E7CA697DB0AB9BDA8E8A33C7A0ACBB6FDBFEA,Block_TC_Gas,Z50,0.9925,UNRESOLVED,EXTRACTED,Fractional literal without strong input evidence,Vopex,False,True,VISIBLE_CRITICAL_PATH
D07560CA6C1A762716E1927A130E7CA697DB0AB9BDA8E8A33C7A0ACBB6FDBFEA,Block_TC_Gas,DS63,14.1727843333333,UNRESOLVED,EXTRACTED,Numeric 1-100 role unclear,,False,True,VISIBLE_CRITICAL_PATH
D07560CA6C1A762716E1927A130E7CA697DB0AB9BDA8E8A33C7A0ACBB6FDBFEA,Block_TC_Gas,DT63,42.4054686666667,UNRESOLVED,EXTRACTED,Numeric 1-100 role unclear,,False,True,VISIBLE_CRITICAL_PATH
D07560CA6C1A762716E1927A130E7CA697DB0AB9BDA8E8A33C7A0ACBB6FDBFEA,Cap_Allow,GX1,0,DEFAULT_STRUCTURAL_VALUE,EXTRACTED,Zero literal; not INPUT without further evidence,,False,True,VISIBLE_CRITICAL_PATH
D07560CA6C1A762716E1927A130E7CA697DB0AB9BDA8E8A33C7A0ACBB6FDBFEA,Cap_Allow,HA1,5,UNRESOLVED,EXTRACTED,Numeric 1-100 role unclear,Life,False,True,VISIBLE_CRITICAL_PATH
D07560CA6C1A762716E1927A130E7CA697DB0AB9BDA8E8A33C7A0ACBB6FDBFEA,Cap_Allow,FS2,0,DEFAULT_STRUCTURAL_VALUE,EXTRACTED,Zero literal; not INPUT without further evidence,Capital Allowance Rates,False,True,VISIBLE_CRITICAL_PATH
D07560CA6C1A762716E1927A130E7CA697DB0AB9BDA8E8A33C7A0ACBB6FDBFEA,Cap_Allow,FT2,1,UNRESOLVED,EXTRACTED,Numeric magnitude; role unclear without further evidence,Capital Allowance Rates,False,True,VISIBLE_CRITICAL_PATH
D07560CA6C1A762716E1927A130E7CA697DB0AB9BDA8E8A33C7A0ACBB6FDBFEA,Cap_Allow,FU2,2,ASSUMPTION,UNDERSTOOD,Percent-like with label; labels=capital allowance rates,Capital Allowance Rates,False,True,VISIBLE_CRITICAL_PATH
D07560CA6C1A762716E1927A130E7CA697DB0AB9BDA8E8A33C7A0ACBB6FDBFEA,Cap_Allow,FV2,3,ASSUMPTION,UNDERSTOOD,Percent-like with label; labels=capital allowance rates,Capital Allowance Rates,False,True,VISIBLE_CRITICAL_PATH
D07560CA6C1A762716E1927A130E7CA697DB0AB9BDA8E8A33C7A0ACBB6FDBFEA,Cap_Allow,FW2,4,ASSUMPTION,UNDERSTOOD,Percent-like with label; labels=capital allowance rates,Capital Allowance Rates,False,True,VISIBLE_CRITICAL_PATH
D07560CA6C1A762716E1927A130E7CA697DB0AB9BDA8E8A33C7A0ACBB6FDBFEA,Cap_Allow,FX2,5,ASSUMPTION,UNDERSTOOD,Percent-like with label; labels=capital allowance rates,Capital Allowance Rates,False,True,VISIBLE_CRITICAL_PATH
D07560CA6C1A762716E1927A130E7CA697DB0AB9BDA8E8A33C7A0ACBB6FDBFEA,Cap_Allow,FY2,6,UNRESOLVED,EXTRACTED,Numeric 1-100 role unclear,,False,True,VISIBLE_CRITICAL_PATH
D07560CA6C1A762716E1927A130E7CA697DB0AB9BDA8E8A33C7A0ACBB6FDBFEA,Cap_Allow,FZ2,7,UNRESOLVED,EXTRACTED,Numeric 1-100 role unclear,,False,True,VISIBLE_CRITICAL_PATH
D07560CA6C1A762716E1927A130E7CA697DB0AB9BDA8E8A33C7A0ACBB6FDBFEA,Cap_Allow,GA2,8,UNRESOLVED,EXTRACTED,Numeric 1-100 role unclear,,False,True,VISIBLE_CRITICAL_PATH
D07560CA6C1A762716E1927A130E7CA697DB0AB9BDA8E8A33C7A0ACBB6FDBFEA,Cap_Allow,GB2,9,UNRESOLVED,EXTRACTED,Numeric 1-100 role unclear,,False,True,VISIBLE_CRITICAL_PATH
D07560CA6C1A762716E1927A130E7CA697DB0AB9BDA8E8A33C7A0ACBB6FDBFEA,Cap_Allow,GC2,10,UNRESOLVED,EXTRACTED,Numeric 1-100 role unclear,,False,True,VISIBLE_CRITICAL_PATH
D07560CA6C1A762716E1927A130E7CA697DB0AB9BDA8E8A33C7A0ACBB6FDBFEA,Cap_Allow,GD2,11,UNRESOLVED,EXTRACTED,Numeric 1-100 role unclear,,False,True,VISIBLE_CRITICAL_PATH
D07560CA6C1A762716E1927A130E7CA697DB0AB9BDA8E8A33C7A0ACBB6FDBFEA,Cap_Allow,GE2,12,UNRESOLVED,EXTRACTED,Numeric 1-100 role unclear,,False,True,VISIBLE_CRITICAL_PATH
D07560CA6C1A762716E1927A130E7CA697DB0AB9BDA8E8A33C7A0ACBB6FDBFEA,Cap_Allow,GF2,13,UNRESOLVED,EXTRACTED,Numeric 1-100 role unclear,,False,True,VISIBLE_CRITICAL_PATH
D07560CA6C1A762716E1927A130E7CA697DB0AB9BDA8E8A33C7A0ACBB6FDBFEA,Cap_Allow,GG2,14,UNRESOLVED,EXTRACTED,Numeric 1-100 role unclear,,False,True,VISIBLE_CRITICAL_PATH
D07560CA6C1A762716E1927A130E7CA697DB0AB9BDA8E8A33C7A0ACBB6FDBFEA,Cap_Allow,GH2,15,UNRESOLVED,EXTRACTED,Numeric 1-100 role unclear,,False,True,VISIBLE_CRITICAL_PATH
D07560CA6C1A762716E1927A130E7CA697DB0AB9BDA8E8A33C7A0ACBB6FDBFEA,Cap_Allow,GI2,16,UNRESOLVED,EXTRACTED,Numeric 1-100 role unclear,,False,True,VISIBLE_CRITICAL_PATH
D07560CA6C1A762716E1927A130E7CA697DB0AB9BDA8E8A33C7A0ACBB6FDBFEA,Cap_Allow,GJ2,17,UNRESOLVED,EXTRACTED,Numeric 1-100 role unclear,,False,True,VISIBLE_CRITICAL_PATH
D07560CA6C1A762716E1927A130E7CA697DB0AB9BDA8E8A33C7A0ACBB6FDBFEA,Cap_Allow,GK2,18,UNRESOLVED,EXTRACTED,Numeric 1-100 role unclear,,False,True,VISIBLE_CRITICAL_PATH
D07560CA6C1A762716E1927A130E7CA697DB0AB9BDA8E8A33C7A0ACBB6FDBFEA,Cap_Allow,GL2,19,UNRESOLVED,EXTRACTED,Numeric 1-100 role unclear,,False,True,VISIBLE_CRITICAL_PATH
D07560CA6C1A762716E1927A130E7CA697DB0AB9BDA8E8A33C7A0ACBB6FDBFEA,Cap_Allow,GM2,20,UNRESOLVED,EXTRACTED,Numeric 1-100 role unclear,,False,True,VISIBLE_CRITICAL_PATH
D07560CA6C1A762716E1927A130E7CA697DB0AB9BDA8E8A33C7A0ACBB6FDBFEA,Cap_Allow,GN2,21,UNRESOLVED,EXTRACTED,Numeric 1-100 role unclear,,False,True,VISIBLE_CRITICAL_PATH
D07560CA6C1A762716E1927A130E7CA697DB0AB9BDA8E8A33C7A0ACBB6FDBFEA,Cap_Allow,GO2,22,UNRESOLVED,EXTRACTED,Numeric 1-100 role unclear,,False,True,VISIBLE_CRITICAL_PATH
D07560CA6C1A762716E1927A130E7CA697DB0AB9BDA8E8A33C7A0ACBB6FDBFEA,Cap_Allow,GP2,23,UNRESOLVED,EXTRACTED,Numeric 1-100 role unclear,,False,True,VISIBLE_CRITICAL_PATH
D07560CA6C1A762716E1927A130E7CA697DB0AB9BDA8E8A33C7A0ACBB6FDBFEA,Cap_Allow,GQ2,24,UNRESOLVED,EXTRACTED,Numeric 1-100 role unclear,,False,True,VISIBLE_CRITICAL_PATH
D07560CA6C1A762716E1927A130E7CA697DB0AB9BDA8E8A33C7A0ACBB6FDBFEA,Cap_Allow,GR2,25,UNRESOLVED,EXTRACTED,Numeric 1-100 role unclear,,False,True,VISIBLE_CRITICAL_PATH
D07560CA6C1A762716E1927A130E7CA697DB0AB9BDA8E8A33C7A0ACBB6FDBFEA,Cap_Allow,GS2,26,UNRESOLVED,EXTRACTED,Numeric 1-100 role unclear,,False,True,VISIBLE_CRITICAL_PATH
D07560CA6C1A762716E1927A130E7CA697DB0AB9BDA8E8A33C7A0ACBB6FDBFEA,Cap_Allow,GT2,27,UNRESOLVED,EXTRACTED,Numeric 1-100 role unclear,,False,True,VISIBLE_CRITICAL_PATH
D07560CA6C1A762716E1927A130E7CA697DB0AB9BDA8E8A33C7A0ACBB6FDBFEA,Cap_Allow,GU2,28,UNRESOLVED,EXTRACTED,Numeric 1-100 role unclear,,False,True,VISIBLE_CRITICAL_PATH
D07560CA6C1A762716E1927A130E7CA697DB0AB9BDA8E8A33C7A0ACBB6FDBFEA,Cap_Allow,GV2,29,UNRESOLVED,EXTRACTED,Numeric 1-100 role unclear,,False,True,VISIBLE_CRITICAL_PATH
D07560CA6C1A762716E1927A130E7CA697DB0AB9BDA8E8A33C7A0ACBB6FDBFEA,Cap_Allow,A4,2002,ASSUMPTION,UNDERSTOOD,Year-like integer; labels=field name:,FIELD NAME:,False,True,VISIBLE_CRITICAL_PATH
D07560CA6C1A762716E1927A130E7CA697DB0AB9BDA8E8A33C7A0ACBB6FDBFEA,Cap_Allow,A5,2003,ASSUMPTION,UNDERSTOOD,Year-like integer; labels=field name:,FIELD NAME:,False,True,VISIBLE_CRITICAL_PATH
D07560CA6C1A762716E1927A130E7CA697DB0AB9BDA8E8A33C7A0ACBB6FDBFEA,Cap_Allow,FR5,0.2,ASSUMPTION,UNDERSTOOD,Fractional with label/DV; labels=%,%,False,True,VISIBLE_CRITICAL_PATH
D07560CA6C1A762716E1927A130E7CA697DB0AB9BDA8E8A33C7A0ACBB6FDBFEA,Cap_Allow,A6,2004,ASSUMPTION,UNDERSTOOD,Year-like integer; labels=field name:,FIELD NAME:,False,True,VISIBLE_CRITICAL_PATH
D07560CA6C1A762716E1927A130E7CA697DB0AB9BDA8E8A33C7A0ACBB6FDBFEA,Cap_Allow,FR6,0.2,ASSUMPTION,UNDERSTOOD,Fractional with label/DV; labels=%,%,False,True,VISIBLE_CRITICAL_PATH
D07560CA6C1A762716E1927A130E7CA697DB0AB9BDA8E8A33C7A0ACBB6FDBFEA,Cap_Allow,A7,2005,ASSUMPTION,UNDERSTOOD,Year-like integer; labels=field name:,FIELD NAME:,False,True,VISIBLE_CRITICAL_PATH
D07560CA6C1A762716E1927A130E7CA697DB0AB9BDA8E8A33C7A0ACBB6FDBFEA,Cap_Allow,FR7,0.2,ASSUMPTION,UNDERSTOOD,Fractional with label/DV; labels=%,%,False,True,VISIBLE_CRITICAL_PATH
D07560CA6C1A762716E1927A130E7CA697DB0AB9BDA8E8A33C7A0ACBB6FDBFEA,Cap_Allow,A8,2006,ASSUMPTION,EXTRACTED,Year-like integer; labels=,,False,True,VISIBLE_CRITICAL_PATH
D07560CA6C1A762716E1927A130E7CA697DB0AB9BDA8E8A33C7A0ACBB6FDBFEA,Cap_Allow,FR8,0.2,ASSUMPTION,UNDERSTOOD,Fractional with label/DV; labels=%,%,False,True,VISIBLE_CRITICAL_PATH
D07560CA6C1A762716E1927A130E7CA697DB0AB9BDA8E8A33C7A0ACBB6FDBFEA,Cap_Allow,A9,2007,ASSUMPTION,EXTRACTED,Year-like integer; labels=,,False,True,VISIBLE_CRITICAL_PATH
D07560CA6C1A762716E1927A130E7CA697DB0AB9BDA8E8A33C7A0ACBB6FDBFEA,Cap_Allow,FR9,0.19,ASSUMPTION,UNDERSTOOD,Fractional with label/DV; labels=%,%,False,True,VISIBLE_CRITICAL_PATH
D07560CA6C1A762716E1927A130E7CA697DB0AB9BDA8E8A33C7A0ACBB6FDBFEA,Cap_Allow,A10,2008,ASSUMPTION,EXTRACTED,Year-like integer; labels=,,False,True,VISIBLE_CRITICAL_PATH
D07560CA6C1A762716E1927A130E7CA697DB0AB9BDA8E8A33C7A0ACBB6FDBFEA,Cap_Allow,A11,2009,ASSUMPTION,EXTRACTED,Year-like integer; labels=,,False,True,VISIBLE_CRITICAL_PATH
D07560CA6C1A762716E1927A130E7CA697DB0AB9BDA8E8A33C7A0ACBB6FDBFEA,Cap_Allow,A12,2010,ASSUMPTION,EXTRACTED,Year-like integer; labels=,,False,True,VISIBLE_CRITICAL_PATH
D07560CA6C1A762716E1927A130E7CA697DB0AB9BDA8E8A33C7A0ACBB6FDBFEA,Cap_Allow,A13,2011,ASSUMPTION,EXTRACTED,Year-like integer; labels=,,False,True,VISIBLE_CRITICAL_PATH
D07560CA6C1A762716E1927A130E7CA697DB0AB9BDA8E8A33C7A0ACBB6FDBFEA,Cap_Allow,A14,2012,ASSUMPTION,EXTRACTED,Year-like integer; labels=,,False,True,VISIBLE_CRITICAL_PATH
D07560CA6C1A762716E1927A130E7CA697DB0AB9BDA8E8A33C7A0ACBB6FDBFEA,Cap_Allow,A15,2013,ASSUMPTION,EXTRACTED,Year-like integer; labels=,,False,True,VISIBLE_CRITICAL_PATH
D07560CA6C1A762716E1927A130E7CA697DB0AB9BDA8E8A33C7A0ACBB6FDBFEA,Cap_Allow,A16,2014,ASSUMPTION,EXTRACTED,Year-like integer; labels=,,False,True,VISIBLE_CRITICAL_PATH
D07560CA6C1A762716E1927A130E7CA697DB0AB9BDA8E8A33C7A0ACBB6FDBFEA,Cap_Allow,A17,2015,ASSUMPTION,EXTRACTED,Year-like integer; labels=,,False,True,VISIBLE_CRITICAL_PATH
D07560CA6C1A762716E1927A130E7CA697DB0AB9BDA8E8A33C7A0ACBB6FDBFEA,Cap_Allow,A18,2016,ASSUMPTION,EXTRACTED,Year-like integer; labels=,,False,True,VISIBLE_CRITICAL_PATH
D07560CA6C1A762716E1927A130E7CA697DB0AB9BDA8E8A33C7A0ACBB6FDBFEA,Cap_Allow,A19,2017,ASSUMPTION,EXTRACTED,Year-like integer; labels=,,False,True,VISIBLE_CRITICAL_PATH
D07560CA6C1A762716E1927A130E7CA697DB0AB9BDA8E8A33C7A0ACBB6FDBFEA,Cap_Allow,A20,2018,ASSUMPTION,EXTRACTED,Year-like integer; labels=,,False,True,VISIBLE_CRITICAL_PATH
D07560CA6C1A762716E1927A130E7CA697DB0AB9BDA8E8A33C7A0ACBB6FDBFEA,Cap_Allow,A21,2019,ASSUMPTION,EXTRACTED,Year-like integer; labels=,,False,True,VISIBLE_CRITICAL_PATH
D07560CA6C1A762716E1927A130E7CA697DB0AB9BDA8E8A33C7A0ACBB6FDBFEA,Cap_Allow,A22,2020,ASSUMPTION,EXTRACTED,Year-like integer; labels=,,False,True,VISIBLE_CRITICAL_PATH
D07560CA6C1A762716E1927A130E7CA697DB0AB9BDA8E8A33C7A0ACBB6FDBFEA,Cap_Allow,A23,2021,ASSUMPTION,EXTRACTED,Year-like integer; labels=,,False,True,VISIBLE_CRITICAL_PATH
D07560CA6C1A762716E1927A130E7CA697DB0AB9BDA8E8A33C7A0ACBB6FDBFEA,Cap_Allow,A24,2022,ASSUMPTION,EXTRACTED,Year-like integer; labels=,,False,True,VISIBLE_CRITICAL_PATH
D07560CA6C1A762716E1927A130E7CA697DB0AB9BDA8E8A33C7A0ACBB6FDBFEA,Cap_Allow,A25,2023,ASSUMPTION,EXTRACTED,Year-like integer; labels=,,False,True,VISIBLE_CRITICAL_PATH
D07560CA6C1A762716E1927A130E7CA697DB0AB9BDA8E8A33C7A0ACBB6FDBFEA,Cap_Allow,A26,2024,ASSUMPTION,EXTRACTED,Year-like integer; labels=,,False,True,VISIBLE_CRITICAL_PATH
D07560CA6C1A762716E1927A130E7CA697DB0AB9BDA8E8A33C7A0ACBB6FDBFEA,Cap_Allow,A27,2025,ASSUMPTION,EXTRACTED,Year-like integer; labels=,,False,True,VISIBLE_CRITICAL_PATH
D07560CA6C1A762716E1927A130E7CA697DB0AB9BDA8E8A33C7A0ACBB6FDBFEA,Cap_Allow,A28,2026,ASSUMPTION,EXTRACTED,Year-like integer; labels=,,False,True,VISIBLE_CRITICAL_PATH
D07560CA6C1A762716E1927A130E7CA697DB0AB9BDA8E8A33C7A0ACBB6FDBFEA,Cap_Allow,A29,2027,ASSUMPTION,EXTRACTED,Year-like integer; labels=,,False,True,VISIBLE_CRITICAL_PATH
D07560CA6C1A762716E1927A130E7CA697DB0AB9BDA8E8A33C7A0ACBB6FDBFEA,Cap_Allow,A30,2028,ASSUMPTION,EXTRACTED,Year-like integer; labels=,,False,True,VISIBLE_CRITICAL_PATH
D07560CA6C1A762716E1927A130E7CA697DB0AB9BDA8E8A33C7A0ACBB6FDBFEA,Cap_Allow,A31,2029,ASSUMPTION,EXTRACTED,Year-like integer; labels=,,False,True,VISIBLE_CRITICAL_PATH
D07560CA6C1A762716E1927A130E7CA697DB0AB9BDA8E8A33C7A0ACBB6FDBFEA,Cap_Allow,A32,2030,ASSUMPTION,EXTRACTED,Year-like integer; labels=,,False,True,VISIBLE_CRITICAL_PATH
D07560CA6C1A762716E1927A130E7CA697DB0AB9BDA8E8A33C7A0ACBB6FDBFEA,Cap_Allow,A33,2031,ASSUMPTION,EXTRACTED,Year-like integer; labels=,,False,True,VISIBLE_CRITICAL_PATH
D07560CA6C1A762716E1927A130E7CA697DB0AB9BDA8E8A33C7A0ACBB6FDBFEA,Cap_Allow,A34,2032,ASSUMPTION,EXTRACTED,Year-like integer; labels=,,False,True,VISIBLE_CRITICAL_PATH
D07560CA6C1A762716E1927A130E7CA697DB0AB9BDA8E8A33C7A0ACBB6FDBFEA,Cap_Allow,A35,2033,ASSUMPTION,EXTRACTED,Year-like integer; labels=,,False,True,VISIBLE_CRITICAL_PATH
D07560CA6C1A762716E1927A130E7CA697DB0AB9BDA8E8A33C7A0ACBB6FDBFEA,Cap_Allow,A36,2034,ASSUMPTION,EXTRACTED,Year-like integer; labels=,,False,True,VISIBLE_CRITICAL_PATH
D07560CA6C1A762716E1927A130E7CA697DB0AB9BDA8E8A33C7A0ACBB6FDBFEA,Cap_Allow,A37,2035,ASSUMPTION,EXTRACTED,Year-like integer; labels=,,False,True,VISIBLE_CRITICAL_PATH
D07560CA6C1A762716E1927A130E7CA697DB0AB9BDA8E8A33C7A0ACBB6FDBFEA,Cap_Allow,A38,2036,ASSUMPTION,EXTRACTED,Year-like integer; labels=,,False,True,VISIBLE_CRITICAL_PATH
D07560CA6C1A762716E1927A130E7CA697DB0AB9BDA8E8A33C7A0ACBB6FDBFEA,Cap_Allow,A39,2037,ASSUMPTION,EXTRACTED,Year-like integer; labels=,,False,True,VISIBLE_CRITICAL_PATH
D07560CA6C1A762716E1927A130E7CA697DB0AB9BDA8E8A33C7A0ACBB6FDBFEA,Cap_Allow,A40,2038,ASSUMPTION,EXTRACTED,Year-like integer; labels=,,False,True,VISIBLE_CRITICAL_PATH
D07560CA6C1A762716E1927A130E7CA697DB0AB9BDA8E8A33C7A0ACBB6FDBFEA,Cap_Allow,A41,2039,ASSUMPTION,EXTRACTED,Year-like integer; labels=,,False,True,VISIBLE_CRITICAL_PATH
D07560CA6C1A762716E1927A130E7CA697DB0AB9BDA8E8A33C7A0ACBB6FDBFEA,Cap_Allow,A42,2040,ASSUMPTION,EXTRACTED,Year-like integer; labels=,,False,True,VISIBLE_CRITICAL_PATH
D07560CA6C1A762716E1927A130E7CA697DB0AB9BDA8E8A33C7A0ACBB6FDBFEA,Cap_Allow,A43,2041,ASSUMPTION,EXTRACTED,Year-like integer; labels=,,False,True,VISIBLE_CRITICAL_PATH
D07560CA6C1A762716E1927A130E7CA697DB0AB9BDA8E8A33C7A0ACBB6FDBFEA,Cap_Allow,A44,2042,ASSUMPTION,EXTRACTED,Year-like integer; labels=,,False,True,VISIBLE_CRITICAL_PATH
D07560CA6C1A762716E1927A130E7CA697DB0AB9BDA8E8A33C7A0ACBB6FDBFEA,Cap_Allow,A45,2043,ASSUMPTION,EXTRACTED,Year-like integer; labels=,,False,True,VISIBLE_CRITICAL_PATH
D07560CA6C1A762716E1927A130E7CA697DB0AB9BDA8E8A33C7A0ACBB6FDBFEA,Cap_Allow Gas,GX1,0,DEFAULT_STRUCTURAL_VALUE,EXTRACTED,Zero literal; not INPUT without further evidence,,False,True,VISIBLE_CRITICAL_PATH
D07560CA6C1A762716E1927A130E7CA697DB0AB9BDA8E8A33C7A0ACBB6FDBFEA,Cap_Allow Gas,HA1,5,UNRESOLVED,EXTRACTED,Numeric 1-100 role unclear,Life,False,True,VISIBLE_CRITICAL_PATH
D07560CA6C1A762716E1927A130E7CA697DB0AB9BDA8E8A33C7A0ACBB6FDBFEA,Cap_Allow Gas,FS2,0,DEFAULT_STRUCTURAL_VALUE,EXTRACTED,Zero literal; not INPUT without further evidence,Capital Allowance Rates,False,True,VISIBLE_CRITICAL_PATH
D07560CA6C1A762716E1927A130E7CA697DB0AB9BDA8E8A33C7A0ACBB6FDBFEA,Cap_Allow Gas,FT2,1,UNRESOLVED,EXTRACTED,Numeric magnitude; role unclear without further evidence,Capital Allowance Rates,False,True,VISIBLE_CRITICAL_PATH
D07560CA6C1A762716E1927A130E7CA697DB0AB9BDA8E8A33C7A0ACBB6FDBFEA,Cap_Allow Gas,FU2,2,ASSUMPTION,UNDERSTOOD,Percent-like with label; labels=capital allowance rates,Capital Allowance Rates,False,True,VISIBLE_CRITICAL_PATH
D07560CA6C1A762716E1927A130E7CA697DB0AB9BDA8E8A33C7A0ACBB6FDBFEA,Cap_Allow Gas,FV2,3,ASSUMPTION,UNDERSTOOD,Percent-like with label; labels=capital allowance rates,Capital Allowance Rates,False,True,VISIBLE_CRITICAL_PATH
D07560CA6C1A762716E1927A130E7CA697DB0AB9BDA8E8A33C7A0ACBB6FDBFEA,Cap_Allow Gas,FW2,4,ASSUMPTION,UNDERSTOOD,Percent-like with label; labels=capital allowance rates,Capital Allowance Rates,False,True,VISIBLE_CRITICAL_PATH
D07560CA6C1A762716E1927A130E7CA697DB0AB9BDA8E8A33C7A0ACBB6FDBFEA,Cap_Allow Gas,FX2,5,ASSUMPTION,UNDERSTOOD,Percent-like with label; labels=capital allowance rates,Capital Allowance Rates,False,True,VISIBLE_CRITICAL_PATH
D07560CA6C1A762716E1927A130E7CA697DB0AB9BDA8E8A33C7A0ACBB6FDBFEA,Cap_Allow Gas,FY2,6,UNRESOLVED,EXTRACTED,Numeric 1-100 role unclear,,False,True,VISIBLE_CRITICAL_PATH
D07560CA6C1A762716E1927A130E7CA697DB0AB9BDA8E8A33C7A0ACBB6FDBFEA,Cap_Allow Gas,FZ2,7,UNRESOLVED,EXTRACTED,Numeric 1-100 role unclear,,False,True,VISIBLE_CRITICAL_PATH
D07560CA6C1A762716E1927A130E7CA697DB0AB9BDA8E8A33C7A0ACBB6FDBFEA,Cap_Allow Gas,GA2,8,UNRESOLVED,EXTRACTED,Numeric 1-100 role unclear,,False,True,VISIBLE_CRITICAL_PATH
D07560CA6C1A762716E1927A130E7CA697DB0AB9BDA8E8A33C7A0ACBB6FDBFEA,Cap_Allow Gas,GB2,9,UNRESOLVED,EXTRACTED,Numeric 1-100 role unclear,,False,True,VISIBLE_CRITICAL_PATH
D07560CA6C1A762716E1927A130E7CA697DB0AB9BDA8E8A33C7A0ACBB6FDBFEA,Cap_Allow Gas,GC2,10,UNRESOLVED,EXTRACTED,Numeric 1-100 role unclear,,False,True,VISIBLE_CRITICAL_PATH
D07560CA6C1A762716E1927A130E7CA697DB0AB9BDA8E8A33C7A0ACBB6FDBFEA,Cap_Allow Gas,GD2,11,UNRESOLVED,EXTRACTED,Numeric 1-100 role unclear,,False,True,VISIBLE_CRITICAL_PATH
D07560CA6C1A762716E1927A130E7CA697DB0AB9BDA8E8A33C7A0ACBB6FDBFEA,Cap_Allow Gas,GE2,12,UNRESOLVED,EXTRACTED,Numeric 1-100 role unclear,,False,True,VISIBLE_CRITICAL_PATH
D07560CA6C1A762716E1927A130E7CA697DB0AB9BDA8E8A33C7A0ACBB6FDBFEA,Cap_Allow Gas,GF2,13,UNRESOLVED,EXTRACTED,Numeric 1-100 role unclear,,False,True,VISIBLE_CRITICAL_PATH
D07560CA6C1A762716E1927A130E7CA697DB0AB9BDA8E8A33C7A0ACBB6FDBFEA,Cap_Allow Gas,GG2,14,UNRESOLVED,EXTRACTED,Numeric 1-100 role unclear,,False,True,VISIBLE_CRITICAL_PATH
D07560CA6C1A762716E1927A130E7CA697DB0AB9BDA8E8A33C7A0ACBB6FDBFEA,Cap_Allow Gas,GH2,15,UNRESOLVED,EXTRACTED,Numeric 1-100 role unclear,,False,True,VISIBLE_CRITICAL_PATH
D07560CA6C1A762716E1927A130E7CA697DB0AB9BDA8E8A33C7A0ACBB6FDBFEA,Cap_Allow Gas,GI2,16,UNRESOLVED,EXTRACTED,Numeric 1-100 role unclear,,False,True,VISIBLE_CRITICAL_PATH
D07560CA6C1A762716E1927A130E7CA697DB0AB9BDA8E8A33C7A0ACBB6FDBFEA,Cap_Allow Gas,GJ2,17,UNRESOLVED,EXTRACTED,Numeric 1-100 role unclear,,False,True,VISIBLE_CRITICAL_PATH
D07560CA6C1A762716E1927A130E7CA697DB0AB9BDA8E8A33C7A0ACBB6FDBFEA,Cap_Allow Gas,GK2,18,UNRESOLVED,EXTRACTED,Numeric 1-100 role unclear,,False,True,VISIBLE_CRITICAL_PATH
D07560CA6C1A762716E1927A130E7CA697DB0AB9BDA8E8A33C7A0ACBB6FDBFEA,Cap_Allow Gas,GL2,19,UNRESOLVED,EXTRACTED,Numeric 1-100 role unclear,,False,True,VISIBLE_CRITICAL_PATH
D07560CA6C1A762716E1927A130E7CA697DB0AB9BDA8E8A33C7A0ACBB6FDBFEA,Cap_Allow Gas,GM2,20,UNRESOLVED,EXTRACTED,Numeric 1-100 role unclear,,False,True,VISIBLE_CRITICAL_PATH
D07560CA6C1A762716E1927A130E7CA697DB0AB9BDA8E8A33C7A0ACBB6FDBFEA,Cap_Allow Gas,GN2,21,UNRESOLVED,EXTRACTED,Numeric 1-100 role unclear,,False,True,VISIBLE_CRITICAL_PATH
D07560CA6C1A762716E1927A130E7CA697DB0AB9BDA8E8A33C7A0ACBB6FDBFEA,Cap_Allow Gas,GO2,22,UNRESOLVED,EXTRACTED,Numeric 1-100 role unclear,,False,True,VISIBLE_CRITICAL_PATH
D07560CA6C1A762716E1927A130E7CA697DB0AB9BDA8E8A33C7A0ACBB6FDBFEA,Cap_Allow Gas,GP2,23,UNRESOLVED,EXTRACTED,Numeric 1-100 role unclear,,False,True,VISIBLE_CRITICAL_PATH
D07560CA6C1A762716E1927A130E7CA697DB0AB9BDA8E8A33C7A0ACBB6FDBFEA,Cap_Allow Gas,GQ2,24,UNRESOLVED,EXTRACTED,Numeric 1-100 role unclear,,False,True,VISIBLE_CRITICAL_PATH
D07560CA6C1A762716E1927A130E7CA697DB0AB9BDA8E8A33C7A0ACBB6FDBFEA,Cap_Allow Gas,GR2,25,UNRESOLVED,EXTRACTED,Numeric 1-100 role unclear,,False,True,VISIBLE_CRITICAL_PATH
D07560CA6C1A762716E1927A130E7CA697DB0AB9BDA8E8A33C7A0ACBB6FDBFEA,Cap_Allow Gas,GS2,26,UNRESOLVED,EXTRACTED,Numeric 1-100 role unclear,,False,True,VISIBLE_CRITICAL_PATH
D07560CA6C1A762716E1927A130E7CA697DB0AB9BDA8E8A33C7A0ACBB6FDBFEA,Cap_Allow Gas,GT2,27,UNRESOLVED,EXTRACTED,Numeric 1-100 role unclear,,False,True,VISIBLE_CRITICAL_PATH
D07560CA6C1A762716E1927A130E7CA697DB0AB9BDA8E8A33C7A0ACBB6FDBFEA,Cap_Allow Gas,GU2,28,UNRESOLVED,EXTRACTED,Numeric 1-100 role unclear,,False,True,VISIBLE_CRITICAL_PATH
D07560CA6C1A762716E1927A130E7CA697DB0AB9BDA8E8A33C7A0ACBB6FDBFEA,Cap_Allow Gas,GV2,29,UNRESOLVED,EXTRACTED,Numeric 1-100 role unclear,,False,True,VISIBLE_CRITICAL_PATH
D07560CA6C1A762716E1927A130E7CA697DB0AB9BDA8E8A33C7A0ACBB6FDBFEA,Cap_Allow Gas,A4,2002,ASSUMPTION,UNDERSTOOD,Year-like integer; labels=field name:,FIELD NAME:,False,True,VISIBLE_CRITICAL_PATH
D07560CA6C1A762716E1927A130E7CA697DB0AB9BDA8E8A33C7A0ACBB6FDBFEA,Cap_Allow Gas,A5,2003,ASSUMPTION,UNDERSTOOD,Year-like integer; labels=field name:,FIELD NAME:,False,True,VISIBLE_CRITICAL_PATH
D07560CA6C1A762716E1927A130E7CA697DB0AB9BDA8E8A33C7A0ACBB6FDBFEA,Cap_Allow Gas,FR5,0.2,ASSUMPTION,UNDERSTOOD,Fractional with label/DV; labels=%,%,False,True,VISIBLE_CRITICAL_PATH
D07560CA6C1A762716E1927A130E7CA697DB0AB9BDA8E8A33C7A0ACBB6FDBFEA,Cap_Allow Gas,A6,2004,ASSUMPTION,UNDERSTOOD,Year-like integer; labels=field name:,FIELD NAME:,False,True,VISIBLE_CRITICAL_PATH
D07560CA6C1A762716E1927A130E7CA697DB0AB9BDA8E8A33C7A0ACBB6FDBFEA,Cap_Allow Gas,FR6,0.2,ASSUMPTION,UNDERSTOOD,Fractional with label/DV; labels=%,%,False,True,VISIBLE_CRITICAL_PATH
D07560CA6C1A762716E1927A130E7CA697DB0AB9BDA8E8A33C7A0ACBB6FDBFEA,Cap_Allow Gas,A7,2005,ASSUMPTION,UNDERSTOOD,Year-like integer; labels=field name:,FIELD NAME:,False,True,VISIBLE_CRITICAL_PATH
D07560CA6C1A762716E1927A130E7CA697DB0AB9BDA8E8A33C7A0ACBB6FDBFEA,Cap_Allow Gas,FR7,0.2,ASSUMPTION,UNDERSTOOD,Fractional with label/DV; labels=%,%,False,True,VISIBLE_CRITICAL_PATH
D07560CA6C1A762716E1927A130E7CA697DB0AB9BDA8E8A33C7A0ACBB6FDBFEA,Cap_Allow Gas,A8,2006,ASSUMPTION,EXTRACTED,Year-like integer; labels=,,False,True,VISIBLE_CRITICAL_PATH
D07560CA6C1A762716E1927A130E7CA697DB0AB9BDA8E8A33C7A0ACBB6FDBFEA,Cap_Allow Gas,FR8,0.2,ASSUMPTION,UNDERSTOOD,Fractional with label/DV; labels=%,%,False,True,VISIBLE_CRITICAL_PATH
D07560CA6C1A762716E1927A130E7CA697DB0AB9BDA8E8A33C7A0ACBB6FDBFEA,Cap_Allow Gas,A9,2007,ASSUMPTION,EXTRACTED,Year-like integer; labels=,,False,True,VISIBLE_CRITICAL_PATH
D07560CA6C1A762716E1927A130E7CA697DB0AB9BDA8E8A33C7A0ACBB6FDBFEA,Cap_Allow Gas,FR9,0.19,ASSUMPTION,UNDERSTOOD,Fractional with label/DV; labels=%,%,False,True,VISIBLE_CRITICAL_PATH
D07560CA6C1A762716E1927A130E7CA697DB0AB9BDA8E8A33C7A0ACBB6FDBFEA,Cap_Allow Gas,A10,2008,ASSUMPTION,EXTRACTED,Year-like integer; labels=,,False,True,VISIBLE_CRITICAL_PATH
D07560CA6C1A762716E1927A130E7CA697DB0AB9BDA8E8A33C7A0ACBB6FDBFEA,Cap_Allow Gas,A11,2009,ASSUMPTION,EXTRACTED,Year-like integer; labels=,,False,True,VISIBLE_CRITICAL_PATH
D07560CA6C1A762716E1927A130E7CA697DB0AB9BDA8E8A33C7A0ACBB6FDBFEA,Cap_Allow Gas,A12,2010,ASSUMPTION,EXTRACTED,Year-like integer; labels=,,False,True,VISIBLE_CRITICAL_PATH
D07560CA6C1A762716E1927A130E7CA697DB0AB9BDA8E8A33C7A0ACBB6FDBFEA,Cap_Allow Gas,A13,2011,ASSUMPTION,EXTRACTED,Year-like integer; labels=,,False,True,VISIBLE_CRITICAL_PATH
D07560CA6C1A762716E1927A130E7CA697DB0AB9BDA8E8A33C7A0ACBB6FDBFEA,Cap_Allow Gas,A14,2012,ASSUMPTION,EXTRACTED,Year-like integer; labels=,,False,True,VISIBLE_CRITICAL_PATH
D07560CA6C1A762716E1927A130E7CA697DB0AB9BDA8E8A33C7A0ACBB6FDBFEA,Cap_Allow Gas,A15,2013,ASSUMPTION,EXTRACTED,Year-like integer; labels=,,False,True,VISIBLE_CRITICAL_PATH
D07560CA6C1A762716E1927A130E7CA697DB0AB9BDA8E8A33C7A0ACBB6FDBFEA,Cap_Allow Gas,A16,2014,ASSUMPTION,EXTRACTED,Year-like integer; labels=,,False,True,VISIBLE_CRITICAL_PATH
D07560CA6C1A762716E1927A130E7CA697DB0AB9BDA8E8A33C7A0ACBB6FDBFEA,Cap_Allow Gas,A17,2015,ASSUMPTION,EXTRACTED,Year-like integer; labels=,,False,True,VISIBLE_CRITICAL_PATH
D07560CA6C1A762716E1927A130E7CA697DB0AB9BDA8E8A33C7A0ACBB6FDBFEA,Cap_Allow Gas,A18,2016,ASSUMPTION,EXTRACTED,Year-like integer; labels=,,False,True,VISIBLE_CRITICAL_PATH
D07560CA6C1A762716E1927A130E7CA697DB0AB9BDA8E8A33C7A0ACBB6FDBFEA,Cap_Allow Gas,A19,2017,ASSUMPTION,EXTRACTED,Year-like integer; labels=,,False,True,VISIBLE_CRITICAL_PATH
D07560CA6C1A762716E1927A130E7CA697DB0AB9BDA8E8A33C7A0ACBB6FDBFEA,Cap_Allow Gas,A20,2018,ASSUMPTION,EXTRACTED,Year-like integer; labels=,,False,True,VISIBLE_CRITICAL_PATH
D07560CA6C1A762716E1927A130E7CA697DB0AB9BDA8E8A33C7A0ACBB6FDBFEA,Cap_Allow Gas,A21,2019,ASSUMPTION,EXTRACTED,Year-like integer; labels=,,False,True,VISIBLE_CRITICAL_PATH
D07560CA6C1A762716E1927A130E7CA697DB0AB9BDA8E8A33C7A0ACBB6FDBFEA,Cap_Allow Gas,A22,2020,ASSUMPTION,EXTRACTED,Year-like integer; labels=,,False,True,VISIBLE_CRITICAL_PATH
D07560CA6C1A762716E1927A130E7CA697DB0AB9BDA8E8A33C7A0ACBB6FDBFEA,Cap_Allow Gas,A23,2021,ASSUMPTION,EXTRACTED,Year-like integer; labels=,,False,True,VISIBLE_CRITICAL_PATH
D07560CA6C1A762716E1927A130E7CA697DB0AB9BDA8E8A33C7A0ACBB6FDBFEA,Cap_Allow Gas,A24,2022,ASSUMPTION,EXTRACTED,Year-like integer; labels=,,False,True,VISIBLE_CRITICAL_PATH
D07560CA6C1A762716E1927A130E7CA697DB0AB9BDA8E8A33C7A0ACBB6FDBFEA,Cap_Allow Gas,A25,2023,ASSUMPTION,EXTRACTED,Year-like integer; labels=,,False,True,VISIBLE_CRITICAL_PATH
D07560CA6C1A762716E1927A130E7CA697DB0AB9BDA8E8A33C7A0ACBB6FDBFEA,Cap_Allow Gas,A26,2024,ASSUMPTION,EXTRACTED,Year-like integer; labels=,,False,True,VISIBLE_CRITICAL_PATH
D07560CA6C1A762716E1927A130E7CA697DB0AB9BDA8E8A33C7A0ACBB6FDBFEA,Cap_Allow Gas,A27,2025,ASSUMPTION,EXTRACTED,Year-like integer; labels=,,False,True,VISIBLE_CRITICAL_PATH
D07560CA6C1A762716E1927A130E7CA697DB0AB9BDA8E8A33C7A0ACBB6FDBFEA,Cap_Allow Gas,A28,2026,ASSUMPTION,EXTRACTED,Year-like integer; labels=,,False,True,VISIBLE_CRITICAL_PATH
D07560CA6C1A762716E1927A130E7CA697DB0AB9BDA8E8A33C7A0ACBB6FDBFEA,Cap_Allow Gas,A29,2027,ASSUMPTION,EXTRACTED,Year-like integer; labels=,,False,True,VISIBLE_CRITICAL_PATH
D07560CA6C1A762716E1927A130E7CA697DB0AB9BDA8E8A33C7A0ACBB6FDBFEA,Cap_Allow Gas,A30,2028,ASSUMPTION,EXTRACTED,Year-like integer; labels=,,False,True,VISIBLE_CRITICAL_PATH
D07560CA6C1A762716E1927A130E7CA697DB0AB9BDA8E8A33C7A0ACBB6FDBFEA,Cap_Allow Gas,A31,2029,ASSUMPTION,EXTRACTED,Year-like integer; labels=,,False,True,VISIBLE_CRITICAL_PATH
D07560CA6C1A762716E1927A130E7CA697DB0AB9BDA8E8A33C7A0ACBB6FDBFEA,Cap_Allow Gas,A32,2030,ASSUMPTION,EXTRACTED,Year-like integer; labels=,,False,True,VISIBLE_CRITICAL_PATH
D07560CA6C1A762716E1927A130E7CA697DB0AB9BDA8E8A33C7A0ACBB6FDBFEA,Cap_Allow Gas,A33,2031,ASSUMPTION,EXTRACTED,Year-like integer; labels=,,False,True,VISIBLE_CRITICAL_PATH
D07560CA6C1A762716E1927A130E7CA697DB0AB9BDA8E8A33C7A0ACBB6FDBFEA,Cap_Allow Gas,A34,2032,ASSUMPTION,EXTRACTED,Year-like integer; labels=,,False,True,VISIBLE_CRITICAL_PATH
D07560CA6C1A762716E1927A130E7CA697DB0AB9BDA8E8A33C7A0ACBB6FDBFEA,Cap_Allow Gas,A35,2033,ASSUMPTION,EXTRACTED,Year-like integer; labels=,,False,True,VISIBLE_CRITICAL_PATH
D07560CA6C1A762716E1927A130E7CA697DB0AB9BDA8E8A33C7A0ACBB6FDBFEA,Cap_Allow Gas,A36,2034,ASSUMPTION,EXTRACTED,Year-like integer; labels=,,False,True,VISIBLE_CRITICAL_PATH
D07560CA6C1A762716E1927A130E7CA697DB0AB9BDA8E8A33C7A0ACBB6FDBFEA,Cap_Allow Gas,A37,2035,ASSUMPTION,EXTRACTED,Year-like integer; labels=,,False,True,VISIBLE_CRITICAL_PATH
D07560CA6C1A762716E1927A130E7CA697DB0AB9BDA8E8A33C7A0ACBB6FDBFEA,Cap_Allow Gas,A38,2036,ASSUMPTION,EXTRACTED,Year-like integer; labels=,,False,True,VISIBLE_CRITICAL_PATH
D07560CA6C1A762716E1927A130E7CA697DB0AB9BDA8E8A33C7A0ACBB6FDBFEA,Cap_Allow Gas,A39,2037,ASSUMPTION,EXTRACTED,Year-like integer; labels=,,False,True,VISIBLE_CRITICAL_PATH
D07560CA6C1A762716E1927A130E7CA697DB0AB9BDA8E8A33C7A0ACBB6FDBFEA,Cap_Allow Gas,A40,2038,ASSUMPTION,EXTRACTED,Year-like integer; labels=,,False,True,VISIBLE_CRITICAL_PATH
D07560CA6C1A762716E1927A130E7CA697DB0AB9BDA8E8A33C7A0ACBB6FDBFEA,Cap_Allow Gas,A41,2039,ASSUMPTION,EXTRACTED,Year-like integer; labels=,,False,True,VISIBLE_CRITICAL_PATH
D07560CA6C1A762716E1927A130E7CA697DB0AB9BDA8E8A33C7A0ACBB6FDBFEA,Cap_Allow Gas,A42,2040,ASSUMPTION,EXTRACTED,Year-like integer; labels=,,False,True,VISIBLE_CRITICAL_PATH
D07560CA6C1A762716E1927A130E7CA697DB0AB9BDA8E8A33C7A0ACBB6FDBFEA,Cap_Allow Gas,A43,2041,ASSUMPTION,EXTRACTED,Year-like integer; labels=,,False,True,VISIBLE_CRITICAL_PATH
D07560CA6C1A762716E1927A130E7CA697DB0AB9BDA8E8A33C7A0ACBB6FDBFEA,Cap_Allow Gas,A44,2042,ASSUMPTION,EXTRACTED,Year-like integer; labels=,,False,True,VISIBLE_CRITICAL_PATH
D07560CA6C1A762716E1927A130E7CA697DB0AB9BDA8E8A33C7A0ACBB6FDBFEA,Cap_Allow Gas,A45,2043,ASSUMPTION,EXTRACTED,Year-like integer; labels=,,False,True,VISIBLE_CRITICAL_PATH
D07560CA6C1A762716E1927A130E7CA697DB0AB9BDA8E8A33C7A0ACBB6FDBFEA,FLGT,AO2,1000000,UNRESOLVED,EXTRACTED,Numeric magnitude; role unclear without further evidence,Unit Conv,False,True,VISIBLE_CRITICAL_PATH
D07560CA6C1A762716E1927A130E7CA697DB0AB9BDA8E8A33C7A0ACBB6FDBFEA,HT_NCF_Oil,E1,0,DEFAULT_STRUCTURAL_VALUE,EXTRACTED,Zero literal; not INPUT without further evidence,,True,True,VISIBLE_CRITICAL_PATH
D07560CA6C1A762716E1927A130E7CA697DB0AB9BDA8E8A33C7A0ACBB6FDBFEA,CIT_NCF_Oil,G1,0,DEFAULT_STRUCTURAL_VALUE,EXTRACTED,Zero literal; not INPUT without further evidence,,True,True,VISIBLE_CRITICAL_PATH
D07560CA6C1A762716E1927A130E7CA697DB0AB9BDA8E8A33C7A0ACBB6FDBFEA,CIT_NCF_Oil,X2,0.3,UNRESOLVED,EXTRACTED,Fractional literal without strong input evidence,EBITDA,False,True,VISIBLE_CRITICAL_PATH
D07560CA6C1A762716E1927A130E7CA697DB0AB9BDA8E8A33C7A0ACBB6FDBFEA,CIT_NCF_Oil,P53,16.6,UNRESOLVED,EXTRACTED,Numeric 1-100 role unclear,,False,True,VISIBLE_CRITICAL_PATH
D07560CA6C1A762716E1927A130E7CA697DB0AB9BDA8E8A33C7A0ACBB6FDBFEA,CIT_NCF_Gas,X2,0.3,UNRESOLVED,EXTRACTED,Fractional literal without strong input evidence,Assessable Income,False,True,VISIBLE_CRITICAL_PATH
D07560CA6C1A762716E1927A130E7CA697DB0AB9BDA8E8A33C7A0ACBB6FDBFEA,Project_NCF,Y62,214.070299425,UNRESOLVED,EXTRACTED,Numeric magnitude; role unclear without further evidence,,False,True,VISIBLE_CRITICAL_PATH
D07560CA6C1A762716E1927A130E7CA697DB0AB9BDA8E8A33C7A0ACBB6FDBFEA,Project_NCF,Y63,309.988420414125,UNRESOLVED,EXTRACTED,Numeric magnitude; role unclear without further evidence,,False,True,VISIBLE_CRITICAL_PATH
D07560CA6C1A762716E1927A130E7CA697DB0AB9BDA8E8A33C7A0ACBB6FDBFEA,Project_NCF,Y64,363.808941147712,UNRESOLVED,EXTRACTED,Numeric magnitude; role unclear without further evidence,,False,True,VISIBLE_CRITICAL_PATH
D07560CA6C1A762716E1927A130E7CA697DB0AB9BDA8E8A33C7A0ACBB6FDBFEA,Project_NCF,Y65,416.325972995441,UNRESOLVED,EXTRACTED,Numeric magnitude; role unclear without further evidence,,False,True,VISIBLE_CRITICAL_PATH
D07560CA6C1A762716E1927A130E7CA697DB0AB9BDA8E8A33C7A0ACBB6FDBFEA,Project_NCF,Y66,372.179144095897,UNRESOLVED,EXTRACTED,Numeric magnitude; role unclear without further evidence,,False,True,VISIBLE_CRITICAL_PATH
D07560CA6C1A762716E1927A130E7CA697DB0AB9BDA8E8A33C7A0ACBB6FDBFEA,Project_NCF,Y67,504.755217161308,UNRESOLVED,EXTRACTED,Numeric magnitude; role unclear without further evidence,,False,True,VISIBLE_CRITICAL_PATH
D07560CA6C1A762716E1927A130E7CA697DB0AB9BDA8E8A33C7A0ACBB6FDBFEA,Project_NCF,Y68,649.842845657677,UNRESOLVED,EXTRACTED,Numeric magnitude; role unclear without further evidence,,False,True,VISIBLE_CRITICAL_PATH
D07560CA6C1A762716E1927A130E7CA697DB0AB9BDA8E8A33C7A0ACBB6FDBFEA,Project_NCF,Y69,604.538613554409,UNRESOLVED,EXTRACTED,Numeric magnitude; role unclear without further evidence,,False,True,VISIBLE_CRITICAL_PATH
D07560CA6C1A762716E1927A130E7CA697DB0AB9BDA8E8A33C7A0ACBB6FDBFEA,Project_NCF,Y70,562.553554661468,UNRESOLVED,EXTRACTED,Numeric magnitude; role unclear without further evidence,,False,True,VISIBLE_CRITICAL_PATH
D07560CA6C1A762716E1927A130E7CA697DB0AB9BDA8E8A33C7A0ACBB6FDBFEA,Project_NCF,Y71,524.659001657821,UNRESOLVED,EXTRACTED,Numeric magnitude; role unclear without further evidence,,False,True,VISIBLE_CRITICAL_PATH
D07560CA6C1A762716E1927A130E7CA697DB0AB9BDA8E8A33C7A0ACBB6FDBFEA,Project_NCF,Y72,490.553903954539,UNRESOLVED,EXTRACTED,Numeric magnitude; role unclear without further evidence,,False,True,VISIBLE_CRITICAL_PATH
D07560CA6C1A762716E1927A130E7CA697DB0AB9BDA8E8A33C7A0ACBB6FDBFEA,Project_NCF,Y73,442.966031959085,UNRESOLVED,EXTRACTED,Numeric magnitude; role unclear without further evidence,,False,True,VISIBLE_CRITICAL_PATH
D07560CA6C1A762716E1927A130E7CA697DB0AB9BDA8E8A33C7A0ACBB6FDBFEA,Project_NCF,Y74,400.259290913177,UNRESOLVED,EXTRACTED,Numeric magnitude; role unclear without further evidence,,False,True,VISIBLE_CRITICAL_PATH
D07560CA6C1A762716E1927A130E7CA697DB0AB9BDA8E8A33C7A0ACBB6FDBFEA,Project_NCF,Y75,361.823223971859,UNRESOLVED,EXTRACTED,Numeric magnitude; role unclear without further evidence,,False,True,VISIBLE_CRITICAL_PATH
D07560CA6C1A762716E1927A130E7CA697DB0AB9BDA8E8A33C7A0ACBB6FDBFEA,Project_NCF,Y76,327.230763724673,UNRESOLVED,EXTRACTED,Numeric magnitude; role unclear without further evidence,,False,True,VISIBLE_CRITICAL_PATH
D07560CA6C1A762716E1927A130E7CA697DB0AB9BDA8E8A33C7A0ACBB6FDBFEA,Project_NCF,Y77,296.097549502206,UNRESOLVED,EXTRACTED,Numeric magnitude; role unclear without further evidence,,False,True,VISIBLE_CRITICAL_PATH
D07560CA6C1A762716E1927A130E7CA697DB0AB9BDA8E8A33C7A0ACBB6FDBFEA,Project_NCF,Y78,268.077656701985,UNRESOLVED,EXTRACTED,Numeric magnitude; role unclear without further evidence,,False,True,VISIBLE_CRITICAL_PATH
D07560CA6C1A762716E1927A130E7CA697DB0AB9BDA8E8A33C7A0ACBB6FDBFEA,Project_NCF,Y79,242.859753181787,UNRESOLVED,EXTRACTED,Numeric magnitude; role unclear without further evidence,,False,True,VISIBLE_CRITICAL_PATH
D07560CA6C1A762716E1927A130E7CA697DB0AB9BDA8E8A33C7A0ACBB6FDBFEA,Project_NCF,Y80,220.163640013608,UNRESOLVED,EXTRACTED,Numeric magnitude; role unclear without further evidence,,False,True,VISIBLE_CRITICAL_PATH
D07560CA6C1A762716E1927A130E7CA697DB0AB9BDA8E8A33C7A0ACBB6FDBFEA,CIT_NCF_Oil Equity,X2,0.3,UNRESOLVED,EXTRACTED,Fractional literal without strong input evidence,Assessable Income,False,True,VISIBLE_CRITICAL_PATH
D07560CA6C1A762716E1927A130E7CA697DB0AB9BDA8E8A33C7A0ACBB6FDBFEA,CIT_NCF_Gas Equity,X2,0.3,UNRESOLVED,EXTRACTED,Fractional literal without strong input evidence,Assessable Income,False,True,VISIBLE_CRITICAL_PATH
