golden_master_sha256,worksheet,cell,literal_value,formula_containing_literal,row_column_labels,surrounding_context,critical_path_module,classification,proposed_classification,evidence,confidence,impact,decision_required,status
D07560CA6C1A762716E1927A130E7CA697DB0AB9BDA8E8A33C7A0ACBB6FDBFEA,Ec_IO,C5,2027,,left:B5:Project Start Year | above:C4:Forecast | row:A5:Fiscal Terms_PIA | colhdr:C4:Forecast,Project Start Year | Forecast | Fiscal Terms_PIA | Forecast,M-CP-01 Parameters/Ec_IO,ASSUMPTION,ASSUMPTION,Calendar year-like value; labels=project start year forecast fiscal terms_pia forecast,MEDIUM,Critical path parameter surface,NONE,RESOLVED
D07560CA6C1A762716E1927A130E7CA697DB0AB9BDA8E8A33C7A0ACBB6FDBFEA,Ec_IO,C7,365,,left:B7:Production days in a year | above:C4:Forecast | row:A7:OML 123_Gas | colhdr:C4:Forecast,Production days in a year | Forecast | OML 123_Gas | Forecast,M-CP-01 Parameters/Ec_IO,ASSUMPTION,ASSUMPTION,Economic magnitude with label: production days in a year forecast oml 123_gas forecast,MEDIUM,Critical path parameter surface,NONE,RESOLVED
D07560CA6C1A762716E1927A130E7CA697DB0AB9BDA8E8A33C7A0ACBB6FDBFEA,Ec_IO,C12,50,,"left:B12:Crude Oil Price, $/bbl | above:C10:NA | row:A12:FLGT_123 | colhdr:C4:Forecast","Crude Oil Price, $/bbl | NA | FLGT_123 | Forecast",M-CP-01 Parameters/Ec_IO,DEFAULT/STRUCTURAL,DEFAULT/STRUCTURAL,"Integer 2-100 without rate label: crude oil price, $/bbl na flgt_123 forecast",LOW,Critical path parameter surface,NONE,RESOLVED
D07560CA6C1A762716E1927A130E7CA697DB0AB9BDA8E8A33C7A0ACBB6FDBFEA,Ec_IO,C14,0,,left:B14:Escalator | above:C10:NA | row:A14:CR Economics_123 | colhdr:C4:Forecast,Escalator | NA | CR Economics_123 | Forecast,M-CP-01 Parameters/Ec_IO,DEFAULT/STRUCTURAL,DEFAULT/STRUCTURAL,Zero literal common structural seed,MEDIUM,Critical path parameter surface,NONE,RESOLVED
D07560CA6C1A762716E1927A130E7CA697DB0AB9BDA8E8A33C7A0ACBB6FDBFEA,Ec_IO,C15,0.15,,left:B15:Hurdle Rate | above:C10:NA | row:A15:B4ITx_123 | colhdr:C4:Forecast,Hurdle Rate | NA | B4ITx_123 | Forecast,M-CP-01 Parameters/Ec_IO,ASSUMPTION,ASSUMPTION,Rate/fraction with economic label: hurdle rate na b4itx_123 forecast,MEDIUM,Critical path parameter surface,NONE,RESOLVED
D07560CA6C1A762716E1927A130E7CA697DB0AB9BDA8E8A33C7A0ACBB6FDBFEA,Ec_IO,C17,2.18,,"left:B17:Gas Price, $/Mscf | above:C10:NA | row:A17:RESULTS_123 | colhdr:C4:Forecast","Gas Price, $/Mscf | NA | RESULTS_123 | Forecast",M-CP-01 Parameters/Ec_IO,PRESENTATION,PRESENTATION,"NPV/payout/results-side label — presentation/result mirror or table seed, not INPUT",MEDIUM,Do not treat as user input,NONE,RESOLVED
D07560CA6C1A762716E1927A130E7CA697DB0AB9BDA8E8A33C7A0ACBB6FDBFEA,Ec_IO,C18,0.5,,"left:B18:Gas Flare Penalty, $/Mscf | above:C10:NA | row:B18:Gas Flare Penalty, $/Mscf | colhdr:C4:Forecast","Gas Flare Penalty, $/Mscf | NA | Gas Flare Penalty, $/Mscf | Forecast",M-CP-01 Parameters/Ec_IO,FORMULA COEFFICIENT,FORMULA COEFFICIENT,"Unit interval without strong economic label: gas flare penalty, $/mscf na gas flare penalty, $/mscf forecast",LOW,Critical path parameter surface,NONE,RESOLVED
D07560CA6C1A762716E1927A130E7CA697DB0AB9BDA8E8A33C7A0ACBB6FDBFEA,Ec_IO,C19,0.5,,left:B19:Dom_Gas | row:B19:Dom_Gas | colhdr:C4:Forecast,Dom_Gas | Dom_Gas | Forecast,M-CP-01 Parameters/Ec_IO,FORMULA COEFFICIENT,FORMULA COEFFICIENT,Unit interval without strong economic label: dom_gas dom_gas forecast,LOW,Critical path parameter surface,NONE,RESOLVED
D07560CA6C1A762716E1927A130E7CA697DB0AB9BDA8E8A33C7A0ACBB6FDBFEA,Ec_IO,C20,0,,left:B20:Duties | row:B20:Duties | colhdr:C4:Forecast,Duties | Duties | Forecast,M-CP-01 Parameters/Ec_IO,DEFAULT/STRUCTURAL,DEFAULT/STRUCTURAL,Zero literal common structural seed,MEDIUM,Critical path parameter surface,NONE,RESOLVED
D07560CA6C1A762716E1927A130E7CA697DB0AB9BDA8E8A33C7A0ACBB6FDBFEA,Ec_IO,C21,0,,left:B21:VAT | row:B21:VAT | colhdr:C4:Forecast,VAT | VAT | Forecast,M-CP-01 Parameters/Ec_IO,DEFAULT/STRUCTURAL,DEFAULT/STRUCTURAL,Zero literal common structural seed,MEDIUM,Critical path parameter surface,NONE,RESOLVED
D07560CA6C1A762716E1927A130E7CA697DB0AB9BDA8E8A33C7A0ACBB6FDBFEA,Ec_IO,C22,0,,"left:B22:Asset Salvage Value, % of Retention for Decom. | row:B22:Asset Salvage Value, % of Retention for Decom. | colhdr:C4:Forecast","Asset Salvage Value, % of Retention for Decom. | Asset Salvage Value, % of Retention for Decom. | Forecast",M-CP-01 Parameters/Ec_IO,DEFAULT/STRUCTURAL,DEFAULT/STRUCTURAL,Zero literal common structural seed,MEDIUM,Critical path parameter surface,NONE,RESOLVED
D07560CA6C1A762716E1927A130E7CA697DB0AB9BDA8E8A33C7A0ACBB6FDBFEA,Ec_IO,C23,0,,left:B23:NAG CRL | row:B23:NAG CRL | colhdr:C4:Forecast,NAG CRL | NAG CRL | Forecast,M-CP-01 Parameters/Ec_IO,DEFAULT/STRUCTURAL,DEFAULT/STRUCTURAL,Zero literal common structural seed,MEDIUM,Critical path parameter surface,NONE,RESOLVED
D07560CA6C1A762716E1927A130E7CA697DB0AB9BDA8E8A33C7A0ACBB6FDBFEA,Ec_IO,C24,0.1,,left:B24:NAG ITA | row:B24:NAG ITA | colhdr:C4:Forecast,NAG ITA | NAG ITA | Forecast,M-CP-01 Parameters/Ec_IO,FORMULA COEFFICIENT,FORMULA COEFFICIENT,Unit interval without strong economic label: nag ita nag ita forecast,LOW,Critical path parameter surface,NONE,RESOLVED
D07560CA6C1A762716E1927A130E7CA697DB0AB9BDA8E8A33C7A0ACBB6FDBFEA,Ec_IO,C25,0.005,,left:B25:NAG Min. Tax Rate | row:B25:NAG Min. Tax Rate | colhdr:C4:Forecast,NAG Min. Tax Rate | NAG Min. Tax Rate | Forecast,M-CP-01 Parameters/Ec_IO,ASSUMPTION,ASSUMPTION,Rate/fraction with economic label: nag min. tax rate nag min. tax rate forecast,MEDIUM,Critical path parameter surface,NONE,RESOLVED
D07560CA6C1A762716E1927A130E7CA697DB0AB9BDA8E8A33C7A0ACBB6FDBFEA,Ec_IO,C26,0,,left:B26:NAG CPR | row:B26:NAG CPR | colhdr:C4:Forecast,NAG CPR | NAG CPR | Forecast,M-CP-01 Parameters/Ec_IO,DEFAULT/STRUCTURAL,DEFAULT/STRUCTURAL,Zero literal common structural seed,MEDIUM,Critical path parameter surface,NONE,RESOLVED
D07560CA6C1A762716E1927A130E7CA697DB0AB9BDA8E8A33C7A0ACBB6FDBFEA,Ec_IO,D28,2002,,left:C28:History | row:C28:History,History | History,M-CP-01 Parameters/Ec_IO,ASSUMPTION,ASSUMPTION,Calendar year-like value; labels=history history,MEDIUM,Critical path parameter surface,NONE,RESOLVED
D07560CA6C1A762716E1927A130E7CA697DB0AB9BDA8E8A33C7A0ACBB6FDBFEA,Ec_IO,D30,2002,,left:C30:Complete | row:C30:Complete,Complete | Complete,M-CP-01 Parameters/Ec_IO,ASSUMPTION,ASSUMPTION,Calendar year-like value; labels=complete complete,MEDIUM,Critical path parameter surface,NONE,RESOLVED
D07560CA6C1A762716E1927A130E7CA697DB0AB9BDA8E8A33C7A0ACBB6FDBFEA,Ec_IO,C69,20,,"above:C68:Oil Price, $/bbl | colhdr:C4:Forecast","Oil Price, $/bbl | Forecast",M-CP-01 Parameters/Ec_IO,DEFAULT/STRUCTURAL,DEFAULT/STRUCTURAL,"Small integer likely index/count: oil price, $/bbl forecast",LOW,Critical path parameter surface,NONE,RESOLVED
D07560CA6C1A762716E1927A130E7CA697DB0AB9BDA8E8A33C7A0ACBB6FDBFEA,Ec_IO,C70,25,,"above:C68:Oil Price, $/bbl | colhdr:C4:Forecast","Oil Price, $/bbl | Forecast",M-CP-01 Parameters/Ec_IO,DEFAULT/STRUCTURAL,DEFAULT/STRUCTURAL,"Integer 2-100 without rate label: oil price, $/bbl forecast",LOW,Critical path parameter surface,NONE,RESOLVED
D07560CA6C1A762716E1927A130E7CA697DB0AB9BDA8E8A33C7A0ACBB6FDBFEA,Ec_IO,D70,-89.220259678857,,"above:D67:NPV, $mm","NPV, $mm",M-CP-01 Parameters/Ec_IO,PRESENTATION,PRESENTATION,"NPV/payout/results-side label — presentation/result mirror or table seed, not INPUT",MEDIUM,Do not treat as user input,NONE,RESOLVED
D07560CA6C1A762716E1927A130E7CA697DB0AB9BDA8E8A33C7A0ACBB6FDBFEA,Ec_IO,F70,16,,"above:F67:Disc. Payout, Yrs","Disc. Payout, Yrs",M-CP-01 Parameters/Ec_IO,DEFAULT/STRUCTURAL,DEFAULT/STRUCTURAL,"Small integer likely index/count: disc. payout, yrs",LOW,Critical path parameter surface,NONE,RESOLVED
D07560CA6C1A762716E1927A130E7CA697DB0AB9BDA8E8A33C7A0ACBB6FDBFEA,Ec_IO,C71,30,,"above:C68:Oil Price, $/bbl | colhdr:C4:Forecast","Oil Price, $/bbl | Forecast",M-CP-01 Parameters/Ec_IO,DEFAULT/STRUCTURAL,DEFAULT/STRUCTURAL,"Integer 2-100 without rate label: oil price, $/bbl forecast",LOW,Critical path parameter surface,NONE,RESOLVED
D07560CA6C1A762716E1927A130E7CA697DB0AB9BDA8E8A33C7A0ACBB6FDBFEA,Ec_IO,D71,-48.3765211577222,,"above:D67:NPV, $mm","NPV, $mm",M-CP-01 Parameters/Ec_IO,PRESENTATION,PRESENTATION,"NPV/payout/results-side label — presentation/result mirror or table seed, not INPUT",MEDIUM,Do not treat as user input,NONE,RESOLVED
D07560CA6C1A762716E1927A130E7CA697DB0AB9BDA8E8A33C7A0ACBB6FDBFEA,Ec_IO,F71,16,,"above:F67:Disc. Payout, Yrs","Disc. Payout, Yrs",M-CP-01 Parameters/Ec_IO,DEFAULT/STRUCTURAL,DEFAULT/STRUCTURAL,"Small integer likely index/count: disc. payout, yrs",LOW,Critical path parameter surface,NONE,RESOLVED
D07560CA6C1A762716E1927A130E7CA697DB0AB9BDA8E8A33C7A0ACBB6FDBFEA,Ec_IO,C72,35,,"above:C68:Oil Price, $/bbl | colhdr:C4:Forecast","Oil Price, $/bbl | Forecast",M-CP-01 Parameters/Ec_IO,DEFAULT/STRUCTURAL,DEFAULT/STRUCTURAL,"Integer 2-100 without rate label: oil price, $/bbl forecast",LOW,Critical path parameter surface,NONE,RESOLVED
D07560CA6C1A762716E1927A130E7CA697DB0AB9BDA8E8A33C7A0ACBB6FDBFEA,Ec_IO,D72,-12.8401152080522,,"above:D67:NPV, $mm","NPV, $mm",M-CP-01 Parameters/Ec_IO,PRESENTATION,PRESENTATION,"NPV/payout/results-side label — presentation/result mirror or table seed, not INPUT",MEDIUM,Do not treat as user input,NONE,RESOLVED
D07560CA6C1A762716E1927A130E7CA697DB0AB9BDA8E8A33C7A0ACBB6FDBFEA,Ec_IO,F72,16,,"above:F67:Disc. Payout, Yrs","Disc. Payout, Yrs",M-CP-01 Parameters/Ec_IO,DEFAULT/STRUCTURAL,DEFAULT/STRUCTURAL,"Small integer likely index/count: disc. payout, yrs",LOW,Critical path parameter surface,NONE,RESOLVED
D07560CA6C1A762716E1927A130E7CA697DB0AB9BDA8E8A33C7A0ACBB6FDBFEA,Ec_IO,C73,40,,"above:C68:Oil Price, $/bbl | colhdr:C4:Forecast","Oil Price, $/bbl | Forecast",M-CP-01 Parameters/Ec_IO,DEFAULT/STRUCTURAL,DEFAULT/STRUCTURAL,"Integer 2-100 without rate label: oil price, $/bbl forecast",LOW,Critical path parameter surface,NONE,RESOLVED
D07560CA6C1A762716E1927A130E7CA697DB0AB9BDA8E8A33C7A0ACBB6FDBFEA,Ec_IO,D73,18.9616663054227,,"above:D67:NPV, $mm","NPV, $mm",M-CP-01 Parameters/Ec_IO,PRESENTATION,PRESENTATION,"NPV/payout/results-side label — presentation/result mirror or table seed, not INPUT",MEDIUM,Do not treat as user input,NONE,RESOLVED
D07560CA6C1A762716E1927A130E7CA697DB0AB9BDA8E8A33C7A0ACBB6FDBFEA,Ec_IO,F73,7.35139956586427,,"above:F67:Disc. Payout, Yrs","Disc. Payout, Yrs",M-CP-01 Parameters/Ec_IO,PRESENTATION,PRESENTATION,"NPV/payout/results-side label — presentation/result mirror or table seed, not INPUT",MEDIUM,Do not treat as user input,NONE,RESOLVED
D07560CA6C1A762716E1927A130E7CA697DB0AB9BDA8E8A33C7A0ACBB6FDBFEA,Ec_IO,C74,45,,"above:C68:Oil Price, $/bbl | colhdr:C4:Forecast","Oil Price, $/bbl | Forecast",M-CP-01 Parameters/Ec_IO,DEFAULT/STRUCTURAL,DEFAULT/STRUCTURAL,"Integer 2-100 without rate label: oil price, $/bbl forecast",LOW,Critical path parameter surface,NONE,RESOLVED
D07560CA6C1A762716E1927A130E7CA697DB0AB9BDA8E8A33C7A0ACBB6FDBFEA,Ec_IO,D74,48.4026179584651,,"above:D67:NPV, $mm","NPV, $mm",M-CP-01 Parameters/Ec_IO,PRESENTATION,PRESENTATION,"NPV/payout/results-side label — presentation/result mirror or table seed, not INPUT",MEDIUM,Do not treat as user input,NONE,RESOLVED
D07560CA6C1A762716E1927A130E7CA697DB0AB9BDA8E8A33C7A0ACBB6FDBFEA,Ec_IO,F74,5.86150831155389,,"above:F67:Disc. Payout, Yrs","Disc. Payout, Yrs",M-CP-01 Parameters/Ec_IO,PRESENTATION,PRESENTATION,"NPV/payout/results-side label — presentation/result mirror or table seed, not INPUT",MEDIUM,Do not treat as user input,NONE,RESOLVED
D07560CA6C1A762716E1927A130E7CA697DB0AB9BDA8E8A33C7A0ACBB6FDBFEA,Ec_IO,C75,50,,"above:C68:Oil Price, $/bbl | colhdr:C4:Forecast","Oil Price, $/bbl | Forecast",M-CP-01 Parameters/Ec_IO,DEFAULT/STRUCTURAL,DEFAULT/STRUCTURAL,"Integer 2-100 without rate label: oil price, $/bbl forecast",LOW,Critical path parameter surface,NONE,RESOLVED
D07560CA6C1A762716E1927A130E7CA697DB0AB9BDA8E8A33C7A0ACBB6FDBFEA,Ec_IO,D75,78.0891606587929,,"above:D67:NPV, $mm","NPV, $mm",M-CP-01 Parameters/Ec_IO,PRESENTATION,PRESENTATION,"NPV/payout/results-side label — presentation/result mirror or table seed, not INPUT",MEDIUM,Do not treat as user input,NONE,RESOLVED
D07560CA6C1A762716E1927A130E7CA697DB0AB9BDA8E8A33C7A0ACBB6FDBFEA,Ec_IO,F75,5.13925728744526,,"above:F67:Disc. Payout, Yrs","Disc. Payout, Yrs",M-CP-01 Parameters/Ec_IO,PRESENTATION,PRESENTATION,"NPV/payout/results-side label — presentation/result mirror or table seed, not INPUT",MEDIUM,Do not treat as user input,NONE,RESOLVED
D07560CA6C1A762716E1927A130E7CA697DB0AB9BDA8E8A33C7A0ACBB6FDBFEA,Ec_IO,C76,55,,"above:C68:Oil Price, $/bbl | colhdr:C4:Forecast","Oil Price, $/bbl | Forecast",M-CP-01 Parameters/Ec_IO,DEFAULT/STRUCTURAL,DEFAULT/STRUCTURAL,"Integer 2-100 without rate label: oil price, $/bbl forecast",LOW,Critical path parameter surface,NONE,RESOLVED
D07560CA6C1A762716E1927A130E7CA697DB0AB9BDA8E8A33C7A0ACBB6FDBFEA,Ec_IO,D76,104.298805951977,,,Sensitivity table (Oil Price NPV/Payout or Discount Rate NPV),M-CP-01 Parameters/Ec_IO,PRESENTATION,PRESENTATION,"Ec_IO oil-price / discount-rate sensitivity table residual (NPV / Disc. Payout) — presentation/scenario table, not case INPUT",HIGH,Sensitivity table seed; deferred with Analysis/sensitivity scope,NONE,RESOLVED
D07560CA6C1A762716E1927A130E7CA697DB0AB9BDA8E8A33C7A0ACBB6FDBFEA,Ec_IO,F76,3.77381266172407,,,Sensitivity table (Oil Price NPV/Payout or Discount Rate NPV),M-CP-01 Parameters/Ec_IO,PRESENTATION,PRESENTATION,"Ec_IO oil-price / discount-rate sensitivity table residual (NPV / Disc. Payout) — presentation/scenario table, not case INPUT",HIGH,Sensitivity table seed; deferred with Analysis/sensitivity scope,NONE,RESOLVED
D07560CA6C1A762716E1927A130E7CA697DB0AB9BDA8E8A33C7A0ACBB6FDBFEA,Ec_IO,C77,60,,colhdr:C4:Forecast,Forecast,M-CP-01 Parameters/Ec_IO,DEFAULT/STRUCTURAL,DEFAULT/STRUCTURAL,Integer 2-100 without rate label: forecast,LOW,Critical path parameter surface,NONE,RESOLVED
D07560CA6C1A762716E1927A130E7CA697DB0AB9BDA8E8A33C7A0ACBB6FDBFEA,Ec_IO,D77,130.260055363186,,,Sensitivity table (Oil Price NPV/Payout or Discount Rate NPV),M-CP-01 Parameters/Ec_IO,PRESENTATION,PRESENTATION,"Ec_IO oil-price / discount-rate sensitivity table residual (NPV / Disc. Payout) — presentation/scenario table, not case INPUT",HIGH,Sensitivity table seed; deferred with Analysis/sensitivity scope,NONE,RESOLVED
D07560CA6C1A762716E1927A130E7CA697DB0AB9BDA8E8A33C7A0ACBB6FDBFEA,Ec_IO,F77,3.51473757975241,,,Sensitivity table (Oil Price NPV/Payout or Discount Rate NPV),M-CP-01 Parameters/Ec_IO,PRESENTATION,PRESENTATION,"Ec_IO oil-price / discount-rate sensitivity table residual (NPV / Disc. Payout) — presentation/scenario table, not case INPUT",HIGH,Sensitivity table seed; deferred with Analysis/sensitivity scope,NONE,RESOLVED
D07560CA6C1A762716E1927A130E7CA697DB0AB9BDA8E8A33C7A0ACBB6FDBFEA,Ec_IO,C78,65,,colhdr:C4:Forecast,Forecast,M-CP-01 Parameters/Ec_IO,DEFAULT/STRUCTURAL,DEFAULT/STRUCTURAL,Integer 2-100 without rate label: forecast,LOW,Critical path parameter surface,NONE,RESOLVED
D07560CA6C1A762716E1927A130E7CA697DB0AB9BDA8E8A33C7A0ACBB6FDBFEA,Ec_IO,D78,155.939233690556,,,Sensitivity table (Oil Price NPV/Payout or Discount Rate NPV),M-CP-01 Parameters/Ec_IO,PRESENTATION,PRESENTATION,"Ec_IO oil-price / discount-rate sensitivity table residual (NPV / Disc. Payout) — presentation/scenario table, not case INPUT",HIGH,Sensitivity table seed; deferred with Analysis/sensitivity scope,NONE,RESOLVED
D07560CA6C1A762716E1927A130E7CA697DB0AB9BDA8E8A33C7A0ACBB6FDBFEA,Ec_IO,F78,3.29834878375621,,,Sensitivity table (Oil Price NPV/Payout or Discount Rate NPV),M-CP-01 Parameters/Ec_IO,PRESENTATION,PRESENTATION,"Ec_IO oil-price / discount-rate sensitivity table residual (NPV / Disc. Payout) — presentation/scenario table, not case INPUT",HIGH,Sensitivity table seed; deferred with Analysis/sensitivity scope,NONE,RESOLVED
D07560CA6C1A762716E1927A130E7CA697DB0AB9BDA8E8A33C7A0ACBB6FDBFEA,Ec_IO,C79,70,,colhdr:C4:Forecast,Forecast,M-CP-01 Parameters/Ec_IO,DEFAULT/STRUCTURAL,DEFAULT/STRUCTURAL,Integer 2-100 without rate label: forecast,LOW,Critical path parameter surface,NONE,RESOLVED
D07560CA6C1A762716E1927A130E7CA697DB0AB9BDA8E8A33C7A0ACBB6FDBFEA,Ec_IO,D79,181.395638559108,,,Sensitivity table (Oil Price NPV/Payout or Discount Rate NPV),M-CP-01 Parameters/Ec_IO,PRESENTATION,PRESENTATION,"Ec_IO oil-price / discount-rate sensitivity table residual (NPV / Disc. Payout) — presentation/scenario table, not case INPUT",HIGH,Sensitivity table seed; deferred with Analysis/sensitivity scope,NONE,RESOLVED
D07560CA6C1A762716E1927A130E7CA697DB0AB9BDA8E8A33C7A0ACBB6FDBFEA,Ec_IO,F79,3.11401062104188,,,Sensitivity table (Oil Price NPV/Payout or Discount Rate NPV),M-CP-01 Parameters/Ec_IO,PRESENTATION,PRESENTATION,"Ec_IO oil-price / discount-rate sensitivity table residual (NPV / Disc. Payout) — presentation/scenario table, not case INPUT",HIGH,Sensitivity table seed; deferred with Analysis/sensitivity scope,NONE,RESOLVED
D07560CA6C1A762716E1927A130E7CA697DB0AB9BDA8E8A33C7A0ACBB6FDBFEA,Ec_IO,D82,0.05,,above:D80:Rate,Rate,M-CP-01 Parameters/Ec_IO,ASSUMPTION,ASSUMPTION,Rate/fraction with economic label: rate,MEDIUM,Critical path parameter surface,NONE,RESOLVED
D07560CA6C1A762716E1927A130E7CA697DB0AB9BDA8E8A33C7A0ACBB6FDBFEA,Ec_IO,D83,0.075,,above:D80:Rate,Rate,M-CP-01 Parameters/Ec_IO,ASSUMPTION,ASSUMPTION,Rate/fraction with economic label: rate,MEDIUM,Critical path parameter surface,NONE,RESOLVED
D07560CA6C1A762716E1927A130E7CA697DB0AB9BDA8E8A33C7A0ACBB6FDBFEA,Ec_IO,E83,142.521927428062,,above:E80:NPV,NPV,M-CP-01 Parameters/Ec_IO,PRESENTATION,PRESENTATION,"NPV/payout/results-side label — presentation/result mirror or table seed, not INPUT",MEDIUM,Do not treat as user input,NONE,RESOLVED
D07560CA6C1A762716E1927A130E7CA697DB0AB9BDA8E8A33C7A0ACBB6FDBFEA,Ec_IO,D84,0.1,,above:D80:Rate,Rate,M-CP-01 Parameters/Ec_IO,ASSUMPTION,ASSUMPTION,Rate/fraction with economic label: rate,MEDIUM,Critical path parameter surface,NONE,RESOLVED
D07560CA6C1A762716E1927A130E7CA697DB0AB9BDA8E8A33C7A0ACBB6FDBFEA,Ec_IO,E84,117.426031435895,,above:E80:NPV,NPV,M-CP-01 Parameters/Ec_IO,PRESENTATION,PRESENTATION,"NPV/payout/results-side label — presentation/result mirror or table seed, not INPUT",MEDIUM,Do not treat as user input,NONE,RESOLVED
D07560CA6C1A762716E1927A130E7CA697DB0AB9BDA8E8A33C7A0ACBB6FDBFEA,Ec_IO,D85,0.125,,above:D80:Rate,Rate,M-CP-01 Parameters/Ec_IO,ASSUMPTION,ASSUMPTION,Rate/fraction with economic label: rate,MEDIUM,Critical path parameter surface,NONE,RESOLVED
D07560CA6C1A762716E1927A130E7CA697DB0AB9BDA8E8A33C7A0ACBB6FDBFEA,Ec_IO,E85,96.1751839710722,,above:E80:NPV,NPV,M-CP-01 Parameters/Ec_IO,PRESENTATION,PRESENTATION,"NPV/payout/results-side label — presentation/result mirror or table seed, not INPUT",MEDIUM,Do not treat as user input,NONE,RESOLVED
D07560CA6C1A762716E1927A130E7CA697DB0AB9BDA8E8A33C7A0ACBB6FDBFEA,Ec_IO,D86,0.15,,above:D80:Rate,Rate,M-CP-01 Parameters/Ec_IO,ASSUMPTION,ASSUMPTION,Rate/fraction with economic label: rate,MEDIUM,Critical path parameter surface,NONE,RESOLVED
D07560CA6C1A762716E1927A130E7CA697DB0AB9BDA8E8A33C7A0ACBB6FDBFEA,Ec_IO,E86,78.0891606587929,,above:E80:NPV,NPV,M-CP-01 Parameters/Ec_IO,PRESENTATION,PRESENTATION,"NPV/payout/results-side label — presentation/result mirror or table seed, not INPUT",MEDIUM,Do not treat as user input,NONE,RESOLVED
D07560CA6C1A762716E1927A130E7CA697DB0AB9BDA8E8A33C7A0ACBB6FDBFEA,Ec_IO,D87,0.175,,above:D80:Rate,Rate,M-CP-01 Parameters/Ec_IO,ASSUMPTION,ASSUMPTION,Rate/fraction with economic label: rate,MEDIUM,Critical path parameter surface,NONE,RESOLVED
D07560CA6C1A762716E1927A130E7CA697DB0AB9BDA8E8A33C7A0ACBB6FDBFEA,Ec_IO,E87,62.6252214158992,,above:E80:NPV,NPV,M-CP-01 Parameters/Ec_IO,PRESENTATION,PRESENTATION,"NPV/payout/results-side label — presentation/result mirror or table seed, not INPUT",MEDIUM,Do not treat as user input,NONE,RESOLVED
D07560CA6C1A762716E1927A130E7CA697DB0AB9BDA8E8A33C7A0ACBB6FDBFEA,Ec_IO,D88,0.2,,above:D80:Rate,Rate,M-CP-01 Parameters/Ec_IO,ASSUMPTION,ASSUMPTION,Rate/fraction with economic label: rate,MEDIUM,Critical path parameter surface,NONE,RESOLVED
D07560CA6C1A762716E1927A130E7CA697DB0AB9BDA8E8A33C7A0ACBB6FDBFEA,Ec_IO,E88,49.3470941375003,,above:E80:NPV,NPV,M-CP-01 Parameters/Ec_IO,PRESENTATION,PRESENTATION,"NPV/payout/results-side label — presentation/result mirror or table seed, not INPUT",MEDIUM,Do not treat as user input,NONE,RESOLVED
D07560CA6C1A762716E1927A130E7CA697DB0AB9BDA8E8A33C7A0ACBB6FDBFEA,Ec_IO,D89,0.225,,,,M-CP-01 Parameters/Ec_IO,FORMULA COEFFICIENT,FORMULA COEFFICIENT,Unit interval without strong economic label: ,LOW,Critical path parameter surface,NONE,RESOLVED
D07560CA6C1A762716E1927A130E7CA697DB0AB9BDA8E8A33C7A0ACBB6FDBFEA,Ec_IO,E89,37.9016185025435,,,Sensitivity table (Oil Price NPV/Payout or Discount Rate NPV),M-CP-01 Parameters/Ec_IO,PRESENTATION,PRESENTATION,"Ec_IO oil-price / discount-rate sensitivity table residual (NPV / Disc. Payout) — presentation/scenario table, not case INPUT",HIGH,Sensitivity table seed; deferred with Analysis/sensitivity scope,NONE,RESOLVED
D07560CA6C1A762716E1927A130E7CA697DB0AB9BDA8E8A33C7A0ACBB6FDBFEA,Ec_IO,D90,0.25,,,,M-CP-01 Parameters/Ec_IO,FORMULA COEFFICIENT,FORMULA COEFFICIENT,Unit interval without strong economic label: ,LOW,Critical path parameter surface,NONE,RESOLVED
D07560CA6C1A762716E1927A130E7CA697DB0AB9BDA8E8A33C7A0ACBB6FDBFEA,Ec_IO,E90,28.0010093238785,,,Sensitivity table (Oil Price NPV/Payout or Discount Rate NPV),M-CP-01 Parameters/Ec_IO,PRESENTATION,PRESENTATION,"Ec_IO oil-price / discount-rate sensitivity table residual (NPV / Disc. Payout) — presentation/scenario table, not case INPUT",HIGH,Sensitivity table seed; deferred with Analysis/sensitivity scope,NONE,RESOLVED
D07560CA6C1A762716E1927A130E7CA697DB0AB9BDA8E8A33C7A0ACBB6FDBFEA,Ec_IO,D91,0.275,,,,M-CP-01 Parameters/Ec_IO,FORMULA COEFFICIENT,FORMULA COEFFICIENT,Unit interval without strong economic label: ,LOW,Critical path parameter surface,NONE,RESOLVED
D07560CA6C1A762716E1927A130E7CA697DB0AB9BDA8E8A33C7A0ACBB6FDBFEA,Ec_IO,E91,19.4092786339426,,,Sensitivity table (Oil Price NPV/Payout or Discount Rate NPV),M-CP-01 Parameters/Ec_IO,PRESENTATION,PRESENTATION,"Ec_IO oil-price / discount-rate sensitivity table residual (NPV / Disc. Payout) — presentation/scenario table, not case INPUT",HIGH,Sensitivity table seed; deferred with Analysis/sensitivity scope,NONE,RESOLVED
D07560CA6C1A762716E1927A130E7CA697DB0AB9BDA8E8A33C7A0ACBB6FDBFEA,Ec_IO,D92,0.3,,,,M-CP-01 Parameters/Ec_IO,FORMULA COEFFICIENT,FORMULA COEFFICIENT,Unit interval without strong economic label: ,LOW,Critical path parameter surface,NONE,RESOLVED
D07560CA6C1A762716E1927A130E7CA697DB0AB9BDA8E8A33C7A0ACBB6FDBFEA,Ec_IO,E92,11.9317612933976,,,Sensitivity table (Oil Price NPV/Payout or Discount Rate NPV),M-CP-01 Parameters/Ec_IO,PRESENTATION,PRESENTATION,"Ec_IO oil-price / discount-rate sensitivity table residual (NPV / Disc. Payout) — presentation/scenario table, not case INPUT",HIGH,Sensitivity table seed; deferred with Analysis/sensitivity scope,NONE,RESOLVED
D07560CA6C1A762716E1927A130E7CA697DB0AB9BDA8E8A33C7A0ACBB6FDBFEA,Ec_IO,D93,0.325,,,,M-CP-01 Parameters/Ec_IO,FORMULA COEFFICIENT,FORMULA COEFFICIENT,Unit interval without strong economic label: ,LOW,Critical path parameter surface,NONE,RESOLVED
D07560CA6C1A762716E1927A130E7CA697DB0AB9BDA8E8A33C7A0ACBB6FDBFEA,Ec_IO,E93,5.40697528565144,,,Sensitivity table (Oil Price NPV/Payout or Discount Rate NPV),M-CP-01 Parameters/Ec_IO,PRESENTATION,PRESENTATION,"Ec_IO oil-price / discount-rate sensitivity table residual (NPV / Disc. Payout) — presentation/scenario table, not case INPUT",HIGH,Sensitivity table seed; deferred with Analysis/sensitivity scope,NONE,RESOLVED
D07560CA6C1A762716E1927A130E7CA697DB0AB9BDA8E8A33C7A0ACBB6FDBFEA,Ec_IO,D94,0.35,,,,M-CP-01 Parameters/Ec_IO,FORMULA COEFFICIENT,FORMULA COEFFICIENT,Unit interval without strong economic label: ,LOW,Critical path parameter surface,NONE,RESOLVED
D07560CA6C1A762716E1927A130E7CA697DB0AB9BDA8E8A33C7A0ACBB6FDBFEA,Ec_IO,E94,-0.299748143119898,,,,M-CP-01 Parameters/Ec_IO,FORMULA COEFFICIENT,FORMULA COEFFICIENT,Unit interval without strong economic label: ,LOW,Critical path parameter surface,NONE,RESOLVED
D07560CA6C1A762716E1927A130E7CA697DB0AB9BDA8E8A33C7A0ACBB6FDBFEA,Ec_IO,D95,0.375,,,,M-CP-01 Parameters/Ec_IO,FORMULA COEFFICIENT,FORMULA COEFFICIENT,Unit interval without strong economic label: ,LOW,Critical path parameter surface,NONE,RESOLVED
D07560CA6C1A762716E1927A130E7CA697DB0AB9BDA8E8A33C7A0ACBB6FDBFEA,Ec_IO,E95,-5.30128278186981,,,Sensitivity table (Oil Price NPV/Payout or Discount Rate NPV),M-CP-01 Parameters/Ec_IO,PRESENTATION,PRESENTATION,"Ec_IO oil-price / discount-rate sensitivity table residual (NPV / Disc. Payout) — presentation/scenario table, not case INPUT",HIGH,Sensitivity table seed; deferred with Analysis/sensitivity scope,NONE,RESOLVED
D07560CA6C1A762716E1927A130E7CA697DB0AB9BDA8E8A33C7A0ACBB6FDBFEA,Ec_IO,D96,0.4,,,,M-CP-01 Parameters/Ec_IO,FORMULA COEFFICIENT,FORMULA COEFFICIENT,Unit interval without strong economic label: ,LOW,Critical path parameter surface,NONE,RESOLVED
D07560CA6C1A762716E1927A130E7CA697DB0AB9BDA8E8A33C7A0ACBB6FDBFEA,Ec_IO,E96,-9.69268631793874,,,Sensitivity table (Oil Price NPV/Payout or Discount Rate NPV),M-CP-01 Parameters/Ec_IO,PRESENTATION,PRESENTATION,"Ec_IO oil-price / discount-rate sensitivity table residual (NPV / Disc. Payout) — presentation/scenario table, not case INPUT",HIGH,Sensitivity table seed; deferred with Analysis/sensitivity scope,NONE,RESOLVED
D07560CA6C1A762716E1927A130E7CA697DB0AB9BDA8E8A33C7A0ACBB6FDBFEA,Ec_IO,D97,0.425,,,,M-CP-01 Parameters/Ec_IO,FORMULA COEFFICIENT,FORMULA COEFFICIENT,Unit interval without strong economic label: ,LOW,Critical path parameter surface,NONE,RESOLVED
D07560CA6C1A762716E1927A130E7CA697DB0AB9BDA8E8A33C7A0ACBB6FDBFEA,Ec_IO,E97,-13.5543743930911,,,Sensitivity table (Oil Price NPV/Payout or Discount Rate NPV),M-CP-01 Parameters/Ec_IO,PRESENTATION,PRESENTATION,"Ec_IO oil-price / discount-rate sensitivity table residual (NPV / Disc. Payout) — presentation/scenario table, not case INPUT",HIGH,Sensitivity table seed; deferred with Analysis/sensitivity scope,NONE,RESOLVED
D07560CA6C1A762716E1927A130E7CA697DB0AB9BDA8E8A33C7A0ACBB6FDBFEA,Ec_IO,D98,0.45,,,,M-CP-01 Parameters/Ec_IO,FORMULA COEFFICIENT,FORMULA COEFFICIENT,Unit interval without strong economic label: ,LOW,Critical path parameter surface,NONE,RESOLVED
D07560CA6C1A762716E1927A130E7CA697DB0AB9BDA8E8A33C7A0ACBB6FDBFEA,Ec_IO,E98,-16.9546674699772,,,Sensitivity table (Oil Price NPV/Payout or Discount Rate NPV),M-CP-01 Parameters/Ec_IO,PRESENTATION,PRESENTATION,"Ec_IO oil-price / discount-rate sensitivity table residual (NPV / Disc. Payout) — presentation/scenario table, not case INPUT",HIGH,Sensitivity table seed; deferred with Analysis/sensitivity scope,NONE,RESOLVED
D07560CA6C1A762716E1927A130E7CA697DB0AB9BDA8E8A33C7A0ACBB6FDBFEA,Ec_IO,D99,0.475,,,,M-CP-01 Parameters/Ec_IO,FORMULA COEFFICIENT,FORMULA COEFFICIENT,Unit interval without strong economic label: ,LOW,Critical path parameter surface,NONE,RESOLVED
D07560CA6C1A762716E1927A130E7CA697DB0AB9BDA8E8A33C7A0ACBB6FDBFEA,Ec_IO,E99,-19.9518458828025,,,Sensitivity table (Oil Price NPV/Payout or Discount Rate NPV),M-CP-01 Parameters/Ec_IO,PRESENTATION,PRESENTATION,"Ec_IO oil-price / discount-rate sensitivity table residual (NPV / Disc. Payout) — presentation/scenario table, not case INPUT",HIGH,Sensitivity table seed; deferred with Analysis/sensitivity scope,NONE,RESOLVED
D07560CA6C1A762716E1927A130E7CA697DB0AB9BDA8E8A33C7A0ACBB6FDBFEA,Ec_IO,D100,0.5,,,,M-CP-01 Parameters/Ec_IO,FORMULA COEFFICIENT,FORMULA COEFFICIENT,Unit interval without strong economic label: ,LOW,Critical path parameter surface,NONE,RESOLVED
D07560CA6C1A762716E1927A130E7CA697DB0AB9BDA8E8A33C7A0ACBB6FDBFEA,Ec_IO,E100,-22.5958169230492,,,Sensitivity table (Oil Price NPV/Payout or Discount Rate NPV),M-CP-01 Parameters/Ec_IO,PRESENTATION,PRESENTATION,"Ec_IO oil-price / discount-rate sensitivity table residual (NPV / Disc. Payout) — presentation/scenario table, not case INPUT",HIGH,Sensitivity table seed; deferred with Analysis/sensitivity scope,NONE,RESOLVED
D07560CA6C1A762716E1927A130E7CA697DB0AB9BDA8E8A33C7A0ACBB6FDBFEA,Equity Dash,C4,0.49,,left:B4:Company 1 | row:A4:Acquisition,Company 1 | Acquisition,M-CP-01 Parameters/Equity,INPUT,INPUT,PO CLOSED: Equity Dash Share Company 1 is independent user INPUT,HIGH,Required case input for equity/econ path,NONE,RESOLVED
D07560CA6C1A762716E1927A130E7CA697DB0AB9BDA8E8A33C7A0ACBB6FDBFEA,Equity Dash,D4,1,,left:B4:Company 1 | above:D3:ACQUISITION COST | row:A4:Acquisition | colhdr:D3:ACQUISITION COST,Company 1 | ACQUISITION COST | Acquisition | ACQUISITION COST,M-CP-01 Parameters/Equity,DEFAULT/STRUCTURAL,DEFAULT/STRUCTURAL,Unity literal; treated as structural unless later contradicted,LOW,Critical path parameter surface,NONE,RESOLVED
D07560CA6C1A762716E1927A130E7CA697DB0AB9BDA8E8A33C7A0ACBB6FDBFEA,Equity Dash,H4,2026,,left:F4:YR1 | row:A4:Acquisition,YR1 | Acquisition,M-CP-01 Parameters/Equity,ASSUMPTION,ASSUMPTION,Calendar year-like value; labels=yr1 acquisition,MEDIUM,Critical path parameter surface,NONE,RESOLVED
D07560CA6C1A762716E1927A130E7CA697DB0AB9BDA8E8A33C7A0ACBB6FDBFEA,Equity Dash,K4,2026,,left:F4:YR1 | row:A4:Acquisition,YR1 | Acquisition,M-CP-01 Parameters/Equity,ASSUMPTION,ASSUMPTION,Calendar year-like value; labels=yr1 acquisition,MEDIUM,Critical path parameter surface,NONE,RESOLVED
D07560CA6C1A762716E1927A130E7CA697DB0AB9BDA8E8A33C7A0ACBB6FDBFEA,Equity Dash,M5,2028,,left:F5:YR2 | above:M3:YEAR | row:B5:Company 2 | colhdr:M2:LOAN AMORTIZATION | colhdr:M3:YEAR,YR2 | YEAR | Company 2 | LOAN AMORTIZATION | YEAR,M-CP-01 Parameters/Equity,ASSUMPTION,ASSUMPTION,Calendar year-like value; labels=yr2 year company 2 loan amortization year,MEDIUM,Critical path parameter surface,NONE,RESOLVED
D07560CA6C1A762716E1927A130E7CA697DB0AB9BDA8E8A33C7A0ACBB6FDBFEA,Equity Dash,N5,1,,left:F5:YR2 | above:N3:PERIOD | row:B5:Company 2 | colhdr:N3:PERIOD,YR2 | PERIOD | Company 2 | PERIOD,M-CP-01 Parameters/Equity,DEFAULT/STRUCTURAL,DEFAULT/STRUCTURAL,Unity literal; treated as structural unless later contradicted,LOW,Critical path parameter surface,NONE,RESOLVED
D07560CA6C1A762716E1927A130E7CA697DB0AB9BDA8E8A33C7A0ACBB6FDBFEA,Equity Dash,O5,-206.03979961588,,above:O3:PAYMENT | row:B5:Company 2 | colhdr:O3:PAYMENT,PAYMENT | Company 2 | PAYMENT,M-CP-01 Parameters/Equity,ASSUMPTION,ASSUMPTION,Equity Dash non-share numeric; only C4 is CONFIRMED INPUT share,MEDIUM,Critical path parameter surface,NONE,RESOLVED
D07560CA6C1A762716E1927A130E7CA697DB0AB9BDA8E8A33C7A0ACBB6FDBFEA,Equity Dash,P5,-196.03979961588,,above:P3:PRINCIPAL | row:B5:Company 2 | colhdr:P3:PRINCIPAL,PRINCIPAL | Company 2 | PRINCIPAL,M-CP-01 Parameters/Equity,ASSUMPTION,ASSUMPTION,Equity Dash non-share numeric; only C4 is CONFIRMED INPUT share,MEDIUM,Critical path parameter surface,NONE,RESOLVED
D07560CA6C1A762716E1927A130E7CA697DB0AB9BDA8E8A33C7A0ACBB6FDBFEA,Equity Dash,Q5,-10,,above:Q3:INTEREST | row:B5:Company 2 | colhdr:Q3:INTEREST,INTEREST | Company 2 | INTEREST,M-CP-01 Parameters/Equity,ASSUMPTION,ASSUMPTION,Equity Dash non-share numeric; only C4 is CONFIRMED INPUT share,MEDIUM,Critical path parameter surface,NONE,RESOLVED
D07560CA6C1A762716E1927A130E7CA697DB0AB9BDA8E8A33C7A0ACBB6FDBFEA,Equity Dash,R5,803.96020038412,,above:R3:BALANCE | row:B5:Company 2 | colhdr:R3:BALANCE,BALANCE | Company 2 | BALANCE,M-CP-01 Parameters/Equity,ASSUMPTION,ASSUMPTION,Equity Dash non-share numeric; only C4 is CONFIRMED INPUT share,MEDIUM,Critical path parameter surface,NONE,RESOLVED
D07560CA6C1A762716E1927A130E7CA697DB0AB9BDA8E8A33C7A0ACBB6FDBFEA,Equity Dash,C6,1,,left:B6:Project | row:B6:Project,Project | Project,M-CP-01 Parameters/Equity,DEFAULT/STRUCTURAL,DEFAULT/STRUCTURAL,Unity with structural label context: project project,MEDIUM,Critical path parameter surface,NONE,RESOLVED
D07560CA6C1A762716E1927A130E7CA697DB0AB9BDA8E8A33C7A0ACBB6FDBFEA,Equity Dash,M6,2029,,left:F6:YR3 | above:M3:YEAR | row:B6:Project | colhdr:M2:LOAN AMORTIZATION | colhdr:M3:YEAR,YR3 | YEAR | Project | LOAN AMORTIZATION | YEAR,M-CP-01 Parameters/Equity,ASSUMPTION,ASSUMPTION,Calendar year-like value; labels=yr3 year project loan amortization year,MEDIUM,Critical path parameter surface,NONE,RESOLVED
D07560CA6C1A762716E1927A130E7CA697DB0AB9BDA8E8A33C7A0ACBB6FDBFEA,Equity Dash,N6,2,,left:F6:YR3 | above:N3:PERIOD | row:B6:Project | colhdr:N3:PERIOD,YR3 | PERIOD | Project | PERIOD,M-CP-01 Parameters/Equity,ASSUMPTION,ASSUMPTION,Small integer with schedule/stage label: yr3 period project period,MEDIUM,Critical path parameter surface,NONE,RESOLVED
D07560CA6C1A762716E1927A130E7CA697DB0AB9BDA8E8A33C7A0ACBB6FDBFEA,Equity Dash,O6,-206.03979961588,,above:O3:PAYMENT | row:B6:Project | colhdr:O3:PAYMENT,PAYMENT | Project | PAYMENT,M-CP-01 Parameters/Equity,ASSUMPTION,ASSUMPTION,Equity Dash non-share numeric; only C4 is CONFIRMED INPUT share,MEDIUM,Critical path parameter surface,NONE,RESOLVED
D07560CA6C1A762716E1927A130E7CA697DB0AB9BDA8E8A33C7A0ACBB6FDBFEA,Equity Dash,P6,-198.000197612039,,above:P3:PRINCIPAL | row:B6:Project | colhdr:P3:PRINCIPAL,PRINCIPAL | Project | PRINCIPAL,M-CP-01 Parameters/Equity,ASSUMPTION,ASSUMPTION,Equity Dash non-share numeric; only C4 is CONFIRMED INPUT share,MEDIUM,Critical path parameter surface,NONE,RESOLVED
D07560CA6C1A762716E1927A130E7CA697DB0AB9BDA8E8A33C7A0ACBB6FDBFEA,Equity Dash,Q6,-8.0396020038412,,above:Q3:INTEREST | row:B6:Project | colhdr:Q3:INTEREST,INTEREST | Project | INTEREST,M-CP-01 Parameters/Equity,ASSUMPTION,ASSUMPTION,Equity Dash non-share numeric; only C4 is CONFIRMED INPUT share,MEDIUM,Critical path parameter surface,NONE,RESOLVED
D07560CA6C1A762716E1927A130E7CA697DB0AB9BDA8E8A33C7A0ACBB6FDBFEA,Equity Dash,R6,605.960002772081,,above:R3:BALANCE | row:B6:Project | colhdr:R3:BALANCE,BALANCE | Project | BALANCE,M-CP-01 Parameters/Equity,ASSUMPTION,ASSUMPTION,Equity Dash non-share numeric; only C4 is CONFIRMED INPUT share,MEDIUM,Critical path parameter surface,NONE,RESOLVED
D07560CA6C1A762716E1927A130E7CA697DB0AB9BDA8E8A33C7A0ACBB6FDBFEA,Equity Dash,M7,2030,,left:F7:YR4 | above:M3:YEAR | colhdr:M2:LOAN AMORTIZATION | colhdr:M3:YEAR,YR4 | YEAR | LOAN AMORTIZATION | YEAR,M-CP-01 Parameters/Equity,ASSUMPTION,ASSUMPTION,Calendar year-like value; labels=yr4 year loan amortization year,MEDIUM,Critical path parameter surface,NONE,RESOLVED
D07560CA6C1A762716E1927A130E7CA697DB0AB9BDA8E8A33C7A0ACBB6FDBFEA,Equity Dash,N7,3,,left:F7:YR4 | above:N3:PERIOD | colhdr:N3:PERIOD,YR4 | PERIOD | PERIOD,M-CP-01 Parameters/Equity,ASSUMPTION,ASSUMPTION,Small integer with schedule/stage label: yr4 period period,MEDIUM,Critical path parameter surface,NONE,RESOLVED
D07560CA6C1A762716E1927A130E7CA697DB0AB9BDA8E8A33C7A0ACBB6FDBFEA,Equity Dash,O7,-206.03979961588,,above:O3:PAYMENT | colhdr:O3:PAYMENT,PAYMENT | PAYMENT,M-CP-01 Parameters/Equity,ASSUMPTION,ASSUMPTION,Equity Dash non-share numeric; only C4 is CONFIRMED INPUT share,MEDIUM,Critical path parameter surface,NONE,RESOLVED
D07560CA6C1A762716E1927A130E7CA697DB0AB9BDA8E8A33C7A0ACBB6FDBFEA,Equity Dash,P7,-199.980199588159,,above:P3:PRINCIPAL | colhdr:P3:PRINCIPAL,PRINCIPAL | PRINCIPAL,M-CP-01 Parameters/Equity,ASSUMPTION,ASSUMPTION,Equity Dash non-share numeric; only C4 is CONFIRMED INPUT share,MEDIUM,Critical path parameter surface,NONE,RESOLVED
D07560CA6C1A762716E1927A130E7CA697DB0AB9BDA8E8A33C7A0ACBB6FDBFEA,Equity Dash,Q7,-6.05960002772081,,above:Q3:INTEREST | colhdr:Q3:INTEREST,INTEREST | INTEREST,M-CP-01 Parameters/Equity,ASSUMPTION,ASSUMPTION,Equity Dash non-share numeric; only C4 is CONFIRMED INPUT share,MEDIUM,Critical path parameter surface,NONE,RESOLVED
D07560CA6C1A762716E1927A130E7CA697DB0AB9BDA8E8A33C7A0ACBB6FDBFEA,Equity Dash,R7,405.979803183922,,above:R3:BALANCE | colhdr:R3:BALANCE,BALANCE | BALANCE,M-CP-01 Parameters/Equity,ASSUMPTION,ASSUMPTION,Equity Dash non-share numeric; only C4 is CONFIRMED INPUT share,MEDIUM,Critical path parameter surface,NONE,RESOLVED
D07560CA6C1A762716E1927A130E7CA697DB0AB9BDA8E8A33C7A0ACBB6FDBFEA,Equity Dash,C8,0.01,,left:B8:Interest Rate | row:A8:Equity,Interest Rate | Equity,M-CP-01 Parameters/Equity,INPUT,INPUT,Share-like on Equity Dash; labels=interest rate equity,MEDIUM,Required case input for equity/econ path,NONE,RESOLVED
D07560CA6C1A762716E1927A130E7CA697DB0AB9BDA8E8A33C7A0ACBB6FDBFEA,Equity Dash,M8,2031,,left:F8:YR5 | above:M3:YEAR | row:A8:Equity | colhdr:M2:LOAN AMORTIZATION | colhdr:M3:YEAR,YR5 | YEAR | Equity | LOAN AMORTIZATION | YEAR,M-CP-01 Parameters/Equity,ASSUMPTION,ASSUMPTION,Calendar year-like value; labels=yr5 year equity loan amortization year,MEDIUM,Critical path parameter surface,NONE,RESOLVED
D07560CA6C1A762716E1927A130E7CA697DB0AB9BDA8E8A33C7A0ACBB6FDBFEA,Equity Dash,N8,4,,left:F8:YR5 | above:N3:PERIOD | row:A8:Equity | colhdr:N3:PERIOD,YR5 | PERIOD | Equity | PERIOD,M-CP-01 Parameters/Equity,ASSUMPTION,ASSUMPTION,Small integer with schedule/stage label: yr5 period equity period,MEDIUM,Critical path parameter surface,NONE,RESOLVED
D07560CA6C1A762716E1927A130E7CA697DB0AB9BDA8E8A33C7A0ACBB6FDBFEA,Equity Dash,O8,-206.03979961588,,above:O3:PAYMENT | row:A8:Equity | colhdr:O3:PAYMENT,PAYMENT | Equity | PAYMENT,M-CP-01 Parameters/Equity,ASSUMPTION,ASSUMPTION,Equity Dash non-share numeric; only C4 is CONFIRMED INPUT share,MEDIUM,Critical path parameter surface,NONE,RESOLVED
D07560CA6C1A762716E1927A130E7CA697DB0AB9BDA8E8A33C7A0ACBB6FDBFEA,Equity Dash,P8,-201.980001584041,,above:P3:PRINCIPAL | row:A8:Equity | colhdr:P3:PRINCIPAL,PRINCIPAL | Equity | PRINCIPAL,M-CP-01 Parameters/Equity,ASSUMPTION,ASSUMPTION,Equity Dash non-share numeric; only C4 is CONFIRMED INPUT share,MEDIUM,Critical path parameter surface,NONE,RESOLVED
D07560CA6C1A762716E1927A130E7CA697DB0AB9BDA8E8A33C7A0ACBB6FDBFEA,Equity Dash,Q8,-4.05979803183922,,above:Q3:INTEREST | row:A8:Equity | colhdr:Q3:INTEREST,INTEREST | Equity | INTEREST,M-CP-01 Parameters/Equity,ASSUMPTION,ASSUMPTION,Equity Dash non-share numeric; only C4 is CONFIRMED INPUT share,MEDIUM,Critical path parameter surface,NONE,RESOLVED
D07560CA6C1A762716E1927A130E7CA697DB0AB9BDA8E8A33C7A0ACBB6FDBFEA,Equity Dash,R8,203.999801599881,,above:R3:BALANCE | row:A8:Equity | colhdr:R3:BALANCE,BALANCE | Equity | BALANCE,M-CP-01 Parameters/Equity,ASSUMPTION,ASSUMPTION,Equity Dash non-share numeric; only C4 is CONFIRMED INPUT share,MEDIUM,Critical path parameter surface,NONE,RESOLVED
D07560CA6C1A762716E1927A130E7CA697DB0AB9BDA8E8A33C7A0ACBB6FDBFEA,Equity Dash,C9,5,,left:B9:Loan Duration | row:B9:Loan Duration,Loan Duration | Loan Duration,M-CP-01 Parameters/Equity,ASSUMPTION,ASSUMPTION,Small integer with schedule/stage label: loan duration loan duration,MEDIUM,Critical path parameter surface,NONE,RESOLVED
D07560CA6C1A762716E1927A130E7CA697DB0AB9BDA8E8A33C7A0ACBB6FDBFEA,Equity Dash,M9,2032,,above:M3:YEAR | row:B9:Loan Duration | colhdr:M2:LOAN AMORTIZATION | colhdr:M3:YEAR,YEAR | Loan Duration | LOAN AMORTIZATION | YEAR,M-CP-01 Parameters/Equity,ASSUMPTION,ASSUMPTION,Calendar year-like value; labels=year loan duration loan amortization year,MEDIUM,Critical path parameter surface,NONE,RESOLVED
D07560CA6C1A762716E1927A130E7CA697DB0AB9BDA8E8A33C7A0ACBB6FDBFEA,Equity Dash,N9,5,,above:N3:PERIOD | row:B9:Loan Duration | colhdr:N3:PERIOD,PERIOD | Loan Duration | PERIOD,M-CP-01 Parameters/Equity,ASSUMPTION,ASSUMPTION,Small integer with schedule/stage label: period loan duration period,MEDIUM,Critical path parameter surface,NONE,RESOLVED
D07560CA6C1A762716E1927A130E7CA697DB0AB9BDA8E8A33C7A0ACBB6FDBFEA,Equity Dash,O9,-206.03979961588,,above:O3:PAYMENT | row:B9:Loan Duration | colhdr:O3:PAYMENT,PAYMENT | Loan Duration | PAYMENT,M-CP-01 Parameters/Equity,ASSUMPTION,ASSUMPTION,Economic magnitude with label: payment loan duration payment,MEDIUM,Critical path parameter surface,NONE,RESOLVED
D07560CA6C1A762716E1927A130E7CA697DB0AB9BDA8E8A33C7A0ACBB6FDBFEA,Equity Dash,P9,-203.999801599881,,above:P3:PRINCIPAL | row:B9:Loan Duration | colhdr:P3:PRINCIPAL,PRINCIPAL | Loan Duration | PRINCIPAL,M-CP-01 Parameters/Equity,ASSUMPTION,ASSUMPTION,Economic magnitude with label: principal loan duration principal,MEDIUM,Critical path parameter surface,NONE,RESOLVED
D07560CA6C1A762716E1927A130E7CA697DB0AB9BDA8E8A33C7A0ACBB6FDBFEA,Equity Dash,Q9,-2.03999801599881,,above:Q3:INTEREST | row:B9:Loan Duration | colhdr:Q3:INTEREST,INTEREST | Loan Duration | INTEREST,M-CP-01 Parameters/Equity,ASSUMPTION,ASSUMPTION,Percent/threshold-like: interest loan duration interest,MEDIUM,Critical path parameter surface,NONE,RESOLVED
D07560CA6C1A762716E1927A130E7CA697DB0AB9BDA8E8A33C7A0ACBB6FDBFEA,Equity Dash,R9,0,,above:R3:BALANCE | row:B9:Loan Duration | colhdr:R3:BALANCE,BALANCE | Loan Duration | BALANCE,M-CP-01 Parameters/Equity,DEFAULT/STRUCTURAL,DEFAULT/STRUCTURAL,Zero literal common structural seed,MEDIUM,Critical path parameter surface,NONE,RESOLVED
D07560CA6C1A762716E1927A130E7CA697DB0AB9BDA8E8A33C7A0ACBB6FDBFEA,Equity Dash,C10,1,,left:B10:Payments per Year | row:B10:Payments per Year,Payments per Year | Payments per Year,M-CP-01 Parameters/Equity,DEFAULT/STRUCTURAL,DEFAULT/STRUCTURAL,Unity literal; treated as structural unless later contradicted,LOW,Critical path parameter surface,NONE,RESOLVED
D07560CA6C1A762716E1927A130E7CA697DB0AB9BDA8E8A33C7A0ACBB6FDBFEA,Equity Dash,C11,1000,,"left:B11:Loan Amount, $ | row:B11:Loan Amount, $","Loan Amount, $ | Loan Amount, $",M-CP-01 Parameters/Equity,ASSUMPTION,ASSUMPTION,"Economic magnitude with label: loan amount, $ loan amount, $",MEDIUM,Critical path parameter surface,NONE,RESOLVED
D07560CA6C1A762716E1927A130E7CA697DB0AB9BDA8E8A33C7A0ACBB6FDBFEA,Fiscal Terms_PIA,V3,3,,"left:U3:Onshore | above:V2:INITIAL DURATION, YRS | colhdr:V2:INITIAL DURATION, YRS","Onshore | INITIAL DURATION, YRS | INITIAL DURATION, YRS",M-CP-01 Fiscal LAW TABLE,CONSTANT,CONSTANT,PO CLOSED: Fiscal Terms_PIA is LAW TABLE / regulatory constants,HIGH,Regulatory rate/threshold for fiscal calcs,NONE,RESOLVED
D07560CA6C1A762716E1927A130E7CA697DB0AB9BDA8E8A33C7A0ACBB6FDBFEA,Fiscal Terms_PIA,W3,3,,"left:U3:Onshore | above:W2:EXTENDED DURATION, YRS | colhdr:W2:EXTENDED DURATION, YRS","Onshore | EXTENDED DURATION, YRS | EXTENDED DURATION, YRS",M-CP-01 Fiscal LAW TABLE,CONSTANT,CONSTANT,PO CLOSED: Fiscal Terms_PIA is LAW TABLE / regulatory constants,HIGH,Regulatory rate/threshold for fiscal calcs,NONE,RESOLVED
D07560CA6C1A762716E1927A130E7CA697DB0AB9BDA8E8A33C7A0ACBB6FDBFEA,Fiscal Terms_PIA,V4,3,,"left:U4:Shallow | above:V2:INITIAL DURATION, YRS | colhdr:V2:INITIAL DURATION, YRS","Shallow | INITIAL DURATION, YRS | INITIAL DURATION, YRS",M-CP-01 Fiscal LAW TABLE,CONSTANT,CONSTANT,PO CLOSED: Fiscal Terms_PIA is LAW TABLE / regulatory constants,HIGH,Regulatory rate/threshold for fiscal calcs,NONE,RESOLVED
D07560CA6C1A762716E1927A130E7CA697DB0AB9BDA8E8A33C7A0ACBB6FDBFEA,Fiscal Terms_PIA,W4,3,,"left:U4:Shallow | above:W2:EXTENDED DURATION, YRS | colhdr:W2:EXTENDED DURATION, YRS","Shallow | EXTENDED DURATION, YRS | EXTENDED DURATION, YRS",M-CP-01 Fiscal LAW TABLE,CONSTANT,CONSTANT,PO CLOSED: Fiscal Terms_PIA is LAW TABLE / regulatory constants,HIGH,Regulatory rate/threshold for fiscal calcs,NONE,RESOLVED
D07560CA6C1A762716E1927A130E7CA697DB0AB9BDA8E8A33C7A0ACBB6FDBFEA,Fiscal Terms_PIA,V5,5,,"left:U5:Deep Offshore | above:V2:INITIAL DURATION, YRS | colhdr:V2:INITIAL DURATION, YRS","Deep Offshore | INITIAL DURATION, YRS | INITIAL DURATION, YRS",M-CP-01 Fiscal LAW TABLE,CONSTANT,CONSTANT,PO CLOSED: Fiscal Terms_PIA is LAW TABLE / regulatory constants,HIGH,Regulatory rate/threshold for fiscal calcs,NONE,RESOLVED
D07560CA6C1A762716E1927A130E7CA697DB0AB9BDA8E8A33C7A0ACBB6FDBFEA,Fiscal Terms_PIA,W5,5,,"left:U5:Deep Offshore | above:W2:EXTENDED DURATION, YRS | colhdr:W2:EXTENDED DURATION, YRS","Deep Offshore | EXTENDED DURATION, YRS | EXTENDED DURATION, YRS",M-CP-01 Fiscal LAW TABLE,CONSTANT,CONSTANT,PO CLOSED: Fiscal Terms_PIA is LAW TABLE / regulatory constants,HIGH,Regulatory rate/threshold for fiscal calcs,NONE,RESOLVED
D07560CA6C1A762716E1927A130E7CA697DB0AB9BDA8E8A33C7A0ACBB6FDBFEA,Fiscal Terms_PIA,V7,3,,"left:U7:Onshore | above:V2:INITIAL DURATION, YRS | colhdr:V2:INITIAL DURATION, YRS","Onshore | INITIAL DURATION, YRS | INITIAL DURATION, YRS",M-CP-01 Fiscal LAW TABLE,CONSTANT,CONSTANT,PO CLOSED: Fiscal Terms_PIA is LAW TABLE / regulatory constants,HIGH,Regulatory rate/threshold for fiscal calcs,NONE,RESOLVED
D07560CA6C1A762716E1927A130E7CA697DB0AB9BDA8E8A33C7A0ACBB6FDBFEA,Fiscal Terms_PIA,W7,3,,"left:U7:Onshore | above:W2:EXTENDED DURATION, YRS | colhdr:W2:EXTENDED DURATION, YRS","Onshore | EXTENDED DURATION, YRS | EXTENDED DURATION, YRS",M-CP-01 Fiscal LAW TABLE,CONSTANT,CONSTANT,PO CLOSED: Fiscal Terms_PIA is LAW TABLE / regulatory constants,HIGH,Regulatory rate/threshold for fiscal calcs,NONE,RESOLVED
D07560CA6C1A762716E1927A130E7CA697DB0AB9BDA8E8A33C7A0ACBB6FDBFEA,Fiscal Terms_PIA,X7,350,,"left:U7:Onshore | above:X2:AREA, sqKm | colhdr:X2:AREA, sqKm","Onshore | AREA, sqKm | AREA, sqKm",M-CP-01 Fiscal LAW TABLE,CONSTANT,CONSTANT,PO CLOSED: Fiscal Terms_PIA is LAW TABLE / regulatory constants,HIGH,Regulatory rate/threshold for fiscal calcs,NONE,RESOLVED
D07560CA6C1A762716E1927A130E7CA697DB0AB9BDA8E8A33C7A0ACBB6FDBFEA,Fiscal Terms_PIA,V8,3,,"left:U8:Shallow | above:V2:INITIAL DURATION, YRS | colhdr:V2:INITIAL DURATION, YRS","Shallow | INITIAL DURATION, YRS | INITIAL DURATION, YRS",M-CP-01 Fiscal LAW TABLE,CONSTANT,CONSTANT,PO CLOSED: Fiscal Terms_PIA is LAW TABLE / regulatory constants,HIGH,Regulatory rate/threshold for fiscal calcs,NONE,RESOLVED
D07560CA6C1A762716E1927A130E7CA697DB0AB9BDA8E8A33C7A0ACBB6FDBFEA,Fiscal Terms_PIA,W8,3,,"left:U8:Shallow | above:W2:EXTENDED DURATION, YRS | colhdr:W2:EXTENDED DURATION, YRS","Shallow | EXTENDED DURATION, YRS | EXTENDED DURATION, YRS",M-CP-01 Fiscal LAW TABLE,CONSTANT,CONSTANT,PO CLOSED: Fiscal Terms_PIA is LAW TABLE / regulatory constants,HIGH,Regulatory rate/threshold for fiscal calcs,NONE,RESOLVED
D07560CA6C1A762716E1927A130E7CA697DB0AB9BDA8E8A33C7A0ACBB6FDBFEA,Fiscal Terms_PIA,X8,350,,"left:U8:Shallow | above:X2:AREA, sqKm | colhdr:X2:AREA, sqKm","Shallow | AREA, sqKm | AREA, sqKm",M-CP-01 Fiscal LAW TABLE,CONSTANT,CONSTANT,PO CLOSED: Fiscal Terms_PIA is LAW TABLE / regulatory constants,HIGH,Regulatory rate/threshold for fiscal calcs,NONE,RESOLVED
D07560CA6C1A762716E1927A130E7CA697DB0AB9BDA8E8A33C7A0ACBB6FDBFEA,Fiscal Terms_PIA,V9,5,,"left:U9:Deep Offshore | above:V2:INITIAL DURATION, YRS | colhdr:V2:INITIAL DURATION, YRS","Deep Offshore | INITIAL DURATION, YRS | INITIAL DURATION, YRS",M-CP-01 Fiscal LAW TABLE,CONSTANT,CONSTANT,PO CLOSED: Fiscal Terms_PIA is LAW TABLE / regulatory constants,HIGH,Regulatory rate/threshold for fiscal calcs,NONE,RESOLVED
D07560CA6C1A762716E1927A130E7CA697DB0AB9BDA8E8A33C7A0ACBB6FDBFEA,Fiscal Terms_PIA,W9,5,,"left:U9:Deep Offshore | above:W2:EXTENDED DURATION, YRS | colhdr:W2:EXTENDED DURATION, YRS","Deep Offshore | EXTENDED DURATION, YRS | EXTENDED DURATION, YRS",M-CP-01 Fiscal LAW TABLE,CONSTANT,CONSTANT,PO CLOSED: Fiscal Terms_PIA is LAW TABLE / regulatory constants,HIGH,Regulatory rate/threshold for fiscal calcs,NONE,RESOLVED
D07560CA6C1A762716E1927A130E7CA697DB0AB9BDA8E8A33C7A0ACBB6FDBFEA,Fiscal Terms_PIA,X9,1000,,"left:U9:Deep Offshore | above:X2:AREA, sqKm | colhdr:X2:AREA, sqKm","Deep Offshore | AREA, sqKm | AREA, sqKm",M-CP-01 Fiscal LAW TABLE,CONSTANT,CONSTANT,PO CLOSED: Fiscal Terms_PIA is LAW TABLE / regulatory constants,HIGH,Regulatory rate/threshold for fiscal calcs,NONE,RESOLVED
D07560CA6C1A762716E1927A130E7CA697DB0AB9BDA8E8A33C7A0ACBB6FDBFEA,Fiscal Terms_PIA,Z9,24822,,left:U9:Deep Offshore,Deep Offshore,M-CP-01 Fiscal LAW TABLE,CONSTANT,CONSTANT,PO CLOSED: Fiscal Terms_PIA is LAW TABLE / regulatory constants,HIGH,Regulatory rate/threshold for fiscal calcs,NONE,RESOLVED
D07560CA6C1A762716E1927A130E7CA697DB0AB9BDA8E8A33C7A0ACBB6FDBFEA,Fiscal Terms_PIA,AB9,31068,,left:U9:Deep Offshore,Deep Offshore,M-CP-01 Fiscal LAW TABLE,CONSTANT,CONSTANT,PO CLOSED: Fiscal Terms_PIA is LAW TABLE / regulatory constants,HIGH,Regulatory rate/threshold for fiscal calcs,NONE,RESOLVED
D07560CA6C1A762716E1927A130E7CA697DB0AB9BDA8E8A33C7A0ACBB6FDBFEA,Fiscal Terms_PIA,X10,1500,,"left:U10:Frontier | above:X2:AREA, sqKm | colhdr:X2:AREA, sqKm","Frontier | AREA, sqKm | AREA, sqKm",M-CP-01 Fiscal LAW TABLE,CONSTANT,CONSTANT,PO CLOSED: Fiscal Terms_PIA is LAW TABLE / regulatory constants,HIGH,Regulatory rate/threshold for fiscal calcs,NONE,RESOLVED
D07560CA6C1A762716E1927A130E7CA697DB0AB9BDA8E8A33C7A0ACBB6FDBFEA,Fiscal Terms_PIA,V11,20,,"left:U11:Onshore | colhdr:V2:INITIAL DURATION, YRS","Onshore | INITIAL DURATION, YRS",M-CP-01 Fiscal LAW TABLE,CONSTANT,CONSTANT,PO CLOSED: Fiscal Terms_PIA is LAW TABLE / regulatory constants,HIGH,Regulatory rate/threshold for fiscal calcs,NONE,RESOLVED
D07560CA6C1A762716E1927A130E7CA697DB0AB9BDA8E8A33C7A0ACBB6FDBFEA,Fiscal Terms_PIA,Z11,405.33,,left:X11:40% 0F PPL | above:Z10:OML 20,40% 0F PPL | OML 20,M-CP-01 Fiscal LAW TABLE,CONSTANT,CONSTANT,PO CLOSED: Fiscal Terms_PIA is LAW TABLE / regulatory constants,HIGH,Regulatory rate/threshold for fiscal calcs,NONE,RESOLVED
D07560CA6C1A762716E1927A130E7CA697DB0AB9BDA8E8A33C7A0ACBB6FDBFEA,Fiscal Terms_PIA,AA11,300,,left:X11:40% 0F PPL | above:AA10:OML 124,40% 0F PPL | OML 124,M-CP-01 Fiscal LAW TABLE,CONSTANT,CONSTANT,PO CLOSED: Fiscal Terms_PIA is LAW TABLE / regulatory constants,HIGH,Regulatory rate/threshold for fiscal calcs,NONE,RESOLVED
D07560CA6C1A762716E1927A130E7CA697DB0AB9BDA8E8A33C7A0ACBB6FDBFEA,Fiscal Terms_PIA,AB11,722,,left:X11:40% 0F PPL | above:AB10:OML 126,40% 0F PPL | OML 126,M-CP-01 Fiscal LAW TABLE,CONSTANT,CONSTANT,PO CLOSED: Fiscal Terms_PIA is LAW TABLE / regulatory constants,HIGH,Regulatory rate/threshold for fiscal calcs,NONE,RESOLVED
D07560CA6C1A762716E1927A130E7CA697DB0AB9BDA8E8A33C7A0ACBB6FDBFEA,Fiscal Terms_PIA,AC11,979,,left:X11:40% 0F PPL | above:AC10:OML 137,40% 0F PPL | OML 137,M-CP-01 Fiscal LAW TABLE,CONSTANT,CONSTANT,PO CLOSED: Fiscal Terms_PIA is LAW TABLE / regulatory constants,HIGH,Regulatory rate/threshold for fiscal calcs,NONE,RESOLVED
D07560CA6C1A762716E1927A130E7CA697DB0AB9BDA8E8A33C7A0ACBB6FDBFEA,Fiscal Terms_PIA,AH11,5.33,,,,M-CP-01 Fiscal LAW TABLE,CONSTANT,CONSTANT,PO CLOSED: Fiscal Terms_PIA is LAW TABLE / regulatory constants,HIGH,Regulatory rate/threshold for fiscal calcs,NONE,RESOLVED
D07560CA6C1A762716E1927A130E7CA697DB0AB9BDA8E8A33C7A0ACBB6FDBFEA,Fiscal Terms_PIA,V12,20,,"left:U12:Shallow | colhdr:V2:INITIAL DURATION, YRS","Shallow | INITIAL DURATION, YRS",M-CP-01 Fiscal LAW TABLE,CONSTANT,CONSTANT,PO CLOSED: Fiscal Terms_PIA is LAW TABLE / regulatory constants,HIGH,Regulatory rate/threshold for fiscal calcs,NONE,RESOLVED
D07560CA6C1A762716E1927A130E7CA697DB0AB9BDA8E8A33C7A0ACBB6FDBFEA,Fiscal Terms_PIA,Z12,153.808413181687,,left:X12:40% OF PPL | above:Z10:OML 20,40% OF PPL | OML 20,M-CP-01 Fiscal LAW TABLE,CONSTANT,CONSTANT,PO CLOSED: Fiscal Terms_PIA is LAW TABLE / regulatory constants,HIGH,Regulatory rate/threshold for fiscal calcs,NONE,RESOLVED
D07560CA6C1A762716E1927A130E7CA697DB0AB9BDA8E8A33C7A0ACBB6FDBFEA,Fiscal Terms_PIA,V13,20,,"left:U13:Deep Offshore | colhdr:V2:INITIAL DURATION, YRS","Deep Offshore | INITIAL DURATION, YRS",M-CP-01 Fiscal LAW TABLE,CONSTANT,CONSTANT,PO CLOSED: Fiscal Terms_PIA is LAW TABLE / regulatory constants,HIGH,Regulatory rate/threshold for fiscal calcs,NONE,RESOLVED
D07560CA6C1A762716E1927A130E7CA697DB0AB9BDA8E8A33C7A0ACBB6FDBFEA,Fiscal Terms_PIA,V14,20,,"left:U14:Frontier | colhdr:V2:INITIAL DURATION, YRS","Frontier | INITIAL DURATION, YRS",M-CP-01 Fiscal LAW TABLE,CONSTANT,CONSTANT,PO CLOSED: Fiscal Terms_PIA is LAW TABLE / regulatory constants,HIGH,Regulatory rate/threshold for fiscal calcs,NONE,RESOLVED
D07560CA6C1A762716E1927A130E7CA697DB0AB9BDA8E8A33C7A0ACBB6FDBFEA,Fiscal Terms_PIA,AA15,200,,left:Z15:100/sq mile | above:AA10:OML 124,100/sq mile | OML 124,M-CP-01 Fiscal LAW TABLE,CONSTANT,CONSTANT,PO CLOSED: Fiscal Terms_PIA is LAW TABLE / regulatory constants,HIGH,Regulatory rate/threshold for fiscal calcs,NONE,RESOLVED
D07560CA6C1A762716E1927A130E7CA697DB0AB9BDA8E8A33C7A0ACBB6FDBFEA,Fiscal Terms_PIA,U18,0,,left:T18:Onshore | above:U17:MIN | colhdr:U2:TERRAIN | colhdr:U3:Onshore | colhdr:U4:Shallow,Onshore | MIN | TERRAIN | Onshore | Shallow,M-CP-01 Fiscal LAW TABLE,CONSTANT,CONSTANT,PO CLOSED: Fiscal Terms_PIA is LAW TABLE / regulatory constants,HIGH,Regulatory rate/threshold for fiscal calcs,NONE,RESOLVED
D07560CA6C1A762716E1927A130E7CA697DB0AB9BDA8E8A33C7A0ACBB6FDBFEA,Fiscal Terms_PIA,V18,5000,,"left:T18:Onshore | above:V17:MAX | colhdr:V2:INITIAL DURATION, YRS","Onshore | MAX | INITIAL DURATION, YRS",M-CP-01 Fiscal LAW TABLE,CONSTANT,CONSTANT,PO CLOSED: Fiscal Terms_PIA is LAW TABLE / regulatory constants,HIGH,Regulatory rate/threshold for fiscal calcs,NONE,RESOLVED
D07560CA6C1A762716E1927A130E7CA697DB0AB9BDA8E8A33C7A0ACBB6FDBFEA,Fiscal Terms_PIA,W18,0.05,,"left:T18:Onshore | above:W16:PIA RATE | colhdr:W2:EXTENDED DURATION, YRS","Onshore | PIA RATE | EXTENDED DURATION, YRS",M-CP-01 Fiscal LAW TABLE,CONSTANT,CONSTANT,PO CLOSED: Fiscal Terms_PIA is LAW TABLE / regulatory constants,HIGH,Regulatory rate/threshold for fiscal calcs,NONE,RESOLVED
D07560CA6C1A762716E1927A130E7CA697DB0AB9BDA8E8A33C7A0ACBB6FDBFEA,Fiscal Terms_PIA,Y18,0.2,,"left:X18:Sliding | above:Y17:Fixed Rate | colhdr:Y2:RENTAL FEE, $/sqKm","Sliding | Fixed Rate | RENTAL FEE, $/sqKm",M-CP-01 Fiscal LAW TABLE,CONSTANT,CONSTANT,PO CLOSED: Fiscal Terms_PIA is LAW TABLE / regulatory constants,HIGH,Regulatory rate/threshold for fiscal calcs,NONE,RESOLVED
D07560CA6C1A762716E1927A130E7CA697DB0AB9BDA8E8A33C7A0ACBB6FDBFEA,Fiscal Terms_PIA,U19,5001,,above:U17:MIN | colhdr:U2:TERRAIN | colhdr:U3:Onshore | colhdr:U4:Shallow,MIN | TERRAIN | Onshore | Shallow,M-CP-01 Fiscal LAW TABLE,CONSTANT,CONSTANT,PO CLOSED: Fiscal Terms_PIA is LAW TABLE / regulatory constants,HIGH,Regulatory rate/threshold for fiscal calcs,NONE,RESOLVED
D07560CA6C1A762716E1927A130E7CA697DB0AB9BDA8E8A33C7A0ACBB6FDBFEA,Fiscal Terms_PIA,V19,10000,,"above:V17:MAX | colhdr:V2:INITIAL DURATION, YRS","MAX | INITIAL DURATION, YRS",M-CP-01 Fiscal LAW TABLE,CONSTANT,CONSTANT,PO CLOSED: Fiscal Terms_PIA is LAW TABLE / regulatory constants,HIGH,Regulatory rate/threshold for fiscal calcs,NONE,RESOLVED
D07560CA6C1A762716E1927A130E7CA697DB0AB9BDA8E8A33C7A0ACBB6FDBFEA,Fiscal Terms_PIA,W19,0.075,,"above:W16:PIA RATE | colhdr:W2:EXTENDED DURATION, YRS","PIA RATE | EXTENDED DURATION, YRS",M-CP-01 Fiscal LAW TABLE,CONSTANT,CONSTANT,PO CLOSED: Fiscal Terms_PIA is LAW TABLE / regulatory constants,HIGH,Regulatory rate/threshold for fiscal calcs,NONE,RESOLVED
D07560CA6C1A762716E1927A130E7CA697DB0AB9BDA8E8A33C7A0ACBB6FDBFEA,Fiscal Terms_PIA,V20,10000,,"left:U20:Above | above:V17:MAX | colhdr:V2:INITIAL DURATION, YRS","Above | MAX | INITIAL DURATION, YRS",M-CP-01 Fiscal LAW TABLE,CONSTANT,CONSTANT,PO CLOSED: Fiscal Terms_PIA is LAW TABLE / regulatory constants,HIGH,Regulatory rate/threshold for fiscal calcs,NONE,RESOLVED
D07560CA6C1A762716E1927A130E7CA697DB0AB9BDA8E8A33C7A0ACBB6FDBFEA,Fiscal Terms_PIA,W20,0.15,,"left:U20:Above | above:W16:PIA RATE | colhdr:W2:EXTENDED DURATION, YRS","Above | PIA RATE | EXTENDED DURATION, YRS",M-CP-01 Fiscal LAW TABLE,CONSTANT,CONSTANT,PO CLOSED: Fiscal Terms_PIA is LAW TABLE / regulatory constants,HIGH,Regulatory rate/threshold for fiscal calcs,NONE,RESOLVED
D07560CA6C1A762716E1927A130E7CA697DB0AB9BDA8E8A33C7A0ACBB6FDBFEA,Fiscal Terms_PIA,U21,0,,left:T21:Shallow Water (<200m water depth) | above:U20:Above | colhdr:U2:TERRAIN | colhdr:U3:Onshore | colhdr:U4:Shallow,Shallow Water (<200m water depth) | Above | TERRAIN | Onshore | Shallow,M-CP-01 Fiscal LAW TABLE,CONSTANT,CONSTANT,PO CLOSED: Fiscal Terms_PIA is LAW TABLE / regulatory constants,HIGH,Regulatory rate/threshold for fiscal calcs,NONE,RESOLVED
D07560CA6C1A762716E1927A130E7CA697DB0AB9BDA8E8A33C7A0ACBB6FDBFEA,Fiscal Terms_PIA,V21,5000,,"left:T21:Shallow Water (<200m water depth) | above:V17:MAX | colhdr:V2:INITIAL DURATION, YRS","Shallow Water (<200m water depth) | MAX | INITIAL DURATION, YRS",M-CP-01 Fiscal LAW TABLE,CONSTANT,CONSTANT,PO CLOSED: Fiscal Terms_PIA is LAW TABLE / regulatory constants,HIGH,Regulatory rate/threshold for fiscal calcs,NONE,RESOLVED
D07560CA6C1A762716E1927A130E7CA697DB0AB9BDA8E8A33C7A0ACBB6FDBFEA,Fiscal Terms_PIA,W21,0.05,,"left:T21:Shallow Water (<200m water depth) | above:W16:PIA RATE | colhdr:W2:EXTENDED DURATION, YRS","Shallow Water (<200m water depth) | PIA RATE | EXTENDED DURATION, YRS",M-CP-01 Fiscal LAW TABLE,CONSTANT,CONSTANT,PO CLOSED: Fiscal Terms_PIA is LAW TABLE / regulatory constants,HIGH,Regulatory rate/threshold for fiscal calcs,NONE,RESOLVED
D07560CA6C1A762716E1927A130E7CA697DB0AB9BDA8E8A33C7A0ACBB6FDBFEA,Fiscal Terms_PIA,Y21,0.185,,"left:X21:Sliding | above:Y17:Fixed Rate | colhdr:Y2:RENTAL FEE, $/sqKm","Sliding | Fixed Rate | RENTAL FEE, $/sqKm",M-CP-01 Fiscal LAW TABLE,CONSTANT,CONSTANT,PO CLOSED: Fiscal Terms_PIA is LAW TABLE / regulatory constants,HIGH,Regulatory rate/threshold for fiscal calcs,NONE,RESOLVED
D07560CA6C1A762716E1927A130E7CA697DB0AB9BDA8E8A33C7A0ACBB6FDBFEA,Fiscal Terms_PIA,U22,5001,,above:U20:Above | colhdr:U2:TERRAIN | colhdr:U3:Onshore | colhdr:U4:Shallow,Above | TERRAIN | Onshore | Shallow,M-CP-01 Fiscal LAW TABLE,CONSTANT,CONSTANT,PO CLOSED: Fiscal Terms_PIA is LAW TABLE / regulatory constants,HIGH,Regulatory rate/threshold for fiscal calcs,NONE,RESOLVED
D07560CA6C1A762716E1927A130E7CA697DB0AB9BDA8E8A33C7A0ACBB6FDBFEA,Fiscal Terms_PIA,V22,10000,,"above:V17:MAX | colhdr:V2:INITIAL DURATION, YRS","MAX | INITIAL DURATION, YRS",M-CP-01 Fiscal LAW TABLE,CONSTANT,CONSTANT,PO CLOSED: Fiscal Terms_PIA is LAW TABLE / regulatory constants,HIGH,Regulatory rate/threshold for fiscal calcs,NONE,RESOLVED
D07560CA6C1A762716E1927A130E7CA697DB0AB9BDA8E8A33C7A0ACBB6FDBFEA,Fiscal Terms_PIA,W22,0.075,,"above:W16:PIA RATE | colhdr:W2:EXTENDED DURATION, YRS","PIA RATE | EXTENDED DURATION, YRS",M-CP-01 Fiscal LAW TABLE,CONSTANT,CONSTANT,PO CLOSED: Fiscal Terms_PIA is LAW TABLE / regulatory constants,HIGH,Regulatory rate/threshold for fiscal calcs,NONE,RESOLVED
D07560CA6C1A762716E1927A130E7CA697DB0AB9BDA8E8A33C7A0ACBB6FDBFEA,Fiscal Terms_PIA,V23,10000,,"left:U23:Above | above:V17:MAX | colhdr:V2:INITIAL DURATION, YRS","Above | MAX | INITIAL DURATION, YRS",M-CP-01 Fiscal LAW TABLE,CONSTANT,CONSTANT,PO CLOSED: Fiscal Terms_PIA is LAW TABLE / regulatory constants,HIGH,Regulatory rate/threshold for fiscal calcs,NONE,RESOLVED
D07560CA6C1A762716E1927A130E7CA697DB0AB9BDA8E8A33C7A0ACBB6FDBFEA,Fiscal Terms_PIA,W23,0.125,,"left:U23:Above | above:W16:PIA RATE | colhdr:W2:EXTENDED DURATION, YRS","Above | PIA RATE | EXTENDED DURATION, YRS",M-CP-01 Fiscal LAW TABLE,CONSTANT,CONSTANT,PO CLOSED: Fiscal Terms_PIA is LAW TABLE / regulatory constants,HIGH,Regulatory rate/threshold for fiscal calcs,NONE,RESOLVED
D07560CA6C1A762716E1927A130E7CA697DB0AB9BDA8E8A33C7A0ACBB6FDBFEA,Fiscal Terms_PIA,U24,0,,left:T24:Deep Offshore (>200m water depth) | above:U23:Above | colhdr:U2:TERRAIN | colhdr:U3:Onshore | colhdr:U4:Shallow,Deep Offshore (>200m water depth) | Above | TERRAIN | Onshore | Shallow,M-CP-01 Fiscal LAW TABLE,CONSTANT,CONSTANT,PO CLOSED: Fiscal Terms_PIA is LAW TABLE / regulatory constants,HIGH,Regulatory rate/threshold for fiscal calcs,NONE,RESOLVED
D07560CA6C1A762716E1927A130E7CA697DB0AB9BDA8E8A33C7A0ACBB6FDBFEA,Fiscal Terms_PIA,V24,50000,,"left:T24:Deep Offshore (>200m water depth) | above:V17:MAX | colhdr:V2:INITIAL DURATION, YRS","Deep Offshore (>200m water depth) | MAX | INITIAL DURATION, YRS",M-CP-01 Fiscal LAW TABLE,CONSTANT,CONSTANT,PO CLOSED: Fiscal Terms_PIA is LAW TABLE / regulatory constants,HIGH,Regulatory rate/threshold for fiscal calcs,NONE,RESOLVED
D07560CA6C1A762716E1927A130E7CA697DB0AB9BDA8E8A33C7A0ACBB6FDBFEA,Fiscal Terms_PIA,W24,0.05,,"left:T24:Deep Offshore (>200m water depth) | above:W16:PIA RATE | colhdr:W2:EXTENDED DURATION, YRS","Deep Offshore (>200m water depth) | PIA RATE | EXTENDED DURATION, YRS",M-CP-01 Fiscal LAW TABLE,CONSTANT,CONSTANT,PO CLOSED: Fiscal Terms_PIA is LAW TABLE / regulatory constants,HIGH,Regulatory rate/threshold for fiscal calcs,NONE,RESOLVED
D07560CA6C1A762716E1927A130E7CA697DB0AB9BDA8E8A33C7A0ACBB6FDBFEA,Fiscal Terms_PIA,Y24,0.1,,"left:X24:Sliding | above:Y17:Fixed Rate | colhdr:Y2:RENTAL FEE, $/sqKm","Sliding | Fixed Rate | RENTAL FEE, $/sqKm",M-CP-01 Fiscal LAW TABLE,CONSTANT,CONSTANT,PO CLOSED: Fiscal Terms_PIA is LAW TABLE / regulatory constants,HIGH,Regulatory rate/threshold for fiscal calcs,NONE,RESOLVED
D07560CA6C1A762716E1927A130E7CA697DB0AB9BDA8E8A33C7A0ACBB6FDBFEA,Fiscal Terms_PIA,V25,50000,,"left:U25:Above | above:V17:MAX | colhdr:V2:INITIAL DURATION, YRS","Above | MAX | INITIAL DURATION, YRS",M-CP-01 Fiscal LAW TABLE,CONSTANT,CONSTANT,PO CLOSED: Fiscal Terms_PIA is LAW TABLE / regulatory constants,HIGH,Regulatory rate/threshold for fiscal calcs,NONE,RESOLVED
D07560CA6C1A762716E1927A130E7CA697DB0AB9BDA8E8A33C7A0ACBB6FDBFEA,Fiscal Terms_PIA,W25,0.075,,"left:U25:Above | colhdr:W2:EXTENDED DURATION, YRS","Above | EXTENDED DURATION, YRS",M-CP-01 Fiscal LAW TABLE,CONSTANT,CONSTANT,PO CLOSED: Fiscal Terms_PIA is LAW TABLE / regulatory constants,HIGH,Regulatory rate/threshold for fiscal calcs,NONE,RESOLVED
D07560CA6C1A762716E1927A130E7CA697DB0AB9BDA8E8A33C7A0ACBB6FDBFEA,Fiscal Terms_PIA,W26,0.075,,"left:T26:Frontier Basin | colhdr:W2:EXTENDED DURATION, YRS","Frontier Basin | EXTENDED DURATION, YRS",M-CP-01 Fiscal LAW TABLE,CONSTANT,CONSTANT,PO CLOSED: Fiscal Terms_PIA is LAW TABLE / regulatory constants,HIGH,Regulatory rate/threshold for fiscal calcs,NONE,RESOLVED
D07560CA6C1A762716E1927A130E7CA697DB0AB9BDA8E8A33C7A0ACBB6FDBFEA,Fiscal Terms_PIA,Y26,0.075,,"left:X26:Flat | colhdr:Y2:RENTAL FEE, $/sqKm","Flat | RENTAL FEE, $/sqKm",M-CP-01 Fiscal LAW TABLE,CONSTANT,CONSTANT,PO CLOSED: Fiscal Terms_PIA is LAW TABLE / regulatory constants,HIGH,Regulatory rate/threshold for fiscal calcs,NONE,RESOLVED
D07560CA6C1A762716E1927A130E7CA697DB0AB9BDA8E8A33C7A0ACBB6FDBFEA,Fiscal Terms_PIA,U30,0.05,,left:T30:Onshore | above:U29:Out-Country | colhdr:U2:TERRAIN | colhdr:U3:Onshore | colhdr:U4:Shallow,Onshore | Out-Country | TERRAIN | Onshore | Shallow,M-CP-01 Fiscal LAW TABLE,CONSTANT,CONSTANT,PO CLOSED: Fiscal Terms_PIA is LAW TABLE / regulatory constants,HIGH,Regulatory rate/threshold for fiscal calcs,NONE,RESOLVED
D07560CA6C1A762716E1927A130E7CA697DB0AB9BDA8E8A33C7A0ACBB6FDBFEA,Fiscal Terms_PIA,V30,0.025,,"left:T30:Onshore | above:V29:In-Country (Dom Gas) | colhdr:V2:INITIAL DURATION, YRS","Onshore | In-Country (Dom Gas) | INITIAL DURATION, YRS",M-CP-01 Fiscal LAW TABLE,CONSTANT,CONSTANT,PO CLOSED: Fiscal Terms_PIA is LAW TABLE / regulatory constants,HIGH,Regulatory rate/threshold for fiscal calcs,NONE,RESOLVED
D07560CA6C1A762716E1927A130E7CA697DB0AB9BDA8E8A33C7A0ACBB6FDBFEA,Fiscal Terms_PIA,W30,0.07,,"left:T30:Onshore | above:W28:PRE-PIA | colhdr:W2:EXTENDED DURATION, YRS","Onshore | PRE-PIA | EXTENDED DURATION, YRS",M-CP-01 Fiscal LAW TABLE,CONSTANT,CONSTANT,PO CLOSED: Fiscal Terms_PIA is LAW TABLE / regulatory constants,HIGH,Regulatory rate/threshold for fiscal calcs,NONE,RESOLVED
D07560CA6C1A762716E1927A130E7CA697DB0AB9BDA8E8A33C7A0ACBB6FDBFEA,Fiscal Terms_PIA,U31,0.05,,left:T31:Shallow Water | above:U29:Out-Country | colhdr:U2:TERRAIN | colhdr:U3:Onshore | colhdr:U4:Shallow,Shallow Water | Out-Country | TERRAIN | Onshore | Shallow,M-CP-01 Fiscal LAW TABLE,CONSTANT,CONSTANT,PO CLOSED: Fiscal Terms_PIA is LAW TABLE / regulatory constants,HIGH,Regulatory rate/threshold for fiscal calcs,NONE,RESOLVED
D07560CA6C1A762716E1927A130E7CA697DB0AB9BDA8E8A33C7A0ACBB6FDBFEA,Fiscal Terms_PIA,V31,0.025,,"left:T31:Shallow Water | above:V29:In-Country (Dom Gas) | colhdr:V2:INITIAL DURATION, YRS","Shallow Water | In-Country (Dom Gas) | INITIAL DURATION, YRS",M-CP-01 Fiscal LAW TABLE,CONSTANT,CONSTANT,PO CLOSED: Fiscal Terms_PIA is LAW TABLE / regulatory constants,HIGH,Regulatory rate/threshold for fiscal calcs,NONE,RESOLVED
D07560CA6C1A762716E1927A130E7CA697DB0AB9BDA8E8A33C7A0ACBB6FDBFEA,Fiscal Terms_PIA,W31,0.05,,"left:T31:Shallow Water | above:W28:PRE-PIA | colhdr:W2:EXTENDED DURATION, YRS","Shallow Water | PRE-PIA | EXTENDED DURATION, YRS",M-CP-01 Fiscal LAW TABLE,CONSTANT,CONSTANT,PO CLOSED: Fiscal Terms_PIA is LAW TABLE / regulatory constants,HIGH,Regulatory rate/threshold for fiscal calcs,NONE,RESOLVED
D07560CA6C1A762716E1927A130E7CA697DB0AB9BDA8E8A33C7A0ACBB6FDBFEA,Fiscal Terms_PIA,U32,0.05,,left:T32:Deep Offshore | above:U29:Out-Country | colhdr:U2:TERRAIN | colhdr:U3:Onshore | colhdr:U4:Shallow,Deep Offshore | Out-Country | TERRAIN | Onshore | Shallow,M-CP-01 Fiscal LAW TABLE,CONSTANT,CONSTANT,PO CLOSED: Fiscal Terms_PIA is LAW TABLE / regulatory constants,HIGH,Regulatory rate/threshold for fiscal calcs,NONE,RESOLVED
D07560CA6C1A762716E1927A130E7CA697DB0AB9BDA8E8A33C7A0ACBB6FDBFEA,Fiscal Terms_PIA,V32,0.025,,"left:T32:Deep Offshore | above:V29:In-Country (Dom Gas) | colhdr:V2:INITIAL DURATION, YRS","Deep Offshore | In-Country (Dom Gas) | INITIAL DURATION, YRS",M-CP-01 Fiscal LAW TABLE,CONSTANT,CONSTANT,PO CLOSED: Fiscal Terms_PIA is LAW TABLE / regulatory constants,HIGH,Regulatory rate/threshold for fiscal calcs,NONE,RESOLVED
D07560CA6C1A762716E1927A130E7CA697DB0AB9BDA8E8A33C7A0ACBB6FDBFEA,Fiscal Terms_PIA,W32,0.05,,"left:T32:Deep Offshore | above:W28:PRE-PIA | colhdr:W2:EXTENDED DURATION, YRS","Deep Offshore | PRE-PIA | EXTENDED DURATION, YRS",M-CP-01 Fiscal LAW TABLE,CONSTANT,CONSTANT,PO CLOSED: Fiscal Terms_PIA is LAW TABLE / regulatory constants,HIGH,Regulatory rate/threshold for fiscal calcs,NONE,RESOLVED
D07560CA6C1A762716E1927A130E7CA697DB0AB9BDA8E8A33C7A0ACBB6FDBFEA,Fiscal Terms_PIA,T36,0,,above:T35:MIN | colhdr:T2:LICENSE/LEASE | colhdr:T3:PEL,MIN | LICENSE/LEASE | PEL,M-CP-01 Fiscal LAW TABLE,CONSTANT,CONSTANT,PO CLOSED: Fiscal Terms_PIA is LAW TABLE / regulatory constants,HIGH,Regulatory rate/threshold for fiscal calcs,NONE,RESOLVED
D07560CA6C1A762716E1927A130E7CA697DB0AB9BDA8E8A33C7A0ACBB6FDBFEA,Fiscal Terms_PIA,U36,50,,above:U35:MAX | colhdr:U2:TERRAIN | colhdr:U3:Onshore | colhdr:U4:Shallow,MAX | TERRAIN | Onshore | Shallow,M-CP-01 Fiscal LAW TABLE,CONSTANT,CONSTANT,PO CLOSED: Fiscal Terms_PIA is LAW TABLE / regulatory constants,HIGH,Regulatory rate/threshold for fiscal calcs,NONE,RESOLVED
D07560CA6C1A762716E1927A130E7CA697DB0AB9BDA8E8A33C7A0ACBB6FDBFEA,Fiscal Terms_PIA,V36,0,,"above:V34:PIA RATE | colhdr:V2:INITIAL DURATION, YRS","PIA RATE | INITIAL DURATION, YRS",M-CP-01 Fiscal LAW TABLE,CONSTANT,CONSTANT,PO CLOSED: Fiscal Terms_PIA is LAW TABLE / regulatory constants,HIGH,Regulatory rate/threshold for fiscal calcs,NONE,RESOLVED
D07560CA6C1A762716E1927A130E7CA697DB0AB9BDA8E8A33C7A0ACBB6FDBFEA,Fiscal Terms_PIA,Y36,0,,"left:X36:0 to $20 | colhdr:Y2:RENTAL FEE, $/sqKm","0 to $20 | RENTAL FEE, $/sqKm",M-CP-01 Fiscal LAW TABLE,CONSTANT,CONSTANT,PO CLOSED: Fiscal Terms_PIA is LAW TABLE / regulatory constants,HIGH,Regulatory rate/threshold for fiscal calcs,NONE,RESOLVED
D07560CA6C1A762716E1927A130E7CA697DB0AB9BDA8E8A33C7A0ACBB6FDBFEA,Fiscal Terms_PIA,T37,51,,above:T35:MIN | colhdr:T2:LICENSE/LEASE | colhdr:T3:PEL,MIN | LICENSE/LEASE | PEL,M-CP-01 Fiscal LAW TABLE,CONSTANT,CONSTANT,PO CLOSED: Fiscal Terms_PIA is LAW TABLE / regulatory constants,HIGH,Regulatory rate/threshold for fiscal calcs,NONE,RESOLVED
D07560CA6C1A762716E1927A130E7CA697DB0AB9BDA8E8A33C7A0ACBB6FDBFEA,Fiscal Terms_PIA,U37,100,,above:U35:MAX | colhdr:U2:TERRAIN | colhdr:U3:Onshore | colhdr:U4:Shallow,MAX | TERRAIN | Onshore | Shallow,M-CP-01 Fiscal LAW TABLE,CONSTANT,CONSTANT,PO CLOSED: Fiscal Terms_PIA is LAW TABLE / regulatory constants,HIGH,Regulatory rate/threshold for fiscal calcs,NONE,RESOLVED
D07560CA6C1A762716E1927A130E7CA697DB0AB9BDA8E8A33C7A0ACBB6FDBFEA,Fiscal Terms_PIA,V37,0.05,,"above:V34:PIA RATE | colhdr:V2:INITIAL DURATION, YRS","PIA RATE | INITIAL DURATION, YRS",M-CP-01 Fiscal LAW TABLE,CONSTANT,CONSTANT,PO CLOSED: Fiscal Terms_PIA is LAW TABLE / regulatory constants,HIGH,Regulatory rate/threshold for fiscal calcs,NONE,RESOLVED
D07560CA6C1A762716E1927A130E7CA697DB0AB9BDA8E8A33C7A0ACBB6FDBFEA,Fiscal Terms_PIA,Y37,0.025,,"left:X37:$20 to $60 | colhdr:Y2:RENTAL FEE, $/sqKm","$20 to $60 | RENTAL FEE, $/sqKm",M-CP-01 Fiscal LAW TABLE,CONSTANT,CONSTANT,PO CLOSED: Fiscal Terms_PIA is LAW TABLE / regulatory constants,HIGH,Regulatory rate/threshold for fiscal calcs,NONE,RESOLVED
D07560CA6C1A762716E1927A130E7CA697DB0AB9BDA8E8A33C7A0ACBB6FDBFEA,Fiscal Terms_PIA,T38,101,,above:T35:MIN | colhdr:T2:LICENSE/LEASE | colhdr:T3:PEL,MIN | LICENSE/LEASE | PEL,M-CP-01 Fiscal LAW TABLE,CONSTANT,CONSTANT,PO CLOSED: Fiscal Terms_PIA is LAW TABLE / regulatory constants,HIGH,Regulatory rate/threshold for fiscal calcs,NONE,RESOLVED
D07560CA6C1A762716E1927A130E7CA697DB0AB9BDA8E8A33C7A0ACBB6FDBFEA,Fiscal Terms_PIA,U38,150,,above:U35:MAX | colhdr:U2:TERRAIN | colhdr:U3:Onshore | colhdr:U4:Shallow,MAX | TERRAIN | Onshore | Shallow,M-CP-01 Fiscal LAW TABLE,CONSTANT,CONSTANT,PO CLOSED: Fiscal Terms_PIA is LAW TABLE / regulatory constants,HIGH,Regulatory rate/threshold for fiscal calcs,NONE,RESOLVED
D07560CA6C1A762716E1927A130E7CA697DB0AB9BDA8E8A33C7A0ACBB6FDBFEA,Fiscal Terms_PIA,V38,0.1,,"above:V34:PIA RATE | colhdr:V2:INITIAL DURATION, YRS","PIA RATE | INITIAL DURATION, YRS",M-CP-01 Fiscal LAW TABLE,CONSTANT,CONSTANT,PO CLOSED: Fiscal Terms_PIA is LAW TABLE / regulatory constants,HIGH,Regulatory rate/threshold for fiscal calcs,NONE,RESOLVED
D07560CA6C1A762716E1927A130E7CA697DB0AB9BDA8E8A33C7A0ACBB6FDBFEA,Fiscal Terms_PIA,Y38,0.04,,"left:X38:$60 to $100 | colhdr:Y2:RENTAL FEE, $/sqKm","$60 to $100 | RENTAL FEE, $/sqKm",M-CP-01 Fiscal LAW TABLE,CONSTANT,CONSTANT,PO CLOSED: Fiscal Terms_PIA is LAW TABLE / regulatory constants,HIGH,Regulatory rate/threshold for fiscal calcs,NONE,RESOLVED
D07560CA6C1A762716E1927A130E7CA697DB0AB9BDA8E8A33C7A0ACBB6FDBFEA,Fiscal Terms_PIA,Y39,0.08,,"left:X39:$100 to $150 | colhdr:Y2:RENTAL FEE, $/sqKm","$100 to $150 | RENTAL FEE, $/sqKm",M-CP-01 Fiscal LAW TABLE,CONSTANT,CONSTANT,PO CLOSED: Fiscal Terms_PIA is LAW TABLE / regulatory constants,HIGH,Regulatory rate/threshold for fiscal calcs,NONE,RESOLVED
D07560CA6C1A762716E1927A130E7CA697DB0AB9BDA8E8A33C7A0ACBB6FDBFEA,Fiscal Terms_PIA,V40,0.02,,"left:T40:Price Escalation | above:V34:PIA RATE | colhdr:V2:INITIAL DURATION, YRS","Price Escalation | PIA RATE | INITIAL DURATION, YRS",M-CP-01 Fiscal LAW TABLE,CONSTANT,CONSTANT,PO CLOSED: Fiscal Terms_PIA is LAW TABLE / regulatory constants,HIGH,Regulatory rate/threshold for fiscal calcs,NONE,RESOLVED
D07560CA6C1A762716E1927A130E7CA697DB0AB9BDA8E8A33C7A0ACBB6FDBFEA,Fiscal Terms_PIA,Y40,0.1,,"left:X40:Above $150 | colhdr:Y2:RENTAL FEE, $/sqKm","Above $150 | RENTAL FEE, $/sqKm",M-CP-01 Fiscal LAW TABLE,CONSTANT,CONSTANT,PO CLOSED: Fiscal Terms_PIA is LAW TABLE / regulatory constants,HIGH,Regulatory rate/threshold for fiscal calcs,NONE,RESOLVED
D07560CA6C1A762716E1927A130E7CA697DB0AB9BDA8E8A33C7A0ACBB6FDBFEA,Fiscal Terms_PIA,X44,50,,"left:W44:<=50 | above:X40:Above $150 | colhdr:X2:AREA, sqKm","<=50 | Above $150 | AREA, sqKm",M-CP-01 Fiscal LAW TABLE,CONSTANT,CONSTANT,PO CLOSED: Fiscal Terms_PIA is LAW TABLE / regulatory constants,HIGH,Regulatory rate/threshold for fiscal calcs,NONE,RESOLVED
D07560CA6C1A762716E1927A130E7CA697DB0AB9BDA8E8A33C7A0ACBB6FDBFEA,Fiscal Terms_PIA,Y44,8,,"left:W44:<=50 | above:Y43:Min Price, $/bbl | colhdr:Y2:RENTAL FEE, $/sqKm","<=50 | Min Price, $/bbl | RENTAL FEE, $/sqKm",M-CP-01 Fiscal LAW TABLE,CONSTANT,CONSTANT,PO CLOSED: Fiscal Terms_PIA is LAW TABLE / regulatory constants,HIGH,Regulatory rate/threshold for fiscal calcs,NONE,RESOLVED
D07560CA6C1A762716E1927A130E7CA697DB0AB9BDA8E8A33C7A0ACBB6FDBFEA,Fiscal Terms_PIA,X45,50,,"left:W45:>50 | above:X40:Above $150 | colhdr:X2:AREA, sqKm",">50 | Above $150 | AREA, sqKm",M-CP-01 Fiscal LAW TABLE,CONSTANT,CONSTANT,PO CLOSED: Fiscal Terms_PIA is LAW TABLE / regulatory constants,HIGH,Regulatory rate/threshold for fiscal calcs,NONE,RESOLVED
D07560CA6C1A762716E1927A130E7CA697DB0AB9BDA8E8A33C7A0ACBB6FDBFEA,Fiscal Terms_PIA,Y45,4,,"left:W45:>50 | above:Y43:Min Price, $/bbl | colhdr:Y2:RENTAL FEE, $/sqKm",">50 | Min Price, $/bbl | RENTAL FEE, $/sqKm",M-CP-01 Fiscal LAW TABLE,CONSTANT,CONSTANT,PO CLOSED: Fiscal Terms_PIA is LAW TABLE / regulatory constants,HIGH,Regulatory rate/threshold for fiscal calcs,NONE,RESOLVED
D07560CA6C1A762716E1927A130E7CA697DB0AB9BDA8E8A33C7A0ACBB6FDBFEA,Fiscal Terms_PIA,X46,100,,"left:W46:<=100 | above:X40:Above $150 | colhdr:X2:AREA, sqKm","<=100 | Above $150 | AREA, sqKm",M-CP-01 Fiscal LAW TABLE,CONSTANT,CONSTANT,PO CLOSED: Fiscal Terms_PIA is LAW TABLE / regulatory constants,HIGH,Regulatory rate/threshold for fiscal calcs,NONE,RESOLVED
D07560CA6C1A762716E1927A130E7CA697DB0AB9BDA8E8A33C7A0ACBB6FDBFEA,Fiscal Terms_PIA,Y46,8,,"left:W46:<=100 | above:Y43:Min Price, $/bbl | colhdr:Y2:RENTAL FEE, $/sqKm","<=100 | Min Price, $/bbl | RENTAL FEE, $/sqKm",M-CP-01 Fiscal LAW TABLE,CONSTANT,CONSTANT,PO CLOSED: Fiscal Terms_PIA is LAW TABLE / regulatory constants,HIGH,Regulatory rate/threshold for fiscal calcs,NONE,RESOLVED
D07560CA6C1A762716E1927A130E7CA697DB0AB9BDA8E8A33C7A0ACBB6FDBFEA,Fiscal Terms_PIA,X47,100,,"left:W47:>100 | above:X40:Above $150 | colhdr:X2:AREA, sqKm",">100 | Above $150 | AREA, sqKm",M-CP-01 Fiscal LAW TABLE,CONSTANT,CONSTANT,PO CLOSED: Fiscal Terms_PIA is LAW TABLE / regulatory constants,HIGH,Regulatory rate/threshold for fiscal calcs,NONE,RESOLVED
D07560CA6C1A762716E1927A130E7CA697DB0AB9BDA8E8A33C7A0ACBB6FDBFEA,Fiscal Terms_PIA,Y47,4,,"left:W47:>100 | above:Y43:Min Price, $/bbl | colhdr:Y2:RENTAL FEE, $/sqKm",">100 | Min Price, $/bbl | RENTAL FEE, $/sqKm",M-CP-01 Fiscal LAW TABLE,CONSTANT,CONSTANT,PO CLOSED: Fiscal Terms_PIA is LAW TABLE / regulatory constants,HIGH,Regulatory rate/threshold for fiscal calcs,NONE,RESOLVED
D07560CA6C1A762716E1927A130E7CA697DB0AB9BDA8E8A33C7A0ACBB6FDBFEA,Fiscal Terms_PIA,Z47,0.2,,left:W47:>100 | above:Z44:Jumping Scale,>100 | Jumping Scale,M-CP-01 Fiscal LAW TABLE,CONSTANT,CONSTANT,PO CLOSED: Fiscal Terms_PIA is LAW TABLE / regulatory constants,HIGH,Regulatory rate/threshold for fiscal calcs,NONE,RESOLVED
D07560CA6C1A762716E1927A130E7CA697DB0AB9BDA8E8A33C7A0ACBB6FDBFEA,Fiscal Terms_PIA,X48,500,,"left:W48:<=500 | above:X40:Above $150 | colhdr:X2:AREA, sqKm","<=500 | Above $150 | AREA, sqKm",M-CP-01 Fiscal LAW TABLE,CONSTANT,CONSTANT,PO CLOSED: Fiscal Terms_PIA is LAW TABLE / regulatory constants,HIGH,Regulatory rate/threshold for fiscal calcs,NONE,RESOLVED
D07560CA6C1A762716E1927A130E7CA697DB0AB9BDA8E8A33C7A0ACBB6FDBFEA,Fiscal Terms_PIA,Y48,8,,"left:W48:<=500 | above:Y43:Min Price, $/bbl | colhdr:Y2:RENTAL FEE, $/sqKm","<=500 | Min Price, $/bbl | RENTAL FEE, $/sqKm",M-CP-01 Fiscal LAW TABLE,CONSTANT,CONSTANT,PO CLOSED: Fiscal Terms_PIA is LAW TABLE / regulatory constants,HIGH,Regulatory rate/threshold for fiscal calcs,NONE,RESOLVED
D07560CA6C1A762716E1927A130E7CA697DB0AB9BDA8E8A33C7A0ACBB6FDBFEA,Fiscal Terms_PIA,X49,500,,"left:W49:>500 | colhdr:X2:AREA, sqKm",">500 | AREA, sqKm",M-CP-01 Fiscal LAW TABLE,CONSTANT,CONSTANT,PO CLOSED: Fiscal Terms_PIA is LAW TABLE / regulatory constants,HIGH,Regulatory rate/threshold for fiscal calcs,NONE,RESOLVED
D07560CA6C1A762716E1927A130E7CA697DB0AB9BDA8E8A33C7A0ACBB6FDBFEA,Fiscal Terms_PIA,Y49,4,,"left:W49:>500 | above:Y43:Min Price, $/bbl | colhdr:Y2:RENTAL FEE, $/sqKm",">500 | Min Price, $/bbl | RENTAL FEE, $/sqKm",M-CP-01 Fiscal LAW TABLE,CONSTANT,CONSTANT,PO CLOSED: Fiscal Terms_PIA is LAW TABLE / regulatory constants,HIGH,Regulatory rate/threshold for fiscal calcs,NONE,RESOLVED
D07560CA6C1A762716E1927A130E7CA697DB0AB9BDA8E8A33C7A0ACBB6FDBFEA,Fiscal Terms_PIA,Y51,2.5,,"left:W51:ALL CUM PROD | above:Y43:Min Price, $/bbl | colhdr:Y2:RENTAL FEE, $/sqKm","ALL CUM PROD | Min Price, $/bbl | RENTAL FEE, $/sqKm",M-CP-01 Fiscal LAW TABLE,CONSTANT,CONSTANT,PO CLOSED: Fiscal Terms_PIA is LAW TABLE / regulatory constants,HIGH,Regulatory rate/threshold for fiscal calcs,NONE,RESOLVED
D07560CA6C1A762716E1927A130E7CA697DB0AB9BDA8E8A33C7A0ACBB6FDBFEA,Fiscal Terms_PIA,U55,0,,left:T55:HT | above:U54:Before Appraisal | colhdr:U2:TERRAIN | colhdr:U3:Onshore | colhdr:U4:Shallow,HT | Before Appraisal | TERRAIN | Onshore | Shallow,M-CP-01 Fiscal LAW TABLE,CONSTANT,CONSTANT,PO CLOSED: Fiscal Terms_PIA is LAW TABLE / regulatory constants,HIGH,Regulatory rate/threshold for fiscal calcs,NONE,RESOLVED
D07560CA6C1A762716E1927A130E7CA697DB0AB9BDA8E8A33C7A0ACBB6FDBFEA,Fiscal Terms_PIA,V55,0.15,,"left:T55:HT | above:V54:Upon Appraisal, Commercial Discovery or significant gas/crude discovery | colhdr:V2:INITIAL DURATION, YRS","HT | Upon Appraisal, Commercial Discovery or significant gas/crude discovery | INITIAL DURATION, YRS",M-CP-01 Fiscal LAW TABLE,CONSTANT,CONSTANT,PO CLOSED: Fiscal Terms_PIA is LAW TABLE / regulatory constants,HIGH,Regulatory rate/threshold for fiscal calcs,NONE,RESOLVED
D07560CA6C1A762716E1927A130E7CA697DB0AB9BDA8E8A33C7A0ACBB6FDBFEA,Fiscal Terms_PIA,W55,0.3,,"left:T55:HT | above:W54:Upon Field Development or commercial production | colhdr:W2:EXTENDED DURATION, YRS","HT | Upon Field Development or commercial production | EXTENDED DURATION, YRS",M-CP-01 Fiscal LAW TABLE,CONSTANT,CONSTANT,PO CLOSED: Fiscal Terms_PIA is LAW TABLE / regulatory constants,HIGH,Regulatory rate/threshold for fiscal calcs,NONE,RESOLVED
D07560CA6C1A762716E1927A130E7CA697DB0AB9BDA8E8A33C7A0ACBB6FDBFEA,Fiscal Terms_PIA,Z55,0.6575,,left:T55:HT | above:Z54:First 5 yrs,HT | First 5 yrs,M-CP-01 Fiscal LAW TABLE,CONSTANT,CONSTANT,PO CLOSED: Fiscal Terms_PIA is LAW TABLE / regulatory constants,HIGH,Regulatory rate/threshold for fiscal calcs,NONE,RESOLVED
D07560CA6C1A762716E1927A130E7CA697DB0AB9BDA8E8A33C7A0ACBB6FDBFEA,Fiscal Terms_PIA,AA55,0.85,,left:T55:HT | above:AA54:>5 Yrs,HT | >5 Yrs,M-CP-01 Fiscal LAW TABLE,CONSTANT,CONSTANT,PO CLOSED: Fiscal Terms_PIA is LAW TABLE / regulatory constants,HIGH,Regulatory rate/threshold for fiscal calcs,NONE,RESOLVED
D07560CA6C1A762716E1927A130E7CA697DB0AB9BDA8E8A33C7A0ACBB6FDBFEA,Fiscal Terms_PIA,AB55,0.5,,left:T55:HT | above:AB53:Deep Offshore,HT | Deep Offshore,M-CP-01 Fiscal LAW TABLE,CONSTANT,CONSTANT,PO CLOSED: Fiscal Terms_PIA is LAW TABLE / regulatory constants,HIGH,Regulatory rate/threshold for fiscal calcs,NONE,RESOLVED
D07560CA6C1A762716E1927A130E7CA697DB0AB9BDA8E8A33C7A0ACBB6FDBFEA,Fiscal Terms_PIA,U56,0.3,,left:T56:CIT | above:U54:Before Appraisal | colhdr:U2:TERRAIN | colhdr:U3:Onshore | colhdr:U4:Shallow,CIT | Before Appraisal | TERRAIN | Onshore | Shallow,M-CP-01 Fiscal LAW TABLE,CONSTANT,CONSTANT,PO CLOSED: Fiscal Terms_PIA is LAW TABLE / regulatory constants,HIGH,Regulatory rate/threshold for fiscal calcs,NONE,RESOLVED
D07560CA6C1A762716E1927A130E7CA697DB0AB9BDA8E8A33C7A0ACBB6FDBFEA,Fiscal Terms_PIA,V56,0.3,,"left:T56:CIT | above:V54:Upon Appraisal, Commercial Discovery or significant gas/crude discovery | colhdr:V2:INITIAL DURATION, YRS","CIT | Upon Appraisal, Commercial Discovery or significant gas/crude discovery | INITIAL DURATION, YRS",M-CP-01 Fiscal LAW TABLE,CONSTANT,CONSTANT,PO CLOSED: Fiscal Terms_PIA is LAW TABLE / regulatory constants,HIGH,Regulatory rate/threshold for fiscal calcs,NONE,RESOLVED
D07560CA6C1A762716E1927A130E7CA697DB0AB9BDA8E8A33C7A0ACBB6FDBFEA,Fiscal Terms_PIA,W56,0.3,,"left:T56:CIT | above:W54:Upon Field Development or commercial production | colhdr:W2:EXTENDED DURATION, YRS","CIT | Upon Field Development or commercial production | EXTENDED DURATION, YRS",M-CP-01 Fiscal LAW TABLE,CONSTANT,CONSTANT,PO CLOSED: Fiscal Terms_PIA is LAW TABLE / regulatory constants,HIGH,Regulatory rate/threshold for fiscal calcs,NONE,RESOLVED
D07560CA6C1A762716E1927A130E7CA697DB0AB9BDA8E8A33C7A0ACBB6FDBFEA,Fiscal Terms_PIA,T60,0.7,,above:T59:New Acreage | colhdr:T2:LICENSE/LEASE | colhdr:T3:PEL,New Acreage | LICENSE/LEASE | PEL,M-CP-01 Fiscal LAW TABLE,CONSTANT,CONSTANT,PO CLOSED: Fiscal Terms_PIA is LAW TABLE / regulatory constants,HIGH,Regulatory rate/threshold for fiscal calcs,NONE,RESOLVED
D07560CA6C1A762716E1927A130E7CA697DB0AB9BDA8E8A33C7A0ACBB6FDBFEA,Fiscal Terms_PIA,U60,0.6,,above:U59:Converted OML | colhdr:U2:TERRAIN | colhdr:U3:Onshore | colhdr:U4:Shallow,Converted OML | TERRAIN | Onshore | Shallow,M-CP-01 Fiscal LAW TABLE,CONSTANT,CONSTANT,PO CLOSED: Fiscal Terms_PIA is LAW TABLE / regulatory constants,HIGH,Regulatory rate/threshold for fiscal calcs,NONE,RESOLVED
D07560CA6C1A762716E1927A130E7CA697DB0AB9BDA8E8A33C7A0ACBB6FDBFEA,Fiscal Terms_PIA,W60,50,,"left:V60:<= | above:W54:Upon Field Development or commercial production | colhdr:W2:EXTENDED DURATION, YRS","<= | Upon Field Development or commercial production | EXTENDED DURATION, YRS",M-CP-01 Fiscal LAW TABLE,CONSTANT,CONSTANT,PO CLOSED: Fiscal Terms_PIA is LAW TABLE / regulatory constants,HIGH,Regulatory rate/threshold for fiscal calcs,NONE,RESOLVED
D07560CA6C1A762716E1927A130E7CA697DB0AB9BDA8E8A33C7A0ACBB6FDBFEA,Fiscal Terms_PIA,X60,0.05,,"left:V60:<= | above:X59:Split,% | colhdr:X2:AREA, sqKm","<= | Split,% | AREA, sqKm",M-CP-01 Fiscal LAW TABLE,CONSTANT,CONSTANT,PO CLOSED: Fiscal Terms_PIA is LAW TABLE / regulatory constants,HIGH,Regulatory rate/threshold for fiscal calcs,NONE,RESOLVED
D07560CA6C1A762716E1927A130E7CA697DB0AB9BDA8E8A33C7A0ACBB6FDBFEA,Fiscal Terms_PIA,W61,100,,"left:V61:<= | above:W54:Upon Field Development or commercial production | colhdr:W2:EXTENDED DURATION, YRS","<= | Upon Field Development or commercial production | EXTENDED DURATION, YRS",M-CP-01 Fiscal LAW TABLE,CONSTANT,CONSTANT,PO CLOSED: Fiscal Terms_PIA is LAW TABLE / regulatory constants,HIGH,Regulatory rate/threshold for fiscal calcs,NONE,RESOLVED
D07560CA6C1A762716E1927A130E7CA697DB0AB9BDA8E8A33C7A0ACBB6FDBFEA,Fiscal Terms_PIA,X61,0.1,,"left:V61:<= | above:X59:Split,% | colhdr:X2:AREA, sqKm","<= | Split,% | AREA, sqKm",M-CP-01 Fiscal LAW TABLE,CONSTANT,CONSTANT,PO CLOSED: Fiscal Terms_PIA is LAW TABLE / regulatory constants,HIGH,Regulatory rate/threshold for fiscal calcs,NONE,RESOLVED
D07560CA6C1A762716E1927A130E7CA697DB0AB9BDA8E8A33C7A0ACBB6FDBFEA,Fiscal Terms_PIA,W62,250,,"left:V62:<= | above:W54:Upon Field Development or commercial production | colhdr:W2:EXTENDED DURATION, YRS","<= | Upon Field Development or commercial production | EXTENDED DURATION, YRS",M-CP-01 Fiscal LAW TABLE,CONSTANT,CONSTANT,PO CLOSED: Fiscal Terms_PIA is LAW TABLE / regulatory constants,HIGH,Regulatory rate/threshold for fiscal calcs,NONE,RESOLVED
D07560CA6C1A762716E1927A130E7CA697DB0AB9BDA8E8A33C7A0ACBB6FDBFEA,Fiscal Terms_PIA,X62,0.15,,"left:V62:<= | above:X59:Split,% | colhdr:X2:AREA, sqKm","<= | Split,% | AREA, sqKm",M-CP-01 Fiscal LAW TABLE,CONSTANT,CONSTANT,PO CLOSED: Fiscal Terms_PIA is LAW TABLE / regulatory constants,HIGH,Regulatory rate/threshold for fiscal calcs,NONE,RESOLVED
D07560CA6C1A762716E1927A130E7CA697DB0AB9BDA8E8A33C7A0ACBB6FDBFEA,Fiscal Terms_PIA,W63,750,,"left:V63:<= | colhdr:W2:EXTENDED DURATION, YRS","<= | EXTENDED DURATION, YRS",M-CP-01 Fiscal LAW TABLE,CONSTANT,CONSTANT,PO CLOSED: Fiscal Terms_PIA is LAW TABLE / regulatory constants,HIGH,Regulatory rate/threshold for fiscal calcs,NONE,RESOLVED
D07560CA6C1A762716E1927A130E7CA697DB0AB9BDA8E8A33C7A0ACBB6FDBFEA,Fiscal Terms_PIA,X63,0.25,,"left:V63:<= | above:X59:Split,% | colhdr:X2:AREA, sqKm","<= | Split,% | AREA, sqKm",M-CP-01 Fiscal LAW TABLE,CONSTANT,CONSTANT,PO CLOSED: Fiscal Terms_PIA is LAW TABLE / regulatory constants,HIGH,Regulatory rate/threshold for fiscal calcs,NONE,RESOLVED
D07560CA6C1A762716E1927A130E7CA697DB0AB9BDA8E8A33C7A0ACBB6FDBFEA,Fiscal Terms_PIA,W64,1500,,"left:V64:<= | colhdr:W2:EXTENDED DURATION, YRS","<= | EXTENDED DURATION, YRS",M-CP-01 Fiscal LAW TABLE,CONSTANT,CONSTANT,PO CLOSED: Fiscal Terms_PIA is LAW TABLE / regulatory constants,HIGH,Regulatory rate/threshold for fiscal calcs,NONE,RESOLVED
D07560CA6C1A762716E1927A130E7CA697DB0AB9BDA8E8A33C7A0ACBB6FDBFEA,Fiscal Terms_PIA,X64,0.35,,"left:V64:<= | above:X59:Split,% | colhdr:X2:AREA, sqKm","<= | Split,% | AREA, sqKm",M-CP-01 Fiscal LAW TABLE,CONSTANT,CONSTANT,PO CLOSED: Fiscal Terms_PIA is LAW TABLE / regulatory constants,HIGH,Regulatory rate/threshold for fiscal calcs,NONE,RESOLVED
D07560CA6C1A762716E1927A130E7CA697DB0AB9BDA8E8A33C7A0ACBB6FDBFEA,Fiscal Terms_PIA,W65,1500,,"left:V65:> | colhdr:W2:EXTENDED DURATION, YRS","> | EXTENDED DURATION, YRS",M-CP-01 Fiscal LAW TABLE,CONSTANT,CONSTANT,PO CLOSED: Fiscal Terms_PIA is LAW TABLE / regulatory constants,HIGH,Regulatory rate/threshold for fiscal calcs,NONE,RESOLVED
D07560CA6C1A762716E1927A130E7CA697DB0AB9BDA8E8A33C7A0ACBB6FDBFEA,Fiscal Terms_PIA,X65,0.45,,"left:V65:> | above:X59:Split,% | colhdr:X2:AREA, sqKm","> | Split,% | AREA, sqKm",M-CP-01 Fiscal LAW TABLE,CONSTANT,CONSTANT,PO CLOSED: Fiscal Terms_PIA is LAW TABLE / regulatory constants,HIGH,Regulatory rate/threshold for fiscal calcs,NONE,RESOLVED
D07560CA6C1A762716E1927A130E7CA697DB0AB9BDA8E8A33C7A0ACBB6FDBFEA,Fiscal Terms_PIA,T70,0.65,,left:S70:COST PRICE RATIO | colhdr:T2:LICENSE/LEASE | colhdr:T3:PEL,COST PRICE RATIO | LICENSE/LEASE | PEL,M-CP-01 Fiscal LAW TABLE,CONSTANT,CONSTANT,PO CLOSED: Fiscal Terms_PIA is LAW TABLE / regulatory constants,HIGH,Regulatory rate/threshold for fiscal calcs,NONE,RESOLVED
D07560CA6C1A762716E1927A130E7CA697DB0AB9BDA8E8A33C7A0ACBB6FDBFEA,Fiscal Terms_PIA,T72,0.03,,left:S72:HCDT | above:T71:Across all terrains | colhdr:T2:LICENSE/LEASE | colhdr:T3:PEL,HCDT | Across all terrains | LICENSE/LEASE | PEL,M-CP-01 Fiscal LAW TABLE,CONSTANT,CONSTANT,PO CLOSED: Fiscal Terms_PIA is LAW TABLE / regulatory constants,HIGH,Regulatory rate/threshold for fiscal calcs,NONE,RESOLVED
D07560CA6C1A762716E1927A130E7CA697DB0AB9BDA8E8A33C7A0ACBB6FDBFEA,Fiscal Terms_PIA,T73,0.03,,left:S73:NDDC | above:T71:Across all terrains | colhdr:T2:LICENSE/LEASE | colhdr:T3:PEL,NDDC | Across all terrains | LICENSE/LEASE | PEL,M-CP-01 Fiscal LAW TABLE,CONSTANT,CONSTANT,PO CLOSED: Fiscal Terms_PIA is LAW TABLE / regulatory constants,HIGH,Regulatory rate/threshold for fiscal calcs,NONE,RESOLVED
D07560CA6C1A762716E1927A130E7CA697DB0AB9BDA8E8A33C7A0ACBB6FDBFEA,Fiscal Terms_PIA,T74,0.01,,left:S74:NC | above:T71:Across all terrains | colhdr:T2:LICENSE/LEASE | colhdr:T3:PEL,NC | Across all terrains | LICENSE/LEASE | PEL,M-CP-01 Fiscal LAW TABLE,CONSTANT,CONSTANT,PO CLOSED: Fiscal Terms_PIA is LAW TABLE / regulatory constants,HIGH,Regulatory rate/threshold for fiscal calcs,NONE,RESOLVED
D07560CA6C1A762716E1927A130E7CA697DB0AB9BDA8E8A33C7A0ACBB6FDBFEA,Fiscal Terms_PIA,T75,0.04,,left:S75:EDUCATION TAX | above:T71:Across all terrains | colhdr:T2:LICENSE/LEASE | colhdr:T3:PEL,EDUCATION TAX | Across all terrains | LICENSE/LEASE | PEL,M-CP-01 Fiscal LAW TABLE,CONSTANT,CONSTANT,PO CLOSED: Fiscal Terms_PIA is LAW TABLE / regulatory constants,HIGH,Regulatory rate/threshold for fiscal calcs,NONE,RESOLVED
D07560CA6C1A762716E1927A130E7CA697DB0AB9BDA8E8A33C7A0ACBB6FDBFEA,Fiscal Terms_PIA,U76,0.2,,left:T76:Years 1 - 4 | above:U75:of assessable profit | colhdr:U2:TERRAIN | colhdr:U3:Onshore | colhdr:U4:Shallow,Years 1 - 4 | of assessable profit | TERRAIN | Onshore | Shallow,M-CP-01 Fiscal LAW TABLE,CONSTANT,CONSTANT,PO CLOSED: Fiscal Terms_PIA is LAW TABLE / regulatory constants,HIGH,Regulatory rate/threshold for fiscal calcs,NONE,RESOLVED
D07560CA6C1A762716E1927A130E7CA697DB0AB9BDA8E8A33C7A0ACBB6FDBFEA,Fiscal Terms_PIA,W76,0.19,,"left:V76:Year 5 | colhdr:W2:EXTENDED DURATION, YRS","Year 5 | EXTENDED DURATION, YRS",M-CP-01 Fiscal LAW TABLE,CONSTANT,CONSTANT,PO CLOSED: Fiscal Terms_PIA is LAW TABLE / regulatory constants,HIGH,Regulatory rate/threshold for fiscal calcs,NONE,RESOLVED
D07560CA6C1A762716E1927A130E7CA697DB0AB9BDA8E8A33C7A0ACBB6FDBFEA,Fiscal Terms_PIA,Y76,0.01,,"left:X76:Retention | colhdr:Y2:RENTAL FEE, $/sqKm","Retention | RENTAL FEE, $/sqKm",M-CP-01 Fiscal LAW TABLE,CONSTANT,CONSTANT,PO CLOSED: Fiscal Terms_PIA is LAW TABLE / regulatory constants,HIGH,Regulatory rate/threshold for fiscal calcs,NONE,RESOLVED
D07560CA6C1A762716E1927A130E7CA697DB0AB9BDA8E8A33C7A0ACBB6FDBFEA,Production Profile,C3,0.35,,left:B3:RF | row:B3:RF,RF | RF,M-CP-02 Production,FORMULA COEFFICIENT,FORMULA COEFFICIENT,Unit interval without strong economic label: rf rf,LOW,Critical path parameter surface,NONE,RESOLVED
D07560CA6C1A762716E1927A130E7CA697DB0AB9BDA8E8A33C7A0ACBB6FDBFEA,Production Profile,F3,0.75,,left:E3:RF | row:B3:RF,RF | RF,M-CP-02 Production,FORMULA COEFFICIENT,FORMULA COEFFICIENT,Unit interval without strong economic label: rf rf,LOW,Critical path parameter surface,NONE,RESOLVED
D07560CA6C1A762716E1927A130E7CA697DB0AB9BDA8E8A33C7A0ACBB6FDBFEA,Production Profile,F5,2000,,left:E5:GOR,GOR,M-CP-02 Production,ASSUMPTION,ASSUMPTION,Calendar year-like value; labels=gor,MEDIUM,Critical path parameter surface,NONE,RESOLVED
D07560CA6C1A762716E1927A130E7CA697DB0AB9BDA8E8A33C7A0ACBB6FDBFEA,Production Profile,AB6,-0.2,,above:AB5:INPUTS,INPUTS,M-CP-02 Production,FORMULA COEFFICIENT,FORMULA COEFFICIENT,Unit interval without strong economic label: inputs,LOW,Critical path parameter surface,NONE,RESOLVED
D07560CA6C1A762716E1927A130E7CA697DB0AB9BDA8E8A33C7A0ACBB6FDBFEA,Production Profile,AC6,0,,,,M-CP-02 Production,DEFAULT/STRUCTURAL,DEFAULT/STRUCTURAL,Zero literal common structural seed,MEDIUM,Critical path parameter surface,NONE,RESOLVED
D07560CA6C1A762716E1927A130E7CA697DB0AB9BDA8E8A33C7A0ACBB6FDBFEA,Production Profile,AD6,0.2,,,,M-CP-02 Production,FORMULA COEFFICIENT,FORMULA COEFFICIENT,Unit interval without strong economic label: ,LOW,Critical path parameter surface,NONE,RESOLVED
D07560CA6C1A762716E1927A130E7CA697DB0AB9BDA8E8A33C7A0ACBB6FDBFEA,Production Profile,AE6,-0.2,,above:AE5:NPV,NPV,M-CP-02 Production,FORMULA COEFFICIENT,FORMULA COEFFICIENT,Unit interval without strong economic label: npv,LOW,Critical path parameter surface,NONE,RESOLVED
D07560CA6C1A762716E1927A130E7CA697DB0AB9BDA8E8A33C7A0ACBB6FDBFEA,Production Profile,AF6,0,,,,M-CP-02 Production,DEFAULT/STRUCTURAL,DEFAULT/STRUCTURAL,Zero literal common structural seed,MEDIUM,Critical path parameter surface,NONE,RESOLVED
D07560CA6C1A762716E1927A130E7CA697DB0AB9BDA8E8A33C7A0ACBB6FDBFEA,Production Profile,AG6,0.2,,,,M-CP-02 Production,FORMULA COEFFICIENT,FORMULA COEFFICIENT,Unit interval without strong economic label: ,LOW,Critical path parameter surface,NONE,RESOLVED
D07560CA6C1A762716E1927A130E7CA697DB0AB9BDA8E8A33C7A0ACBB6FDBFEA,Production Profile,AH6,-0.2,,above:AH5:PI,PI,M-CP-02 Production,FORMULA COEFFICIENT,FORMULA COEFFICIENT,Unit interval without strong economic label: pi,LOW,Critical path parameter surface,NONE,RESOLVED
D07560CA6C1A762716E1927A130E7CA697DB0AB9BDA8E8A33C7A0ACBB6FDBFEA,Production Profile,AI6,0,,,,M-CP-02 Production,DEFAULT/STRUCTURAL,DEFAULT/STRUCTURAL,Zero literal common structural seed,MEDIUM,Critical path parameter surface,NONE,RESOLVED
D07560CA6C1A762716E1927A130E7CA697DB0AB9BDA8E8A33C7A0ACBB6FDBFEA,Production Profile,AJ6,0.2,,,,M-CP-02 Production,FORMULA COEFFICIENT,FORMULA COEFFICIENT,Unit interval without strong economic label: ,LOW,Critical path parameter surface,NONE,RESOLVED
D07560CA6C1A762716E1927A130E7CA697DB0AB9BDA8E8A33C7A0ACBB6FDBFEA,Production Profile,AK6,-0.2,,above:AK5:DPP,DPP,M-CP-02 Production,FORMULA COEFFICIENT,FORMULA COEFFICIENT,Unit interval without strong economic label: dpp,LOW,Critical path parameter surface,NONE,RESOLVED
D07560CA6C1A762716E1927A130E7CA697DB0AB9BDA8E8A33C7A0ACBB6FDBFEA,Production Profile,AL6,0,,,,M-CP-02 Production,DEFAULT/STRUCTURAL,DEFAULT/STRUCTURAL,Zero literal common structural seed,MEDIUM,Critical path parameter surface,NONE,RESOLVED
D07560CA6C1A762716E1927A130E7CA697DB0AB9BDA8E8A33C7A0ACBB6FDBFEA,Production Profile,AM6,0.2,,,,M-CP-02 Production,FORMULA COEFFICIENT,FORMULA COEFFICIENT,Unit interval without strong economic label: ,LOW,Critical path parameter surface,NONE,RESOLVED
D07560CA6C1A762716E1927A130E7CA697DB0AB9BDA8E8A33C7A0ACBB6FDBFEA,Production Profile,C7,1,,left:B7:Production start = | row:B7:Production start =,Production start = | Production start =,M-CP-02 Production,DEFAULT/STRUCTURAL,DEFAULT/STRUCTURAL,Unity literal; treated as structural unless later contradicted,LOW,Critical path parameter surface,NONE,RESOLVED
D07560CA6C1A762716E1927A130E7CA697DB0AB9BDA8E8A33C7A0ACBB6FDBFEA,Production Profile,L7,0.125,,left:E7:Production start = | above:L6:Eff Decline Rate | row:B7:Production start =,Production start = | Eff Decline Rate | Production start =,M-CP-02 Production,ASSUMPTION,ASSUMPTION,Rate/fraction with economic label: production start = eff decline rate production start =,MEDIUM,Critical path parameter surface,NONE,RESOLVED
D07560CA6C1A762716E1927A130E7CA697DB0AB9BDA8E8A33C7A0ACBB6FDBFEA,Production Profile,AC7,0.3,,left:AA7:Tax | row:B7:Production start =,Tax | Production start =,M-CP-02 Production,ASSUMPTION,ASSUMPTION,Rate/fraction with economic label: tax production start =,MEDIUM,Critical path parameter surface,NONE,RESOLVED
D07560CA6C1A762716E1927A130E7CA697DB0AB9BDA8E8A33C7A0ACBB6FDBFEA,Production Profile,C8,2026,,left:B8:Year end = | row:B8:Year end =,Year end = | Year end =,M-CP-02 Production,ASSUMPTION,ASSUMPTION,Calendar year-like value; labels=year end = year end =,MEDIUM,Critical path parameter surface,NONE,RESOLVED
D07560CA6C1A762716E1927A130E7CA697DB0AB9BDA8E8A33C7A0ACBB6FDBFEA,Production Profile,AC8,0.1,,left:AA8:OPEX | row:B8:Year end =,OPEX | Year end =,M-CP-02 Production,FORMULA COEFFICIENT,FORMULA COEFFICIENT,Unit interval without strong economic label: opex year end =,LOW,Critical path parameter surface,NONE,RESOLVED
D07560CA6C1A762716E1927A130E7CA697DB0AB9BDA8E8A33C7A0ACBB6FDBFEA,Production Profile,C9,365,,left:B9:Days in a year | row:B9:Days in a year,Days in a year | Days in a year,M-CP-02 Production,FORMULA COEFFICIENT,FORMULA COEFFICIENT,Sparse residual on production/tax sheet without input evidence,LOW,Critical path parameter surface,NONE,RESOLVED
D07560CA6C1A762716E1927A130E7CA697DB0AB9BDA8E8A33C7A0ACBB6FDBFEA,Production Profile,AC9,70,,left:AA9:Oil Price | row:B9:Days in a year,Oil Price | Days in a year,M-CP-02 Production,ASSUMPTION,ASSUMPTION,Percent/threshold-like: oil price days in a year,MEDIUM,Critical path parameter surface,NONE,RESOLVED
D07560CA6C1A762716E1927A130E7CA697DB0AB9BDA8E8A33C7A0ACBB6FDBFEA,Production Profile,AC10,0.15,,left:AA10:Disc. Rate,Disc. Rate,M-CP-02 Production,ASSUMPTION,ASSUMPTION,Rate/fraction with economic label: disc. rate,MEDIUM,Critical path parameter surface,NONE,RESOLVED
D07560CA6C1A762716E1927A130E7CA697DB0AB9BDA8E8A33C7A0ACBB6FDBFEA,Production Profile,C12,1000,,left:B12:qi | row:B12:qi,qi | qi,M-CP-02 Production,FORMULA COEFFICIENT,FORMULA COEFFICIENT,Sparse residual on production/tax sheet without input evidence,LOW,Critical path parameter surface,NONE,RESOLVED
D07560CA6C1A762716E1927A130E7CA697DB0AB9BDA8E8A33C7A0ACBB6FDBFEA,Production Profile,C13,6000,,left:B13:qp | row:B13:qp,qp | qp,M-CP-02 Production,FORMULA COEFFICIENT,FORMULA COEFFICIENT,Sparse residual on production/tax sheet without input evidence,LOW,Critical path parameter surface,NONE,RESOLVED
D07560CA6C1A762716E1927A130E7CA697DB0AB9BDA8E8A33C7A0ACBB6FDBFEA,Production Profile,I13,500,,left:H13:qel | above:I8:t=(ln(qi/q))/a | row:B13:qp,qel | t=(ln(qi/q))/a | qp,M-CP-02 Production,FORMULA COEFFICIENT,FORMULA COEFFICIENT,Sparse residual on production/tax sheet without input evidence,LOW,Critical path parameter surface,NONE,RESOLVED
D07560CA6C1A762716E1927A130E7CA697DB0AB9BDA8E8A33C7A0ACBB6FDBFEA,Production Profile,C14,2,,left:B14:t1 | row:B14:t1,t1 | t1,M-CP-02 Production,DEFAULT/STRUCTURAL,DEFAULT/STRUCTURAL,Small integer likely index/count: t1 t1,LOW,Critical path parameter surface,NONE,RESOLVED
D07560CA6C1A762716E1927A130E7CA697DB0AB9BDA8E8A33C7A0ACBB6FDBFEA,Production Profile,F14,3,,left:E14:t2 | row:B14:t1,t2 | t1,M-CP-02 Production,DEFAULT/STRUCTURAL,DEFAULT/STRUCTURAL,Small integer likely index/count: t2 t1,LOW,Critical path parameter surface,NONE,RESOLVED
D07560CA6C1A762716E1927A130E7CA697DB0AB9BDA8E8A33C7A0ACBB6FDBFEA,Block_Oil Data,B7,6.48534246575342,,above:B3:mb/d | colhdr:B1:OML 86/88 | colhdr:B2:Daily Oil Production | colhdr:B3:mb/d,mb/d | OML 86/88 | Daily Oil Production | mb/d,M-CP-02 Production,FORMULA COEFFICIENT,FORMULA COEFFICIENT,Schedule/cost grid numeric without independent input evidence — profile coefficient,LOW,Load as schedule data; reclassify if later shown as driver,NONE,RESOLVED
D07560CA6C1A762716E1927A130E7CA697DB0AB9BDA8E8A33C7A0ACBB6FDBFEA,Block_Oil Data,E7,0,,above:E3:mb/d | colhdr:E1:Ebiya Field | colhdr:E2:Daily Oil Production | colhdr:E3:mb/d,mb/d | Ebiya Field | Daily Oil Production | mb/d,M-CP-02 Production,DEFAULT/STRUCTURAL,DEFAULT/STRUCTURAL,Zero literal common structural seed,MEDIUM,Critical path parameter surface,NONE,RESOLVED
D07560CA6C1A762716E1927A130E7CA697DB0AB9BDA8E8A33C7A0ACBB6FDBFEA,Block_Oil Data,H7,0,,above:H3:mb/d | colhdr:H1:Nsung Field | colhdr:H2:Daily Oil Production | colhdr:H3:mb/d,mb/d | Nsung Field | Daily Oil Production | mb/d,M-CP-02 Production,DEFAULT/STRUCTURAL,DEFAULT/STRUCTURAL,Zero literal common structural seed,MEDIUM,Critical path parameter surface,NONE,RESOLVED
D07560CA6C1A762716E1927A130E7CA697DB0AB9BDA8E8A33C7A0ACBB6FDBFEA,Block_Oil Data,B8,8.83424520547945,,above:B3:mb/d | colhdr:B1:OML 86/88 | colhdr:B2:Daily Oil Production | colhdr:B3:mb/d,mb/d | OML 86/88 | Daily Oil Production | mb/d,M-CP-02 Production,FORMULA COEFFICIENT,FORMULA COEFFICIENT,Schedule/cost grid numeric without independent input evidence — profile coefficient,LOW,Load as schedule data; reclassify if later shown as driver,NONE,RESOLVED
D07560CA6C1A762716E1927A130E7CA697DB0AB9BDA8E8A33C7A0ACBB6FDBFEA,Block_Oil Data,E8,1,,above:E3:mb/d | colhdr:E1:Ebiya Field | colhdr:E2:Daily Oil Production | colhdr:E3:mb/d,mb/d | Ebiya Field | Daily Oil Production | mb/d,M-CP-02 Production,DEFAULT/STRUCTURAL,DEFAULT/STRUCTURAL,Unity literal; treated as structural unless later contradicted,LOW,Critical path parameter surface,NONE,RESOLVED
D07560CA6C1A762716E1927A130E7CA697DB0AB9BDA8E8A33C7A0ACBB6FDBFEA,Block_Oil Data,H8,1,,above:H3:mb/d | colhdr:H1:Nsung Field | colhdr:H2:Daily Oil Production | colhdr:H3:mb/d,mb/d | Nsung Field | Daily Oil Production | mb/d,M-CP-02 Production,DEFAULT/STRUCTURAL,DEFAULT/STRUCTURAL,Unity literal; treated as structural unless later contradicted,LOW,Critical path parameter surface,NONE,RESOLVED
D07560CA6C1A762716E1927A130E7CA697DB0AB9BDA8E8A33C7A0ACBB6FDBFEA,Block_Oil Data,I8,0.499367836206652,,above:I3:mmbbls | colhdr:I2:Annual Oil Production | colhdr:I3:mmbbls,mmbbls | Annual Oil Production | mmbbls,M-CP-02 Production,FORMULA COEFFICIENT,FORMULA COEFFICIENT,Unit interval without strong economic label: mmbbls annual oil production mmbbls,LOW,Critical path parameter surface,NONE,RESOLVED
D07560CA6C1A762716E1927A130E7CA697DB0AB9BDA8E8A33C7A0ACBB6FDBFEA,Block_Oil Data,N8,12.87,,above:N3:mb/d | colhdr:N1:OML 20 | colhdr:N2:Daily Oil Production | colhdr:N3:mb/d,mb/d | OML 20 | Daily Oil Production | mb/d,M-CP-02 Production,FORMULA COEFFICIENT,FORMULA COEFFICIENT,Schedule/cost grid numeric without independent input evidence — profile coefficient,LOW,Load as schedule data; reclassify if later shown as driver,NONE,RESOLVED
D07560CA6C1A762716E1927A130E7CA697DB0AB9BDA8E8A33C7A0ACBB6FDBFEA,Block_Oil Data,B9,10.9297,,above:B3:mb/d | colhdr:B1:OML 86/88 | colhdr:B2:Daily Oil Production | colhdr:B3:mb/d,mb/d | OML 86/88 | Daily Oil Production | mb/d,M-CP-02 Production,FORMULA COEFFICIENT,FORMULA COEFFICIENT,Schedule/cost grid numeric without independent input evidence — profile coefficient,LOW,Load as schedule data; reclassify if later shown as driver,NONE,RESOLVED
D07560CA6C1A762716E1927A130E7CA697DB0AB9BDA8E8A33C7A0ACBB6FDBFEA,Block_Oil Data,E9,2.15443469003188,,above:E3:mb/d | colhdr:E1:Ebiya Field | colhdr:E2:Daily Oil Production | colhdr:E3:mb/d,mb/d | Ebiya Field | Daily Oil Production | mb/d,M-CP-02 Production,FORMULA COEFFICIENT,FORMULA COEFFICIENT,Schedule/cost grid numeric without independent input evidence — profile coefficient,LOW,Load as schedule data; reclassify if later shown as driver,NONE,RESOLVED
D07560CA6C1A762716E1927A130E7CA697DB0AB9BDA8E8A33C7A0ACBB6FDBFEA,Block_Oil Data,H9,1.81712059283214,,above:H3:mb/d | colhdr:H1:Nsung Field | colhdr:H2:Daily Oil Production | colhdr:H3:mb/d,mb/d | Nsung Field | Daily Oil Production | mb/d,M-CP-02 Production,FORMULA COEFFICIENT,FORMULA COEFFICIENT,Schedule/cost grid numeric without independent input evidence — profile coefficient,LOW,Load as schedule data; reclassify if later shown as driver,NONE,RESOLVED
D07560CA6C1A762716E1927A130E7CA697DB0AB9BDA8E8A33C7A0ACBB6FDBFEA,Block_Oil Data,I9,0.907411578569134,,above:I3:mmbbls | colhdr:I2:Annual Oil Production | colhdr:I3:mmbbls,mmbbls | Annual Oil Production | mmbbls,M-CP-02 Production,FORMULA COEFFICIENT,FORMULA COEFFICIENT,Unit interval without strong economic label: mmbbls annual oil production mmbbls,LOW,Critical path parameter surface,NONE,RESOLVED
D07560CA6C1A762716E1927A130E7CA697DB0AB9BDA8E8A33C7A0ACBB6FDBFEA,Block_Oil Data,N9,19.37065,,above:N3:mb/d | colhdr:N1:OML 20 | colhdr:N2:Daily Oil Production | colhdr:N3:mb/d,mb/d | OML 20 | Daily Oil Production | mb/d,M-CP-02 Production,FORMULA COEFFICIENT,FORMULA COEFFICIENT,Schedule/cost grid numeric without independent input evidence — profile coefficient,LOW,Load as schedule data; reclassify if later shown as driver,NONE,RESOLVED
D07560CA6C1A762716E1927A130E7CA697DB0AB9BDA8E8A33C7A0ACBB6FDBFEA,Block_Oil Data,B10,12.81873,,above:B3:mb/d | colhdr:B1:OML 86/88 | colhdr:B2:Daily Oil Production | colhdr:B3:mb/d,mb/d | OML 86/88 | Daily Oil Production | mb/d,M-CP-02 Production,FORMULA COEFFICIENT,FORMULA COEFFICIENT,Schedule/cost grid numeric without independent input evidence — profile coefficient,LOW,Load as schedule data; reclassify if later shown as driver,NONE,RESOLVED
D07560CA6C1A762716E1927A130E7CA697DB0AB9BDA8E8A33C7A0ACBB6FDBFEA,Block_Oil Data,E10,4.64158883361278,,above:E3:mb/d | colhdr:E1:Ebiya Field | colhdr:E2:Daily Oil Production | colhdr:E3:mb/d,mb/d | Ebiya Field | Daily Oil Production | mb/d,M-CP-02 Production,FORMULA COEFFICIENT,FORMULA COEFFICIENT,Schedule/cost grid numeric without independent input evidence — profile coefficient,LOW,Load as schedule data; reclassify if later shown as driver,NONE,RESOLVED
D07560CA6C1A762716E1927A130E7CA697DB0AB9BDA8E8A33C7A0ACBB6FDBFEA,Block_Oil Data,H10,3.30192724889463,,above:H3:mb/d | colhdr:H1:Nsung Field | colhdr:H2:Daily Oil Production | colhdr:H3:mb/d,mb/d | Nsung Field | Daily Oil Production | mb/d,M-CP-02 Production,FORMULA COEFFICIENT,FORMULA COEFFICIENT,Schedule/cost grid numeric without independent input evidence — profile coefficient,LOW,Load as schedule data; reclassify if later shown as driver,NONE,RESOLVED
D07560CA6C1A762716E1927A130E7CA697DB0AB9BDA8E8A33C7A0ACBB6FDBFEA,Block_Oil Data,I10,1.64887626559229,,above:I3:mmbbls | colhdr:I2:Annual Oil Production | colhdr:I3:mmbbls,mmbbls | Annual Oil Production | mmbbls,M-CP-02 Production,FORMULA COEFFICIENT,FORMULA COEFFICIENT,Schedule/cost grid numeric without independent input evidence — profile coefficient,LOW,Load as schedule data; reclassify if later shown as driver,NONE,RESOLVED
D07560CA6C1A762716E1927A130E7CA697DB0AB9BDA8E8A33C7A0ACBB6FDBFEA,Block_Oil Data,N10,22.958585,,above:N3:mb/d | colhdr:N1:OML 20 | colhdr:N2:Daily Oil Production | colhdr:N3:mb/d,mb/d | OML 20 | Daily Oil Production | mb/d,M-CP-02 Production,FORMULA COEFFICIENT,FORMULA COEFFICIENT,Schedule/cost grid numeric without independent input evidence — profile coefficient,LOW,Load as schedule data; reclassify if later shown as driver,NONE,RESOLVED
D07560CA6C1A762716E1927A130E7CA697DB0AB9BDA8E8A33C7A0ACBB6FDBFEA,Block_Oil Data,B11,16.6214189,,above:B3:mb/d | colhdr:B1:OML 86/88 | colhdr:B2:Daily Oil Production | colhdr:B3:mb/d,mb/d | OML 86/88 | Daily Oil Production | mb/d,M-CP-02 Production,FORMULA COEFFICIENT,FORMULA COEFFICIENT,Schedule/cost grid numeric without independent input evidence — profile coefficient,LOW,Load as schedule data; reclassify if later shown as driver,NONE,RESOLVED
D07560CA6C1A762716E1927A130E7CA697DB0AB9BDA8E8A33C7A0ACBB6FDBFEA,Block_Oil Data,E11,10,,above:E3:mb/d | colhdr:E1:Ebiya Field | colhdr:E2:Daily Oil Production | colhdr:E3:mb/d,mb/d | Ebiya Field | Daily Oil Production | mb/d,M-CP-02 Production,FORMULA COEFFICIENT,FORMULA COEFFICIENT,Schedule/cost grid numeric without independent input evidence — profile coefficient,LOW,Load as schedule data; reclassify if later shown as driver,NONE,RESOLVED
D07560CA6C1A762716E1927A130E7CA697DB0AB9BDA8E8A33C7A0ACBB6FDBFEA,Block_Oil Data,H11,6,,above:H3:mb/d | colhdr:H1:Nsung Field | colhdr:H2:Daily Oil Production | colhdr:H3:mb/d,mb/d | Nsung Field | Daily Oil Production | mb/d,M-CP-02 Production,DEFAULT/STRUCTURAL,DEFAULT/STRUCTURAL,Small integer likely index/count: mb/d nsung field daily oil production mb/d,LOW,Critical path parameter surface,NONE,RESOLVED
D07560CA6C1A762716E1927A130E7CA697DB0AB9BDA8E8A33C7A0ACBB6FDBFEA,Block_Oil Data,I11,2.19,,above:I3:mmbbls | colhdr:I2:Annual Oil Production | colhdr:I3:mmbbls,mmbbls | Annual Oil Production | mmbbls,M-CP-02 Production,FORMULA COEFFICIENT,FORMULA COEFFICIENT,Schedule/cost grid numeric without independent input evidence — profile coefficient,LOW,Load as schedule data; reclassify if later shown as driver,NONE,RESOLVED
D07560CA6C1A762716E1927A130E7CA697DB0AB9BDA8E8A33C7A0ACBB6FDBFEA,Block_Oil Data,N11,26.1877265,,above:N3:mb/d | colhdr:N1:OML 20 | colhdr:N2:Daily Oil Production | colhdr:N3:mb/d,mb/d | OML 20 | Daily Oil Production | mb/d,M-CP-02 Production,FORMULA COEFFICIENT,FORMULA COEFFICIENT,Schedule/cost grid numeric without independent input evidence — profile coefficient,LOW,Load as schedule data; reclassify if later shown as driver,NONE,RESOLVED
D07560CA6C1A762716E1927A130E7CA697DB0AB9BDA8E8A33C7A0ACBB6FDBFEA,Block_Oil Data,B12,30.6478762899703,,colhdr:B1:OML 86/88 | colhdr:B2:Daily Oil Production | colhdr:B3:mb/d,OML 86/88 | Daily Oil Production | mb/d,M-CP-02 Production,FORMULA COEFFICIENT,FORMULA COEFFICIENT,Schedule/cost grid numeric without independent input evidence — profile coefficient,LOW,Load as schedule data; reclassify if later shown as driver,NONE,RESOLVED
D07560CA6C1A762716E1927A130E7CA697DB0AB9BDA8E8A33C7A0ACBB6FDBFEA,Block_Oil Data,E12,10,,colhdr:E1:Ebiya Field | colhdr:E2:Daily Oil Production | colhdr:E3:mb/d,Ebiya Field | Daily Oil Production | mb/d,M-CP-02 Production,DEFAULT/STRUCTURAL,DEFAULT/STRUCTURAL,Small integer likely index/count: ebiya field daily oil production mb/d,LOW,Critical path parameter surface,NONE,RESOLVED
D07560CA6C1A762716E1927A130E7CA697DB0AB9BDA8E8A33C7A0ACBB6FDBFEA,Block_Oil Data,H12,6,,colhdr:H1:Nsung Field | colhdr:H2:Daily Oil Production | colhdr:H3:mb/d,Nsung Field | Daily Oil Production | mb/d,M-CP-02 Production,DEFAULT/STRUCTURAL,DEFAULT/STRUCTURAL,Small integer likely index/count: nsung field daily oil production mb/d,LOW,Critical path parameter surface,NONE,RESOLVED
D07560CA6C1A762716E1927A130E7CA697DB0AB9BDA8E8A33C7A0ACBB6FDBFEA,Block_Oil Data,I12,1.99466115969924,,colhdr:I2:Annual Oil Production | colhdr:I3:mmbbls,Annual Oil Production | mmbbls,M-CP-02 Production,FORMULA COEFFICIENT,FORMULA COEFFICIENT,Schedule/cost grid numeric without independent input evidence — profile coefficient,LOW,Load as schedule data; reclassify if later shown as driver,NONE,RESOLVED
D07560CA6C1A762716E1927A130E7CA697DB0AB9BDA8E8A33C7A0ACBB6FDBFEA,Block_Oil Data,N12,23.56895385,,colhdr:N1:OML 20 | colhdr:N2:Daily Oil Production | colhdr:N3:mb/d,OML 20 | Daily Oil Production | mb/d,M-CP-02 Production,FORMULA COEFFICIENT,FORMULA COEFFICIENT,Schedule/cost grid numeric without independent input evidence — profile coefficient,LOW,Load as schedule data; reclassify if later shown as driver,NONE,RESOLVED
D07560CA6C1A762716E1927A130E7CA697DB0AB9BDA8E8A33C7A0ACBB6FDBFEA,Block_Oil Data,B13,28.91118041871,,colhdr:B1:OML 86/88 | colhdr:B2:Daily Oil Production | colhdr:B3:mb/d,OML 86/88 | Daily Oil Production | mb/d,M-CP-02 Production,FORMULA COEFFICIENT,FORMULA COEFFICIENT,Schedule/cost grid numeric without independent input evidence — profile coefficient,LOW,Load as schedule data; reclassify if later shown as driver,NONE,RESOLVED
D07560CA6C1A762716E1927A130E7CA697DB0AB9BDA8E8A33C7A0ACBB6FDBFEA,Block_Oil Data,E13,7.78324564503888,,colhdr:E1:Ebiya Field | colhdr:E2:Daily Oil Production | colhdr:E3:mb/d,Ebiya Field | Daily Oil Production | mb/d,M-CP-02 Production,FORMULA COEFFICIENT,FORMULA COEFFICIENT,Schedule/cost grid numeric without independent input evidence — profile coefficient,LOW,Load as schedule data; reclassify if later shown as driver,NONE,RESOLVED
D07560CA6C1A762716E1927A130E7CA697DB0AB9BDA8E8A33C7A0ACBB6FDBFEA,Block_Oil Data,H13,4.96246125792474,,colhdr:H1:Nsung Field | colhdr:H2:Daily Oil Production | colhdr:H3:mb/d,Nsung Field | Daily Oil Production | mb/d,M-CP-02 Production,FORMULA COEFFICIENT,FORMULA COEFFICIENT,Schedule/cost grid numeric without independent input evidence — profile coefficient,LOW,Load as schedule data; reclassify if later shown as driver,NONE,RESOLVED
D07560CA6C1A762716E1927A130E7CA697DB0AB9BDA8E8A33C7A0ACBB6FDBFEA,Block_Oil Data,I13,1.64973812128245,,colhdr:I2:Annual Oil Production | colhdr:I3:mmbbls,Annual Oil Production | mmbbls,M-CP-02 Production,FORMULA COEFFICIENT,FORMULA COEFFICIENT,Schedule/cost grid numeric without independent input evidence — profile coefficient,LOW,Load as schedule data; reclassify if later shown as driver,NONE,RESOLVED
D07560CA6C1A762716E1927A130E7CA697DB0AB9BDA8E8A33C7A0ACBB6FDBFEA,Block_Oil Data,N13,32.342058465,,colhdr:N1:OML 20 | colhdr:N2:Daily Oil Production | colhdr:N3:mb/d,OML 20 | Daily Oil Production | mb/d,M-CP-02 Production,FORMULA COEFFICIENT,FORMULA COEFFICIENT,Schedule/cost grid numeric without independent input evidence — profile coefficient,LOW,Load as schedule data; reclassify if later shown as driver,NONE,RESOLVED
D07560CA6C1A762716E1927A130E7CA697DB0AB9BDA8E8A33C7A0ACBB6FDBFEA,Block_Oil Data,B14,27.3937974861163,,colhdr:B1:OML 86/88 | colhdr:B2:Daily Oil Production | colhdr:B3:mb/d,OML 86/88 | Daily Oil Production | mb/d,M-CP-02 Production,FORMULA COEFFICIENT,FORMULA COEFFICIENT,Schedule/cost grid numeric without independent input evidence — profile coefficient,LOW,Load as schedule data; reclassify if later shown as driver,NONE,RESOLVED
D07560CA6C1A762716E1927A130E7CA697DB0AB9BDA8E8A33C7A0ACBB6FDBFEA,Block_Oil Data,E14,6.05789127710167,,colhdr:E1:Ebiya Field | colhdr:E2:Daily Oil Production | colhdr:E3:mb/d,Ebiya Field | Daily Oil Production | mb/d,M-CP-02 Production,FORMULA COEFFICIENT,FORMULA COEFFICIENT,Schedule/cost grid numeric without independent input evidence — profile coefficient,LOW,Load as schedule data; reclassify if later shown as driver,NONE,RESOLVED
D07560CA6C1A762716E1927A130E7CA697DB0AB9BDA8E8A33C7A0ACBB6FDBFEA,Block_Oil Data,H14,4.10433695606733,,colhdr:H1:Nsung Field | colhdr:H2:Daily Oil Production | colhdr:H3:mb/d,Nsung Field | Daily Oil Production | mb/d,M-CP-02 Production,FORMULA COEFFICIENT,FORMULA COEFFICIENT,Schedule/cost grid numeric without independent input evidence — profile coefficient,LOW,Load as schedule data; reclassify if later shown as driver,NONE,RESOLVED
D07560CA6C1A762716E1927A130E7CA697DB0AB9BDA8E8A33C7A0ACBB6FDBFEA,Block_Oil Data,I14,1.36446025209762,,colhdr:I2:Annual Oil Production | colhdr:I3:mmbbls,Annual Oil Production | mmbbls,M-CP-02 Production,FORMULA COEFFICIENT,FORMULA COEFFICIENT,Schedule/cost grid numeric without independent input evidence — profile coefficient,LOW,Load as schedule data; reclassify if later shown as driver,NONE,RESOLVED
D07560CA6C1A762716E1927A130E7CA697DB0AB9BDA8E8A33C7A0ACBB6FDBFEA,Block_Oil Data,N14,41.8328526185,,colhdr:N1:OML 20 | colhdr:N2:Daily Oil Production | colhdr:N3:mb/d,OML 20 | Daily Oil Production | mb/d,M-CP-02 Production,FORMULA COEFFICIENT,FORMULA COEFFICIENT,Schedule/cost grid numeric without independent input evidence — profile coefficient,LOW,Load as schedule data; reclassify if later shown as driver,NONE,RESOLVED
D07560CA6C1A762716E1927A130E7CA697DB0AB9BDA8E8A33C7A0ACBB6FDBFEA,Block_Oil Data,B15,26.0700290974135,,colhdr:B1:OML 86/88 | colhdr:B2:Daily Oil Production | colhdr:B3:mb/d,OML 86/88 | Daily Oil Production | mb/d,M-CP-02 Production,FORMULA COEFFICIENT,FORMULA COEFFICIENT,Schedule/cost grid numeric without independent input evidence — profile coefficient,LOW,Load as schedule data; reclassify if later shown as driver,NONE,RESOLVED
D07560CA6C1A762716E1927A130E7CA697DB0AB9BDA8E8A33C7A0ACBB6FDBFEA,Block_Oil Data,E15,4.71500559006205,,colhdr:E1:Ebiya Field | colhdr:E2:Daily Oil Production | colhdr:E3:mb/d,Ebiya Field | Daily Oil Production | mb/d,M-CP-02 Production,FORMULA COEFFICIENT,FORMULA COEFFICIENT,Schedule/cost grid numeric without independent input evidence — profile coefficient,LOW,Load as schedule data; reclassify if later shown as driver,NONE,RESOLVED
D07560CA6C1A762716E1927A130E7CA697DB0AB9BDA8E8A33C7A0ACBB6FDBFEA,Block_Oil Data,H15,3.39460218899215,,colhdr:H1:Nsung Field | colhdr:H2:Daily Oil Production | colhdr:H3:mb/d,Nsung Field | Daily Oil Production | mb/d,M-CP-02 Production,FORMULA COEFFICIENT,FORMULA COEFFICIENT,Schedule/cost grid numeric without independent input evidence — profile coefficient,LOW,Load as schedule data; reclassify if later shown as driver,NONE,RESOLVED
D07560CA6C1A762716E1927A130E7CA697DB0AB9BDA8E8A33C7A0ACBB6FDBFEA,Block_Oil Data,I15,1.12851352316878,,colhdr:I2:Annual Oil Production | colhdr:I3:mmbbls,Annual Oil Production | mmbbls,M-CP-02 Production,FORMULA COEFFICIENT,FORMULA COEFFICIENT,Schedule/cost grid numeric without independent input evidence — profile coefficient,LOW,Load as schedule data; reclassify if later shown as driver,NONE,RESOLVED
D07560CA6C1A762716E1927A130E7CA697DB0AB9BDA8E8A33C7A0ACBB6FDBFEA,Block_Oil Data,N15,38.77456735665,,colhdr:N1:OML 20 | colhdr:N2:Daily Oil Production | colhdr:N3:mb/d,OML 20 | Daily Oil Production | mb/d,M-CP-02 Production,FORMULA COEFFICIENT,FORMULA COEFFICIENT,Schedule/cost grid numeric without independent input evidence — profile coefficient,LOW,Load as schedule data; reclassify if later shown as driver,NONE,RESOLVED
D07560CA6C1A762716E1927A130E7CA697DB0AB9BDA8E8A33C7A0ACBB6FDBFEA,Block_Oil Data,B16,30.6424226358751,,colhdr:B1:OML 86/88 | colhdr:B2:Daily Oil Production | colhdr:B3:mb/d,OML 86/88 | Daily Oil Production | mb/d,M-CP-02 Production,FORMULA COEFFICIENT,FORMULA COEFFICIENT,Schedule/cost grid numeric without independent input evidence — profile coefficient,LOW,Load as schedule data; reclassify if later shown as driver,NONE,RESOLVED
D07560CA6C1A762716E1927A130E7CA697DB0AB9BDA8E8A33C7A0ACBB6FDBFEA,Block_Oil Data,E16,3.66980467251844,,colhdr:E1:Ebiya Field | colhdr:E2:Daily Oil Production | colhdr:E3:mb/d,Ebiya Field | Daily Oil Production | mb/d,M-CP-02 Production,FORMULA COEFFICIENT,FORMULA COEFFICIENT,Schedule/cost grid numeric without independent input evidence — profile coefficient,LOW,Load as schedule data; reclassify if later shown as driver,NONE,RESOLVED
D07560CA6C1A762716E1927A130E7CA697DB0AB9BDA8E8A33C7A0ACBB6FDBFEA,Block_Oil Data,H16,2.80759697482334,,colhdr:H1:Nsung Field | colhdr:H2:Daily Oil Production | colhdr:H3:mb/d,Nsung Field | Daily Oil Production | mb/d,M-CP-02 Production,FORMULA COEFFICIENT,FORMULA COEFFICIENT,Schedule/cost grid numeric without independent input evidence — profile coefficient,LOW,Load as schedule data; reclassify if later shown as driver,NONE,RESOLVED
D07560CA6C1A762716E1927A130E7CA697DB0AB9BDA8E8A33C7A0ACBB6FDBFEA,Block_Oil Data,I16,0.933367439628199,,colhdr:I2:Annual Oil Production | colhdr:I3:mmbbls,Annual Oil Production | mmbbls,M-CP-02 Production,FORMULA COEFFICIENT,FORMULA COEFFICIENT,Unit interval without strong economic label: annual oil production mmbbls,LOW,Critical path parameter surface,NONE,RESOLVED
D07560CA6C1A762716E1927A130E7CA697DB0AB9BDA8E8A33C7A0ACBB6FDBFEA,Block_Oil Data,N16,36.022110620985,,colhdr:N1:OML 20 | colhdr:N2:Daily Oil Production | colhdr:N3:mb/d,OML 20 | Daily Oil Production | mb/d,M-CP-02 Production,FORMULA COEFFICIENT,FORMULA COEFFICIENT,Schedule/cost grid numeric without independent input evidence — profile coefficient,LOW,Load as schedule data; reclassify if later shown as driver,NONE,RESOLVED
D07560CA6C1A762716E1927A130E7CA697DB0AB9BDA8E8A33C7A0ACBB6FDBFEA,Block_Oil Data,B17,28.1870476138516,,colhdr:B1:OML 86/88 | colhdr:B2:Daily Oil Production | colhdr:B3:mb/d,OML 86/88 | Daily Oil Production | mb/d,M-CP-02 Production,FORMULA COEFFICIENT,FORMULA COEFFICIENT,Schedule/cost grid numeric without independent input evidence — profile coefficient,LOW,Load as schedule data; reclassify if later shown as driver,NONE,RESOLVED
D07560CA6C1A762716E1927A130E7CA697DB0AB9BDA8E8A33C7A0ACBB6FDBFEA,Block_Oil Data,E17,2.85629912355225,,colhdr:E1:Ebiya Field | colhdr:E2:Daily Oil Production | colhdr:E3:mb/d,Ebiya Field | Daily Oil Production | mb/d,M-CP-02 Production,FORMULA COEFFICIENT,FORMULA COEFFICIENT,Schedule/cost grid numeric without independent input evidence — profile coefficient,LOW,Load as schedule data; reclassify if later shown as driver,NONE,RESOLVED
D07560CA6C1A762716E1927A130E7CA697DB0AB9BDA8E8A33C7A0ACBB6FDBFEA,Block_Oil Data,H17,2.32209853590459,,colhdr:H1:Nsung Field | colhdr:H2:Daily Oil Production | colhdr:H3:mb/d,Nsung Field | Daily Oil Production | mb/d,M-CP-02 Production,FORMULA COEFFICIENT,FORMULA COEFFICIENT,Schedule/cost grid numeric without independent input evidence — profile coefficient,LOW,Load as schedule data; reclassify if later shown as driver,NONE,RESOLVED
D07560CA6C1A762716E1927A130E7CA697DB0AB9BDA8E8A33C7A0ACBB6FDBFEA,Block_Oil Data,I17,0.771966626427229,,colhdr:I2:Annual Oil Production | colhdr:I3:mmbbls,Annual Oil Production | mmbbls,M-CP-02 Production,FORMULA COEFFICIENT,FORMULA COEFFICIENT,Unit interval without strong economic label: annual oil production mmbbls,LOW,Critical path parameter surface,NONE,RESOLVED
D07560CA6C1A762716E1927A130E7CA697DB0AB9BDA8E8A33C7A0ACBB6FDBFEA,Block_Oil Data,N17,33.5448995588865,,colhdr:N1:OML 20 | colhdr:N2:Daily Oil Production | colhdr:N3:mb/d,OML 20 | Daily Oil Production | mb/d,M-CP-02 Production,FORMULA COEFFICIENT,FORMULA COEFFICIENT,Schedule/cost grid numeric without independent input evidence — profile coefficient,LOW,Load as schedule data; reclassify if later shown as driver,NONE,RESOLVED
D07560CA6C1A762716E1927A130E7CA697DB0AB9BDA8E8A33C7A0ACBB6FDBFEA,Block_Oil Data,B18,26.0714576834467,,colhdr:B1:OML 86/88 | colhdr:B2:Daily Oil Production | colhdr:B3:mb/d,OML 86/88 | Daily Oil Production | mb/d,M-CP-02 Production,FORMULA COEFFICIENT,FORMULA COEFFICIENT,Schedule/cost grid numeric without independent input evidence — profile coefficient,LOW,Load as schedule data; reclassify if later shown as driver,NONE,RESOLVED
D07560CA6C1A762716E1927A130E7CA697DB0AB9BDA8E8A33C7A0ACBB6FDBFEA,Block_Oil Data,E18,2.22312777143164,,colhdr:E1:Ebiya Field | colhdr:E2:Daily Oil Production | colhdr:E3:mb/d,Ebiya Field | Daily Oil Production | mb/d,M-CP-02 Production,FORMULA COEFFICIENT,FORMULA COEFFICIENT,Schedule/cost grid numeric without independent input evidence — profile coefficient,LOW,Load as schedule data; reclassify if later shown as driver,NONE,RESOLVED
D07560CA6C1A762716E1927A130E7CA697DB0AB9BDA8E8A33C7A0ACBB6FDBFEA,Block_Oil Data,H18,1.92055400358505,,colhdr:H1:Nsung Field | colhdr:H2:Daily Oil Production | colhdr:H3:mb/d,Nsung Field | Daily Oil Production | mb/d,M-CP-02 Production,FORMULA COEFFICIENT,FORMULA COEFFICIENT,Schedule/cost grid numeric without independent input evidence — profile coefficient,LOW,Load as schedule data; reclassify if later shown as driver,NONE,RESOLVED
D07560CA6C1A762716E1927A130E7CA697DB0AB9BDA8E8A33C7A0ACBB6FDBFEA,Block_Oil Data,I18,0.63847574600933,,colhdr:I2:Annual Oil Production | colhdr:I3:mmbbls,Annual Oil Production | mmbbls,M-CP-02 Production,FORMULA COEFFICIENT,FORMULA COEFFICIENT,Unit interval without strong economic label: annual oil production mmbbls,LOW,Critical path parameter surface,NONE,RESOLVED
D07560CA6C1A762716E1927A130E7CA697DB0AB9BDA8E8A33C7A0ACBB6FDBFEA,Block_Oil Data,N18,31.3154096029978,,colhdr:N1:OML 20 | colhdr:N2:Daily Oil Production | colhdr:N3:mb/d,OML 20 | Daily Oil Production | mb/d,M-CP-02 Production,FORMULA COEFFICIENT,FORMULA COEFFICIENT,Schedule/cost grid numeric without independent input evidence — profile coefficient,LOW,Load as schedule data; reclassify if later shown as driver,NONE,RESOLVED
D07560CA6C1A762716E1927A130E7CA697DB0AB9BDA8E8A33C7A0ACBB6FDBFEA,Block_Oil Data,B19,24.2453969692116,,colhdr:B1:OML 86/88 | colhdr:B2:Daily Oil Production | colhdr:B3:mb/d,OML 86/88 | Daily Oil Production | mb/d,M-CP-02 Production,FORMULA COEFFICIENT,FORMULA COEFFICIENT,Schedule/cost grid numeric without independent input evidence — profile coefficient,LOW,Load as schedule data; reclassify if later shown as driver,NONE,RESOLVED
D07560CA6C1A762716E1927A130E7CA697DB0AB9BDA8E8A33C7A0ACBB6FDBFEA,Block_Oil Data,E19,1.73031495453603,,colhdr:E1:Ebiya Field | colhdr:E2:Daily Oil Production | colhdr:E3:mb/d,Ebiya Field | Daily Oil Production | mb/d,M-CP-02 Production,FORMULA COEFFICIENT,FORMULA COEFFICIENT,Schedule/cost grid numeric without independent input evidence — profile coefficient,LOW,Load as schedule data; reclassify if later shown as driver,NONE,RESOLVED
D07560CA6C1A762716E1927A130E7CA697DB0AB9BDA8E8A33C7A0ACBB6FDBFEA,Block_Oil Data,H19,1.58844580609051,,colhdr:H1:Nsung Field | colhdr:H2:Daily Oil Production | colhdr:H3:mb/d,Nsung Field | Daily Oil Production | mb/d,M-CP-02 Production,FORMULA COEFFICIENT,FORMULA COEFFICIENT,Schedule/cost grid numeric without independent input evidence — profile coefficient,LOW,Load as schedule data; reclassify if later shown as driver,NONE,RESOLVED
D07560CA6C1A762716E1927A130E7CA697DB0AB9BDA8E8A33C7A0ACBB6FDBFEA,Block_Oil Data,I19,0.528068525615979,,colhdr:I2:Annual Oil Production | colhdr:I3:mmbbls,Annual Oil Production | mmbbls,M-CP-02 Production,FORMULA COEFFICIENT,FORMULA COEFFICIENT,Unit interval without strong economic label: annual oil production mmbbls,LOW,Critical path parameter surface,NONE,RESOLVED
D07560CA6C1A762716E1927A130E7CA697DB0AB9BDA8E8A33C7A0ACBB6FDBFEA,Block_Oil Data,N19,28.1838686426981,,colhdr:N1:OML 20 | colhdr:N2:Daily Oil Production | colhdr:N3:mb/d,OML 20 | Daily Oil Production | mb/d,M-CP-02 Production,FORMULA COEFFICIENT,FORMULA COEFFICIENT,Schedule/cost grid numeric without independent input evidence — profile coefficient,LOW,Load as schedule data; reclassify if later shown as driver,NONE,RESOLVED
D07560CA6C1A762716E1927A130E7CA697DB0AB9BDA8E8A33C7A0ACBB6FDBFEA,Block_Oil Data,B20,19.6862585418878,,colhdr:B1:OML 86/88 | colhdr:B2:Daily Oil Production | colhdr:B3:mb/d,OML 86/88 | Daily Oil Production | mb/d,M-CP-02 Production,FORMULA COEFFICIENT,FORMULA COEFFICIENT,Schedule/cost grid numeric without independent input evidence — profile coefficient,LOW,Load as schedule data; reclassify if later shown as driver,NONE,RESOLVED
D07560CA6C1A762716E1927A130E7CA697DB0AB9BDA8E8A33C7A0ACBB6FDBFEA,Block_Oil Data,E20,1.34674663344382,,colhdr:E1:Ebiya Field | colhdr:E2:Daily Oil Production | colhdr:E3:mb/d,Ebiya Field | Daily Oil Production | mb/d,M-CP-02 Production,FORMULA COEFFICIENT,FORMULA COEFFICIENT,Schedule/cost grid numeric without independent input evidence — profile coefficient,LOW,Load as schedule data; reclassify if later shown as driver,NONE,RESOLVED
D07560CA6C1A762716E1927A130E7CA697DB0AB9BDA8E8A33C7A0ACBB6FDBFEA,Block_Oil Data,H20,1.3137667955062,,colhdr:H1:Nsung Field | colhdr:H2:Daily Oil Production | colhdr:H3:mb/d,Nsung Field | Daily Oil Production | mb/d,M-CP-02 Production,FORMULA COEFFICIENT,FORMULA COEFFICIENT,Schedule/cost grid numeric without independent input evidence — profile coefficient,LOW,Load as schedule data; reclassify if later shown as driver,NONE,RESOLVED
D07560CA6C1A762716E1927A130E7CA697DB0AB9BDA8E8A33C7A0ACBB6FDBFEA,Block_Oil Data,I20,0.436753266649795,,colhdr:I2:Annual Oil Production | colhdr:I3:mmbbls,Annual Oil Production | mmbbls,M-CP-02 Production,FORMULA COEFFICIENT,FORMULA COEFFICIENT,Unit interval without strong economic label: annual oil production mmbbls,LOW,Critical path parameter surface,NONE,RESOLVED
D07560CA6C1A762716E1927A130E7CA697DB0AB9BDA8E8A33C7A0ACBB6FDBFEA,Block_Oil Data,N20,25.3654817784283,,colhdr:N1:OML 20 | colhdr:N2:Daily Oil Production | colhdr:N3:mb/d,OML 20 | Daily Oil Production | mb/d,M-CP-02 Production,FORMULA COEFFICIENT,FORMULA COEFFICIENT,Schedule/cost grid numeric without independent input evidence — profile coefficient,LOW,Load as schedule data; reclassify if later shown as driver,NONE,RESOLVED
D07560CA6C1A762716E1927A130E7CA697DB0AB9BDA8E8A33C7A0ACBB6FDBFEA,Block_Oil Data,B21,16.6910128664511,,colhdr:B1:OML 86/88 | colhdr:B2:Daily Oil Production | colhdr:B3:mb/d,OML 86/88 | Daily Oil Production | mb/d,M-CP-02 Production,FORMULA COEFFICIENT,FORMULA COEFFICIENT,Schedule/cost grid numeric without independent input evidence — profile coefficient,LOW,Load as schedule data; reclassify if later shown as driver,NONE,RESOLVED
D07560CA6C1A762716E1927A130E7CA697DB0AB9BDA8E8A33C7A0ACBB6FDBFEA,Block_Oil Data,E21,1.04820598697224,,colhdr:E1:Ebiya Field | colhdr:E2:Daily Oil Production | colhdr:E3:mb/d,Ebiya Field | Daily Oil Production | mb/d,M-CP-02 Production,FORMULA COEFFICIENT,FORMULA COEFFICIENT,Schedule/cost grid numeric without independent input evidence — profile coefficient,LOW,Load as schedule data; reclassify if later shown as driver,NONE,RESOLVED
D07560CA6C1A762716E1927A130E7CA697DB0AB9BDA8E8A33C7A0ACBB6FDBFEA,Block_Oil Data,H21,1.08658613744124,,colhdr:H1:Nsung Field | colhdr:H2:Daily Oil Production | colhdr:H3:mb/d,Nsung Field | Daily Oil Production | mb/d,M-CP-02 Production,FORMULA COEFFICIENT,FORMULA COEFFICIENT,Schedule/cost grid numeric without independent input evidence — profile coefficient,LOW,Load as schedule data; reclassify if later shown as driver,NONE,RESOLVED
D07560CA6C1A762716E1927A130E7CA697DB0AB9BDA8E8A33C7A0ACBB6FDBFEA,Block_Oil Data,I21,0.166461259053296,,colhdr:I2:Annual Oil Production | colhdr:I3:mmbbls,Annual Oil Production | mmbbls,M-CP-02 Production,FORMULA COEFFICIENT,FORMULA COEFFICIENT,Unit interval without strong economic label: annual oil production mmbbls,LOW,Critical path parameter surface,NONE,RESOLVED
D07560CA6C1A762716E1927A130E7CA697DB0AB9BDA8E8A33C7A0ACBB6FDBFEA,Block_Oil Data,N21,22.8289336005854,,colhdr:N1:OML 20 | colhdr:N2:Daily Oil Production | colhdr:N3:mb/d,OML 20 | Daily Oil Production | mb/d,M-CP-02 Production,FORMULA COEFFICIENT,FORMULA COEFFICIENT,Schedule/cost grid numeric without independent input evidence — profile coefficient,LOW,Load as schedule data; reclassify if later shown as driver,NONE,RESOLVED
D07560CA6C1A762716E1927A130E7CA697DB0AB9BDA8E8A33C7A0ACBB6FDBFEA,Block_Oil Data,B22,15.0094158111187,,colhdr:B1:OML 86/88 | colhdr:B2:Daily Oil Production | colhdr:B3:mb/d,OML 86/88 | Daily Oil Production | mb/d,M-CP-02 Production,FORMULA COEFFICIENT,FORMULA COEFFICIENT,Schedule/cost grid numeric without independent input evidence — profile coefficient,LOW,Load as schedule data; reclassify if later shown as driver,NONE,RESOLVED
D07560CA6C1A762716E1927A130E7CA697DB0AB9BDA8E8A33C7A0ACBB6FDBFEA,Block_Oil Data,E22,1,,colhdr:E1:Ebiya Field | colhdr:E2:Daily Oil Production | colhdr:E3:mb/d,Ebiya Field | Daily Oil Production | mb/d,M-CP-02 Production,DEFAULT/STRUCTURAL,DEFAULT/STRUCTURAL,Unity literal; treated as structural unless later contradicted,LOW,Critical path parameter surface,NONE,RESOLVED
D07560CA6C1A762716E1927A130E7CA697DB0AB9BDA8E8A33C7A0ACBB6FDBFEA,Block_Oil Data,N22,20.5460402405269,,colhdr:N1:OML 20 | colhdr:N2:Daily Oil Production | colhdr:N3:mb/d,OML 20 | Daily Oil Production | mb/d,M-CP-02 Production,FORMULA COEFFICIENT,FORMULA COEFFICIENT,Schedule/cost grid numeric without independent input evidence — profile coefficient,LOW,Load as schedule data; reclassify if later shown as driver,NONE,RESOLVED
D07560CA6C1A762716E1927A130E7CA697DB0AB9BDA8E8A33C7A0ACBB6FDBFEA,Block_Oil Data,B23,13.5235582719603,,colhdr:B1:OML 86/88 | colhdr:B2:Daily Oil Production | colhdr:B3:mb/d,OML 86/88 | Daily Oil Production | mb/d,M-CP-02 Production,FORMULA COEFFICIENT,FORMULA COEFFICIENT,Schedule/cost grid numeric without independent input evidence — profile coefficient,LOW,Load as schedule data; reclassify if later shown as driver,NONE,RESOLVED
D07560CA6C1A762716E1927A130E7CA697DB0AB9BDA8E8A33C7A0ACBB6FDBFEA,Block_Oil Data,E23,0,,colhdr:E1:Ebiya Field | colhdr:E2:Daily Oil Production | colhdr:E3:mb/d,Ebiya Field | Daily Oil Production | mb/d,M-CP-02 Production,DEFAULT/STRUCTURAL,DEFAULT/STRUCTURAL,Zero literal common structural seed,MEDIUM,Critical path parameter surface,NONE,RESOLVED
D07560CA6C1A762716E1927A130E7CA697DB0AB9BDA8E8A33C7A0ACBB6FDBFEA,Block_Oil Data,N23,18.4914362164742,,colhdr:N1:OML 20 | colhdr:N2:Daily Oil Production | colhdr:N3:mb/d,OML 20 | Daily Oil Production | mb/d,M-CP-02 Production,FORMULA COEFFICIENT,FORMULA COEFFICIENT,Schedule/cost grid numeric without independent input evidence — profile coefficient,LOW,Load as schedule data; reclassify if later shown as driver,NONE,RESOLVED
D07560CA6C1A762716E1927A130E7CA697DB0AB9BDA8E8A33C7A0ACBB6FDBFEA,Block_Oil Data,B24,12.2079716965526,,colhdr:B1:OML 86/88 | colhdr:B2:Daily Oil Production | colhdr:B3:mb/d,OML 86/88 | Daily Oil Production | mb/d,M-CP-02 Production,FORMULA COEFFICIENT,FORMULA COEFFICIENT,Schedule/cost grid numeric without independent input evidence — profile coefficient,LOW,Load as schedule data; reclassify if later shown as driver,NONE,RESOLVED
D07560CA6C1A762716E1927A130E7CA697DB0AB9BDA8E8A33C7A0ACBB6FDBFEA,Block_Oil Data,E24,0,,colhdr:E1:Ebiya Field | colhdr:E2:Daily Oil Production | colhdr:E3:mb/d,Ebiya Field | Daily Oil Production | mb/d,M-CP-02 Production,DEFAULT/STRUCTURAL,DEFAULT/STRUCTURAL,Zero literal common structural seed,MEDIUM,Critical path parameter surface,NONE,RESOLVED
D07560CA6C1A762716E1927A130E7CA697DB0AB9BDA8E8A33C7A0ACBB6FDBFEA,Block_Oil Data,N24,16.6422925948268,,colhdr:N1:OML 20 | colhdr:N2:Daily Oil Production | colhdr:N3:mb/d,OML 20 | Daily Oil Production | mb/d,M-CP-02 Production,FORMULA COEFFICIENT,FORMULA COEFFICIENT,Schedule/cost grid numeric without independent input evidence — profile coefficient,LOW,Load as schedule data; reclassify if later shown as driver,NONE,RESOLVED
D07560CA6C1A762716E1927A130E7CA697DB0AB9BDA8E8A33C7A0ACBB6FDBFEA,Block_Oil Data,B25,9.59535164541538,,colhdr:B1:OML 86/88 | colhdr:B2:Daily Oil Production | colhdr:B3:mb/d,OML 86/88 | Daily Oil Production | mb/d,M-CP-02 Production,FORMULA COEFFICIENT,FORMULA COEFFICIENT,Schedule/cost grid numeric without independent input evidence — profile coefficient,LOW,Load as schedule data; reclassify if later shown as driver,NONE,RESOLVED
D07560CA6C1A762716E1927A130E7CA697DB0AB9BDA8E8A33C7A0ACBB6FDBFEA,Block_Oil Data,E25,0,,colhdr:E1:Ebiya Field | colhdr:E2:Daily Oil Production | colhdr:E3:mb/d,Ebiya Field | Daily Oil Production | mb/d,M-CP-02 Production,DEFAULT/STRUCTURAL,DEFAULT/STRUCTURAL,Zero literal common structural seed,MEDIUM,Critical path parameter surface,NONE,RESOLVED
D07560CA6C1A762716E1927A130E7CA697DB0AB9BDA8E8A33C7A0ACBB6FDBFEA,Block_Oil Data,N25,14.9780633353441,,colhdr:N1:OML 20 | colhdr:N2:Daily Oil Production | colhdr:N3:mb/d,OML 20 | Daily Oil Production | mb/d,M-CP-02 Production,FORMULA COEFFICIENT,FORMULA COEFFICIENT,Schedule/cost grid numeric without independent input evidence — profile coefficient,LOW,Load as schedule data; reclassify if later shown as driver,NONE,RESOLVED
D07560CA6C1A762716E1927A130E7CA697DB0AB9BDA8E8A33C7A0ACBB6FDBFEA,Block_Oil Data,B26,7.41057529285529,,colhdr:B1:OML 86/88 | colhdr:B2:Daily Oil Production | colhdr:B3:mb/d,OML 86/88 | Daily Oil Production | mb/d,M-CP-02 Production,FORMULA COEFFICIENT,FORMULA COEFFICIENT,Schedule/cost grid numeric without independent input evidence — profile coefficient,LOW,Load as schedule data; reclassify if later shown as driver,NONE,RESOLVED
D07560CA6C1A762716E1927A130E7CA697DB0AB9BDA8E8A33C7A0ACBB6FDBFEA,Block_Oil Data,E26,0,,colhdr:E1:Ebiya Field | colhdr:E2:Daily Oil Production | colhdr:E3:mb/d,Ebiya Field | Daily Oil Production | mb/d,M-CP-02 Production,DEFAULT/STRUCTURAL,DEFAULT/STRUCTURAL,Zero literal common structural seed,MEDIUM,Critical path parameter surface,NONE,RESOLVED
D07560CA6C1A762716E1927A130E7CA697DB0AB9BDA8E8A33C7A0ACBB6FDBFEA,Block_Oil Data,N26,13.4802570018097,,colhdr:N1:OML 20 | colhdr:N2:Daily Oil Production | colhdr:N3:mb/d,OML 20 | Daily Oil Production | mb/d,M-CP-02 Production,FORMULA COEFFICIENT,FORMULA COEFFICIENT,Schedule/cost grid numeric without independent input evidence — profile coefficient,LOW,Load as schedule data; reclassify if later shown as driver,NONE,RESOLVED
D07560CA6C1A762716E1927A130E7CA697DB0AB9BDA8E8A33C7A0ACBB6FDBFEA,Block_Oil Data,B27,6.66747950825182,,colhdr:B1:OML 86/88 | colhdr:B2:Daily Oil Production | colhdr:B3:mb/d,OML 86/88 | Daily Oil Production | mb/d,M-CP-02 Production,FORMULA COEFFICIENT,FORMULA COEFFICIENT,Schedule/cost grid numeric without independent input evidence — profile coefficient,LOW,Load as schedule data; reclassify if later shown as driver,NONE,RESOLVED
D07560CA6C1A762716E1927A130E7CA697DB0AB9BDA8E8A33C7A0ACBB6FDBFEA,Block_Oil Data,B28,5.32977118985947,,colhdr:B1:OML 86/88 | colhdr:B2:Daily Oil Production | colhdr:B3:mb/d,OML 86/88 | Daily Oil Production | mb/d,M-CP-02 Production,FORMULA COEFFICIENT,FORMULA COEFFICIENT,Schedule/cost grid numeric without independent input evidence — profile coefficient,LOW,Load as schedule data; reclassify if later shown as driver,NONE,RESOLVED
D07560CA6C1A762716E1927A130E7CA697DB0AB9BDA8E8A33C7A0ACBB6FDBFEA,Block_Oil Data,B29,4.85044546332322,,colhdr:B1:OML 86/88 | colhdr:B2:Daily Oil Production | colhdr:B3:mb/d,OML 86/88 | Daily Oil Production | mb/d,M-CP-02 Production,FORMULA COEFFICIENT,FORMULA COEFFICIENT,Schedule/cost grid numeric without independent input evidence — profile coefficient,LOW,Load as schedule data; reclassify if later shown as driver,NONE,RESOLVED
D07560CA6C1A762716E1927A130E7CA697DB0AB9BDA8E8A33C7A0ACBB6FDBFEA,Block_Oil Data,B30,4.42128567945967,,colhdr:B1:OML 86/88 | colhdr:B2:Daily Oil Production | colhdr:B3:mb/d,OML 86/88 | Daily Oil Production | mb/d,M-CP-02 Production,FORMULA COEFFICIENT,FORMULA COEFFICIENT,Schedule/cost grid numeric without independent input evidence — profile coefficient,LOW,Load as schedule data; reclassify if later shown as driver,NONE,RESOLVED
D07560CA6C1A762716E1927A130E7CA697DB0AB9BDA8E8A33C7A0ACBB6FDBFEA,Block_Oil Data,B31,4.03624763818978,,colhdr:B1:OML 86/88 | colhdr:B2:Daily Oil Production | colhdr:B3:mb/d,OML 86/88 | Daily Oil Production | mb/d,M-CP-02 Production,FORMULA COEFFICIENT,FORMULA COEFFICIENT,Schedule/cost grid numeric without independent input evidence — profile coefficient,LOW,Load as schedule data; reclassify if later shown as driver,NONE,RESOLVED
D07560CA6C1A762716E1927A130E7CA697DB0AB9BDA8E8A33C7A0ACBB6FDBFEA,Block_Oil Data,B32,3.690092557823,,colhdr:B1:OML 86/88 | colhdr:B2:Daily Oil Production | colhdr:B3:mb/d,OML 86/88 | Daily Oil Production | mb/d,M-CP-02 Production,FORMULA COEFFICIENT,FORMULA COEFFICIENT,Schedule/cost grid numeric without independent input evidence — profile coefficient,LOW,Load as schedule data; reclassify if later shown as driver,NONE,RESOLVED
D07560CA6C1A762716E1927A130E7CA697DB0AB9BDA8E8A33C7A0ACBB6FDBFEA,Block_Oil Data,B33,0.11566215589444,,colhdr:B1:OML 86/88 | colhdr:B2:Daily Oil Production | colhdr:B3:mb/d,OML 86/88 | Daily Oil Production | mb/d,M-CP-02 Production,FORMULA COEFFICIENT,FORMULA COEFFICIENT,Unit interval without strong economic label: oml 86/88 daily oil production mb/d,LOW,Critical path parameter surface,NONE,RESOLVED
D07560CA6C1A762716E1927A130E7CA697DB0AB9BDA8E8A33C7A0ACBB6FDBFEA,Block_Gas Data,E7,0,,above:E3:mmscf/d | colhdr:E2:Daily Gas Production | colhdr:E3:mmscf/d,mmscf/d | Daily Gas Production | mmscf/d,M-CP-02 Production,DEFAULT/STRUCTURAL,DEFAULT/STRUCTURAL,Zero literal common structural seed,MEDIUM,Critical path parameter surface,NONE,RESOLVED
D07560CA6C1A762716E1927A130E7CA697DB0AB9BDA8E8A33C7A0ACBB6FDBFEA,Block_Gas Data,F7,0,,above:F3:bscf | colhdr:F2:Annual Gas Production | colhdr:F3:bscf,bscf | Annual Gas Production | bscf,M-CP-02 Production,DEFAULT/STRUCTURAL,DEFAULT/STRUCTURAL,Zero literal common structural seed,MEDIUM,Critical path parameter surface,NONE,RESOLVED
D07560CA6C1A762716E1927A130E7CA697DB0AB9BDA8E8A33C7A0ACBB6FDBFEA,Block_Gas Data,H7,0,,above:H3:mmscf/d | colhdr:H2:Daily Gas Production | colhdr:H3:mmscf/d,mmscf/d | Daily Gas Production | mmscf/d,M-CP-02 Production,DEFAULT/STRUCTURAL,DEFAULT/STRUCTURAL,Zero literal common structural seed,MEDIUM,Critical path parameter surface,NONE,RESOLVED
D07560CA6C1A762716E1927A130E7CA697DB0AB9BDA8E8A33C7A0ACBB6FDBFEA,Block_Gas Data,E8,1.2,,above:E3:mmscf/d | colhdr:E2:Daily Gas Production | colhdr:E3:mmscf/d,mmscf/d | Daily Gas Production | mmscf/d,M-CP-02 Production,FORMULA COEFFICIENT,FORMULA COEFFICIENT,Schedule/cost grid numeric without independent input evidence — profile coefficient,LOW,Load as schedule data; reclassify if later shown as driver,NONE,RESOLVED
D07560CA6C1A762716E1927A130E7CA697DB0AB9BDA8E8A33C7A0ACBB6FDBFEA,Block_Gas Data,F8,0,,above:F3:bscf | colhdr:F2:Annual Gas Production | colhdr:F3:bscf,bscf | Annual Gas Production | bscf,M-CP-02 Production,DEFAULT/STRUCTURAL,DEFAULT/STRUCTURAL,Zero literal common structural seed,MEDIUM,Critical path parameter surface,NONE,RESOLVED
D07560CA6C1A762716E1927A130E7CA697DB0AB9BDA8E8A33C7A0ACBB6FDBFEA,Block_Gas Data,H8,2.3,,above:H3:mmscf/d | colhdr:H2:Daily Gas Production | colhdr:H3:mmscf/d,mmscf/d | Daily Gas Production | mmscf/d,M-CP-02 Production,FORMULA COEFFICIENT,FORMULA COEFFICIENT,Schedule/cost grid numeric without independent input evidence — profile coefficient,LOW,Load as schedule data; reclassify if later shown as driver,NONE,RESOLVED
D07560CA6C1A762716E1927A130E7CA697DB0AB9BDA8E8A33C7A0ACBB6FDBFEA,Block_Gas Data,I8,1.1485460232753,,above:I3:bscf | colhdr:I2:Annual Gas Production | colhdr:I3:bscf,bscf | Annual Gas Production | bscf,M-CP-02 Production,FORMULA COEFFICIENT,FORMULA COEFFICIENT,Schedule/cost grid numeric without independent input evidence — profile coefficient,LOW,Load as schedule data; reclassify if later shown as driver,NONE,RESOLVED
D07560CA6C1A762716E1927A130E7CA697DB0AB9BDA8E8A33C7A0ACBB6FDBFEA,Block_Gas Data,N8,23.4,,above:N3:mmscf/d | colhdr:N2:Daily Gas Production | colhdr:N3:mmscf/d,mmscf/d | Daily Gas Production | mmscf/d,M-CP-02 Production,FORMULA COEFFICIENT,FORMULA COEFFICIENT,Schedule/cost grid numeric without independent input evidence — profile coefficient,LOW,Load as schedule data; reclassify if later shown as driver,NONE,RESOLVED
D07560CA6C1A762716E1927A130E7CA697DB0AB9BDA8E8A33C7A0ACBB6FDBFEA,Block_Gas Data,B9,33.6119259,,above:B3:mmscf/d | colhdr:B2:Daily Gas Production | colhdr:B3:mmscf/d,mmscf/d | Daily Gas Production | mmscf/d,M-CP-02 Production,FORMULA COEFFICIENT,FORMULA COEFFICIENT,Schedule/cost grid numeric without independent input evidence — profile coefficient,LOW,Load as schedule data; reclassify if later shown as driver,NONE,RESOLVED
D07560CA6C1A762716E1927A130E7CA697DB0AB9BDA8E8A33C7A0ACBB6FDBFEA,Block_Gas Data,E9,2.58532162803826,,above:E3:mmscf/d | colhdr:E2:Daily Gas Production | colhdr:E3:mmscf/d,mmscf/d | Daily Gas Production | mmscf/d,M-CP-02 Production,FORMULA COEFFICIENT,FORMULA COEFFICIENT,Schedule/cost grid numeric without independent input evidence — profile coefficient,LOW,Load as schedule data; reclassify if later shown as driver,NONE,RESOLVED
D07560CA6C1A762716E1927A130E7CA697DB0AB9BDA8E8A33C7A0ACBB6FDBFEA,Block_Gas Data,F9,0.658793104896479,,above:F3:bscf | colhdr:F2:Annual Gas Production | colhdr:F3:bscf,bscf | Annual Gas Production | bscf,M-CP-02 Production,FORMULA COEFFICIENT,FORMULA COEFFICIENT,Unit interval without strong economic label: bscf annual gas production bscf,LOW,Critical path parameter surface,NONE,RESOLVED
D07560CA6C1A762716E1927A130E7CA697DB0AB9BDA8E8A33C7A0ACBB6FDBFEA,Block_Gas Data,H9,4.17937736351392,,above:H3:mmscf/d | colhdr:H2:Daily Gas Production | colhdr:H3:mmscf/d,mmscf/d | Daily Gas Production | mmscf/d,M-CP-02 Production,FORMULA COEFFICIENT,FORMULA COEFFICIENT,Schedule/cost grid numeric without independent input evidence — profile coefficient,LOW,Load as schedule data; reclassify if later shown as driver,NONE,RESOLVED
D07560CA6C1A762716E1927A130E7CA697DB0AB9BDA8E8A33C7A0ACBB6FDBFEA,Block_Gas Data,I9,2.08704663070901,,above:I3:bscf | colhdr:I2:Annual Gas Production | colhdr:I3:bscf,bscf | Annual Gas Production | bscf,M-CP-02 Production,FORMULA COEFFICIENT,FORMULA COEFFICIENT,Schedule/cost grid numeric without independent input evidence — profile coefficient,LOW,Load as schedule data; reclassify if later shown as driver,NONE,RESOLVED
D07560CA6C1A762716E1927A130E7CA697DB0AB9BDA8E8A33C7A0ACBB6FDBFEA,Block_Gas Data,N9,36.813,,above:N3:mmscf/d | colhdr:N2:Daily Gas Production | colhdr:N3:mmscf/d,mmscf/d | Daily Gas Production | mmscf/d,M-CP-02 Production,FORMULA COEFFICIENT,FORMULA COEFFICIENT,Schedule/cost grid numeric without independent input evidence — profile coefficient,LOW,Load as schedule data; reclassify if later shown as driver,NONE,RESOLVED
D07560CA6C1A762716E1927A130E7CA697DB0AB9BDA8E8A33C7A0ACBB6FDBFEA,Block_Gas Data,B10,36.32506731,,above:B3:mmscf/d | colhdr:B2:Daily Gas Production | colhdr:B3:mmscf/d,mmscf/d | Daily Gas Production | mmscf/d,M-CP-02 Production,FORMULA COEFFICIENT,FORMULA COEFFICIENT,Schedule/cost grid numeric without independent input evidence — profile coefficient,LOW,Load as schedule data; reclassify if later shown as driver,NONE,RESOLVED
D07560CA6C1A762716E1927A130E7CA697DB0AB9BDA8E8A33C7A0ACBB6FDBFEA,Block_Gas Data,E10,5.56990660033533,,above:E3:mmscf/d | colhdr:E2:Daily Gas Production | colhdr:E3:mmscf/d,mmscf/d | Daily Gas Production | mmscf/d,M-CP-02 Production,FORMULA COEFFICIENT,FORMULA COEFFICIENT,Schedule/cost grid numeric without independent input evidence — profile coefficient,LOW,Load as schedule data; reclassify if later shown as driver,NONE,RESOLVED
D07560CA6C1A762716E1927A130E7CA697DB0AB9BDA8E8A33C7A0ACBB6FDBFEA,Block_Gas Data,F10,1.41932671874279,,above:F3:bscf | colhdr:F2:Annual Gas Production | colhdr:F3:bscf,bscf | Annual Gas Production | bscf,M-CP-02 Production,FORMULA COEFFICIENT,FORMULA COEFFICIENT,Schedule/cost grid numeric without independent input evidence — profile coefficient,LOW,Load as schedule data; reclassify if later shown as driver,NONE,RESOLVED
D07560CA6C1A762716E1927A130E7CA697DB0AB9BDA8E8A33C7A0ACBB6FDBFEA,Block_Gas Data,H10,7.59443267245764,,above:H3:mmscf/d | colhdr:H2:Daily Gas Production | colhdr:H3:mmscf/d,mmscf/d | Daily Gas Production | mmscf/d,M-CP-02 Production,FORMULA COEFFICIENT,FORMULA COEFFICIENT,Schedule/cost grid numeric without independent input evidence — profile coefficient,LOW,Load as schedule data; reclassify if later shown as driver,NONE,RESOLVED
D07560CA6C1A762716E1927A130E7CA697DB0AB9BDA8E8A33C7A0ACBB6FDBFEA,Block_Gas Data,I10,3.79241541086227,,above:I3:bscf | colhdr:I2:Annual Gas Production | colhdr:I3:bscf,bscf | Annual Gas Production | bscf,M-CP-02 Production,FORMULA COEFFICIENT,FORMULA COEFFICIENT,Schedule/cost grid numeric without independent input evidence — profile coefficient,LOW,Load as schedule data; reclassify if later shown as driver,NONE,RESOLVED
D07560CA6C1A762716E1927A130E7CA697DB0AB9BDA8E8A33C7A0ACBB6FDBFEA,Block_Gas Data,N10,43.6317,,above:N3:mmscf/d | colhdr:N2:Daily Gas Production | colhdr:N3:mmscf/d,mmscf/d | Daily Gas Production | mmscf/d,M-CP-02 Production,FORMULA COEFFICIENT,FORMULA COEFFICIENT,Schedule/cost grid numeric without independent input evidence — profile coefficient,LOW,Load as schedule data; reclassify if later shown as driver,NONE,RESOLVED
D07560CA6C1A762716E1927A130E7CA697DB0AB9BDA8E8A33C7A0ACBB6FDBFEA,Block_Gas Data,B11,46.4147125983,,above:B3:mmscf/d | colhdr:B2:Daily Gas Production | colhdr:B3:mmscf/d,mmscf/d | Daily Gas Production | mmscf/d,M-CP-02 Production,FORMULA COEFFICIENT,FORMULA COEFFICIENT,Schedule/cost grid numeric without independent input evidence — profile coefficient,LOW,Load as schedule data; reclassify if later shown as driver,NONE,RESOLVED
D07560CA6C1A762716E1927A130E7CA697DB0AB9BDA8E8A33C7A0ACBB6FDBFEA,Block_Gas Data,E11,12,,above:E3:mmscf/d | colhdr:E2:Daily Gas Production | colhdr:E3:mmscf/d,mmscf/d | Daily Gas Production | mmscf/d,M-CP-02 Production,FORMULA COEFFICIENT,FORMULA COEFFICIENT,Schedule/cost grid numeric without independent input evidence — profile coefficient,LOW,Load as schedule data; reclassify if later shown as driver,NONE,RESOLVED
D07560CA6C1A762716E1927A130E7CA697DB0AB9BDA8E8A33C7A0ACBB6FDBFEA,Block_Gas Data,F11,3.05784671934859,,above:F3:bscf | colhdr:F2:Annual Gas Production | colhdr:F3:bscf,bscf | Annual Gas Production | bscf,M-CP-02 Production,FORMULA COEFFICIENT,FORMULA COEFFICIENT,Schedule/cost grid numeric without independent input evidence — profile coefficient,LOW,Load as schedule data; reclassify if later shown as driver,NONE,RESOLVED
D07560CA6C1A762716E1927A130E7CA697DB0AB9BDA8E8A33C7A0ACBB6FDBFEA,Block_Gas Data,H11,13.8,,above:H3:mmscf/d | colhdr:H2:Daily Gas Production | colhdr:H3:mmscf/d,mmscf/d | Daily Gas Production | mmscf/d,M-CP-02 Production,FORMULA COEFFICIENT,FORMULA COEFFICIENT,Schedule/cost grid numeric without independent input evidence — profile coefficient,LOW,Load as schedule data; reclassify if later shown as driver,NONE,RESOLVED
D07560CA6C1A762716E1927A130E7CA697DB0AB9BDA8E8A33C7A0ACBB6FDBFEA,Block_Gas Data,I11,5.037,,above:I3:bscf | colhdr:I2:Annual Gas Production | colhdr:I3:bscf,bscf | Annual Gas Production | bscf,M-CP-02 Production,FORMULA COEFFICIENT,FORMULA COEFFICIENT,Schedule/cost grid numeric without independent input evidence — profile coefficient,LOW,Load as schedule data; reclassify if later shown as driver,NONE,RESOLVED
D07560CA6C1A762716E1927A130E7CA697DB0AB9BDA8E8A33C7A0ACBB6FDBFEA,Block_Gas Data,N11,49.76853,,above:N3:mmscf/d | colhdr:N2:Daily Gas Production | colhdr:N3:mmscf/d,mmscf/d | Daily Gas Production | mmscf/d,M-CP-02 Production,FORMULA COEFFICIENT,FORMULA COEFFICIENT,Schedule/cost grid numeric without independent input evidence — profile coefficient,LOW,Load as schedule data; reclassify if later shown as driver,NONE,RESOLVED
D07560CA6C1A762716E1927A130E7CA697DB0AB9BDA8E8A33C7A0ACBB6FDBFEA,Block_Gas Data,B12,405.684,,colhdr:B2:Daily Gas Production | colhdr:B3:mmscf/d,Daily Gas Production | mmscf/d,M-CP-02 Production,ASSUMPTION,ASSUMPTION,Economic magnitude with label: daily gas production mmscf/d,MEDIUM,Critical path parameter surface,NONE,RESOLVED
D07560CA6C1A762716E1927A130E7CA697DB0AB9BDA8E8A33C7A0ACBB6FDBFEA,Block_Gas Data,E12,12,,colhdr:E2:Daily Gas Production | colhdr:E3:mmscf/d,Daily Gas Production | mmscf/d,M-CP-02 Production,DEFAULT/STRUCTURAL,DEFAULT/STRUCTURAL,Small integer likely index/count: daily gas production mmscf/d,LOW,Critical path parameter surface,NONE,RESOLVED
D07560CA6C1A762716E1927A130E7CA697DB0AB9BDA8E8A33C7A0ACBB6FDBFEA,Block_Gas Data,F12,4.38,,colhdr:F2:Annual Gas Production | colhdr:F3:bscf,Annual Gas Production | bscf,M-CP-02 Production,FORMULA COEFFICIENT,FORMULA COEFFICIENT,Schedule/cost grid numeric without independent input evidence — profile coefficient,LOW,Load as schedule data; reclassify if later shown as driver,NONE,RESOLVED
D07560CA6C1A762716E1927A130E7CA697DB0AB9BDA8E8A33C7A0ACBB6FDBFEA,Block_Gas Data,H12,13.8,,colhdr:H2:Daily Gas Production | colhdr:H3:mmscf/d,Daily Gas Production | mmscf/d,M-CP-02 Production,FORMULA COEFFICIENT,FORMULA COEFFICIENT,Schedule/cost grid numeric without independent input evidence — profile coefficient,LOW,Load as schedule data; reclassify if later shown as driver,NONE,RESOLVED
D07560CA6C1A762716E1927A130E7CA697DB0AB9BDA8E8A33C7A0ACBB6FDBFEA,Block_Gas Data,I12,4.58772066730825,,colhdr:I2:Annual Gas Production | colhdr:I3:bscf,Annual Gas Production | bscf,M-CP-02 Production,FORMULA COEFFICIENT,FORMULA COEFFICIENT,Schedule/cost grid numeric without independent input evidence — profile coefficient,LOW,Load as schedule data; reclassify if later shown as driver,NONE,RESOLVED
D07560CA6C1A762716E1927A130E7CA697DB0AB9BDA8E8A33C7A0ACBB6FDBFEA,Block_Gas Data,N12,44.791677,,colhdr:N2:Daily Gas Production | colhdr:N3:mmscf/d,Daily Gas Production | mmscf/d,M-CP-02 Production,FORMULA COEFFICIENT,FORMULA COEFFICIENT,Schedule/cost grid numeric without independent input evidence — profile coefficient,LOW,Load as schedule data; reclassify if later shown as driver,NONE,RESOLVED
D07560CA6C1A762716E1927A130E7CA697DB0AB9BDA8E8A33C7A0ACBB6FDBFEA,Block_Gas Data,B13,472.279881306474,,colhdr:B2:Daily Gas Production | colhdr:B3:mmscf/d,Daily Gas Production | mmscf/d,M-CP-02 Production,ASSUMPTION,ASSUMPTION,Economic magnitude with label: daily gas production mmscf/d,MEDIUM,Critical path parameter surface,NONE,RESOLVED
D07560CA6C1A762716E1927A130E7CA697DB0AB9BDA8E8A33C7A0ACBB6FDBFEA,Block_Gas Data,E13,9.33989477404665,,colhdr:E2:Daily Gas Production | colhdr:E3:mmscf/d,Daily Gas Production | mmscf/d,M-CP-02 Production,FORMULA COEFFICIENT,FORMULA COEFFICIENT,Schedule/cost grid numeric without independent input evidence — profile coefficient,LOW,Load as schedule data; reclassify if later shown as driver,NONE,RESOLVED
D07560CA6C1A762716E1927A130E7CA697DB0AB9BDA8E8A33C7A0ACBB6FDBFEA,Block_Gas Data,F13,3.87427461617842,,colhdr:F2:Annual Gas Production | colhdr:F3:bscf,Annual Gas Production | bscf,M-CP-02 Production,FORMULA COEFFICIENT,FORMULA COEFFICIENT,Schedule/cost grid numeric without independent input evidence — profile coefficient,LOW,Load as schedule data; reclassify if later shown as driver,NONE,RESOLVED
D07560CA6C1A762716E1927A130E7CA697DB0AB9BDA8E8A33C7A0ACBB6FDBFEA,Block_Gas Data,H13,11.4136608932269,,colhdr:H2:Daily Gas Production | colhdr:H3:mmscf/d,Daily Gas Production | mmscf/d,M-CP-02 Production,FORMULA COEFFICIENT,FORMULA COEFFICIENT,Schedule/cost grid numeric without independent input evidence — profile coefficient,LOW,Load as schedule data; reclassify if later shown as driver,NONE,RESOLVED
D07560CA6C1A762716E1927A130E7CA697DB0AB9BDA8E8A33C7A0ACBB6FDBFEA,Block_Gas Data,I13,3.79439767894964,,colhdr:I2:Annual Gas Production | colhdr:I3:bscf,Annual Gas Production | bscf,M-CP-02 Production,FORMULA COEFFICIENT,FORMULA COEFFICIENT,Schedule/cost grid numeric without independent input evidence — profile coefficient,LOW,Load as schedule data; reclassify if later shown as driver,NONE,RESOLVED
D07560CA6C1A762716E1927A130E7CA697DB0AB9BDA8E8A33C7A0ACBB6FDBFEA,Block_Gas Data,N13,142.9125093,,colhdr:N2:Daily Gas Production | colhdr:N3:mmscf/d,Daily Gas Production | mmscf/d,M-CP-02 Production,ASSUMPTION,ASSUMPTION,Economic magnitude with label: daily gas production mmscf/d,MEDIUM,Critical path parameter surface,NONE,RESOLVED
D07560CA6C1A762716E1927A130E7CA697DB0AB9BDA8E8A33C7A0ACBB6FDBFEA,Block_Gas Data,B14,463.342661464147,,colhdr:B2:Daily Gas Production | colhdr:B3:mmscf/d,Daily Gas Production | mmscf/d,M-CP-02 Production,ASSUMPTION,ASSUMPTION,Economic magnitude with label: daily gas production mmscf/d,MEDIUM,Critical path parameter surface,NONE,RESOLVED
D07560CA6C1A762716E1927A130E7CA697DB0AB9BDA8E8A33C7A0ACBB6FDBFEA,Block_Gas Data,E14,7.269469532522,,colhdr:E2:Daily Gas Production | colhdr:E3:mmscf/d,Daily Gas Production | mmscf/d,M-CP-02 Production,FORMULA COEFFICIENT,FORMULA COEFFICIENT,Schedule/cost grid numeric without independent input evidence — profile coefficient,LOW,Load as schedule data; reclassify if later shown as driver,NONE,RESOLVED
D07560CA6C1A762716E1927A130E7CA697DB0AB9BDA8E8A33C7A0ACBB6FDBFEA,Block_Gas Data,F14,3.01544310340553,,colhdr:F2:Annual Gas Production | colhdr:F3:bscf,Annual Gas Production | bscf,M-CP-02 Production,FORMULA COEFFICIENT,FORMULA COEFFICIENT,Schedule/cost grid numeric without independent input evidence — profile coefficient,LOW,Load as schedule data; reclassify if later shown as driver,NONE,RESOLVED
D07560CA6C1A762716E1927A130E7CA697DB0AB9BDA8E8A33C7A0ACBB6FDBFEA,Block_Gas Data,H14,9.43997499895487,,colhdr:H2:Daily Gas Production | colhdr:H3:mmscf/d,Daily Gas Production | mmscf/d,M-CP-02 Production,FORMULA COEFFICIENT,FORMULA COEFFICIENT,Schedule/cost grid numeric without independent input evidence — profile coefficient,LOW,Load as schedule data; reclassify if later shown as driver,NONE,RESOLVED
D07560CA6C1A762716E1927A130E7CA697DB0AB9BDA8E8A33C7A0ACBB6FDBFEA,Block_Gas Data,I14,3.13825857982453,,colhdr:I2:Annual Gas Production | colhdr:I3:bscf,Annual Gas Production | bscf,M-CP-02 Production,FORMULA COEFFICIENT,FORMULA COEFFICIENT,Schedule/cost grid numeric without independent input evidence — profile coefficient,LOW,Load as schedule data; reclassify if later shown as driver,NONE,RESOLVED
D07560CA6C1A762716E1927A130E7CA697DB0AB9BDA8E8A33C7A0ACBB6FDBFEA,Block_Gas Data,N14,283.12125837,,colhdr:N2:Daily Gas Production | colhdr:N3:mmscf/d,Daily Gas Production | mmscf/d,M-CP-02 Production,ASSUMPTION,ASSUMPTION,Economic magnitude with label: daily gas production mmscf/d,MEDIUM,Critical path parameter surface,NONE,RESOLVED
D07560CA6C1A762716E1927A130E7CA697DB0AB9BDA8E8A33C7A0ACBB6FDBFEA,Block_Gas Data,B15,456.392121265576,,colhdr:B2:Daily Gas Production | colhdr:B3:mmscf/d,Daily Gas Production | mmscf/d,M-CP-02 Production,ASSUMPTION,ASSUMPTION,Economic magnitude with label: daily gas production mmscf/d,MEDIUM,Critical path parameter surface,NONE,RESOLVED
D07560CA6C1A762716E1927A130E7CA697DB0AB9BDA8E8A33C7A0ACBB6FDBFEA,Block_Gas Data,E15,5.65800670807447,,colhdr:E2:Daily Gas Production | colhdr:E3:mmscf/d,Daily Gas Production | mmscf/d,M-CP-02 Production,FORMULA COEFFICIENT,FORMULA COEFFICIENT,Schedule/cost grid numeric without independent input evidence — profile coefficient,LOW,Load as schedule data; reclassify if later shown as driver,NONE,RESOLVED
D07560CA6C1A762716E1927A130E7CA697DB0AB9BDA8E8A33C7A0ACBB6FDBFEA,Block_Gas Data,F15,2.34699344024436,,colhdr:F2:Annual Gas Production | colhdr:F3:bscf,Annual Gas Production | bscf,M-CP-02 Production,FORMULA COEFFICIENT,FORMULA COEFFICIENT,Schedule/cost grid numeric without independent input evidence — profile coefficient,LOW,Load as schedule data; reclassify if later shown as driver,NONE,RESOLVED
D07560CA6C1A762716E1927A130E7CA697DB0AB9BDA8E8A33C7A0ACBB6FDBFEA,Block_Gas Data,H15,7.80758503468194,,colhdr:H2:Daily Gas Production | colhdr:H3:mmscf/d,Daily Gas Production | mmscf/d,M-CP-02 Production,FORMULA COEFFICIENT,FORMULA COEFFICIENT,Schedule/cost grid numeric without independent input evidence — profile coefficient,LOW,Load as schedule data; reclassify if later shown as driver,NONE,RESOLVED
D07560CA6C1A762716E1927A130E7CA697DB0AB9BDA8E8A33C7A0ACBB6FDBFEA,Block_Gas Data,I15,2.59558110328819,,colhdr:I2:Annual Gas Production | colhdr:I3:bscf,Annual Gas Production | bscf,M-CP-02 Production,FORMULA COEFFICIENT,FORMULA COEFFICIENT,Schedule/cost grid numeric without independent input evidence — profile coefficient,LOW,Load as schedule data; reclassify if later shown as driver,NONE,RESOLVED
D07560CA6C1A762716E1927A130E7CA697DB0AB9BDA8E8A33C7A0ACBB6FDBFEA,Block_Gas Data,N15,277.309132533,,colhdr:N2:Daily Gas Production | colhdr:N3:mmscf/d,Daily Gas Production | mmscf/d,M-CP-02 Production,ASSUMPTION,ASSUMPTION,Economic magnitude with label: daily gas production mmscf/d,MEDIUM,Critical path parameter surface,NONE,RESOLVED
D07560CA6C1A762716E1927A130E7CA697DB0AB9BDA8E8A33C7A0ACBB6FDBFEA,Block_Gas Data,B16,456.029029622661,,colhdr:B2:Daily Gas Production | colhdr:B3:mmscf/d,Daily Gas Production | mmscf/d,M-CP-02 Production,ASSUMPTION,ASSUMPTION,Economic magnitude with label: daily gas production mmscf/d,MEDIUM,Critical path parameter surface,NONE,RESOLVED
D07560CA6C1A762716E1927A130E7CA697DB0AB9BDA8E8A33C7A0ACBB6FDBFEA,Block_Gas Data,E16,4.40376560702213,,colhdr:E2:Daily Gas Production | colhdr:E3:mmscf/d,Daily Gas Production | mmscf/d,M-CP-02 Production,FORMULA COEFFICIENT,FORMULA COEFFICIENT,Schedule/cost grid numeric without independent input evidence — profile coefficient,LOW,Load as schedule data; reclassify if later shown as driver,NONE,RESOLVED
D07560CA6C1A762716E1927A130E7CA697DB0AB9BDA8E8A33C7A0ACBB6FDBFEA,Block_Gas Data,F16,1.82672264727168,,colhdr:F2:Annual Gas Production | colhdr:F3:bscf,Annual Gas Production | bscf,M-CP-02 Production,FORMULA COEFFICIENT,FORMULA COEFFICIENT,Schedule/cost grid numeric without independent input evidence — profile coefficient,LOW,Load as schedule data; reclassify if later shown as driver,NONE,RESOLVED
D07560CA6C1A762716E1927A130E7CA697DB0AB9BDA8E8A33C7A0ACBB6FDBFEA,Block_Gas Data,H16,6.45747304209369,,colhdr:H2:Daily Gas Production | colhdr:H3:mmscf/d,Daily Gas Production | mmscf/d,M-CP-02 Production,FORMULA COEFFICIENT,FORMULA COEFFICIENT,Schedule/cost grid numeric without independent input evidence — profile coefficient,LOW,Load as schedule data; reclassify if later shown as driver,NONE,RESOLVED
D07560CA6C1A762716E1927A130E7CA697DB0AB9BDA8E8A33C7A0ACBB6FDBFEA,Block_Gas Data,I16,2.14674511114486,,colhdr:I2:Annual Gas Production | colhdr:I3:bscf,Annual Gas Production | bscf,M-CP-02 Production,FORMULA COEFFICIENT,FORMULA COEFFICIENT,Schedule/cost grid numeric without independent input evidence — profile coefficient,LOW,Load as schedule data; reclassify if later shown as driver,NONE,RESOLVED
D07560CA6C1A762716E1927A130E7CA697DB0AB9BDA8E8A33C7A0ACBB6FDBFEA,Block_Gas Data,N16,272.0782192797,,colhdr:N2:Daily Gas Production | colhdr:N3:mmscf/d,Daily Gas Production | mmscf/d,M-CP-02 Production,ASSUMPTION,ASSUMPTION,Economic magnitude with label: daily gas production mmscf/d,MEDIUM,Critical path parameter surface,NONE,RESOLVED
D07560CA6C1A762716E1927A130E7CA697DB0AB9BDA8E8A33C7A0ACBB6FDBFEA,Block_Gas Data,B17,432.210108735005,,colhdr:B2:Daily Gas Production | colhdr:B3:mmscf/d,Daily Gas Production | mmscf/d,M-CP-02 Production,ASSUMPTION,ASSUMPTION,Economic magnitude with label: daily gas production mmscf/d,MEDIUM,Critical path parameter surface,NONE,RESOLVED
D07560CA6C1A762716E1927A130E7CA697DB0AB9BDA8E8A33C7A0ACBB6FDBFEA,Block_Gas Data,E17,3.4275589482627,,colhdr:E2:Daily Gas Production | colhdr:E3:mmscf/d,Daily Gas Production | mmscf/d,M-CP-02 Production,FORMULA COEFFICIENT,FORMULA COEFFICIENT,Schedule/cost grid numeric without independent input evidence — profile coefficient,LOW,Load as schedule data; reclassify if later shown as driver,NONE,RESOLVED
D07560CA6C1A762716E1927A130E7CA697DB0AB9BDA8E8A33C7A0ACBB6FDBFEA,Block_Gas Data,F17,1.42178310890712,,colhdr:F2:Annual Gas Production | colhdr:F3:bscf,Annual Gas Production | bscf,M-CP-02 Production,FORMULA COEFFICIENT,FORMULA COEFFICIENT,Schedule/cost grid numeric without independent input evidence — profile coefficient,LOW,Load as schedule data; reclassify if later shown as driver,NONE,RESOLVED
D07560CA6C1A762716E1927A130E7CA697DB0AB9BDA8E8A33C7A0ACBB6FDBFEA,Block_Gas Data,H17,5.34082663258056,,colhdr:H2:Daily Gas Production | colhdr:H3:mmscf/d,Daily Gas Production | mmscf/d,M-CP-02 Production,FORMULA COEFFICIENT,FORMULA COEFFICIENT,Schedule/cost grid numeric without independent input evidence — profile coefficient,LOW,Load as schedule data; reclassify if later shown as driver,NONE,RESOLVED
D07560CA6C1A762716E1927A130E7CA697DB0AB9BDA8E8A33C7A0ACBB6FDBFEA,Block_Gas Data,I17,1.77552324078263,,colhdr:I2:Annual Gas Production | colhdr:I3:bscf,Annual Gas Production | bscf,M-CP-02 Production,FORMULA COEFFICIENT,FORMULA COEFFICIENT,Schedule/cost grid numeric without independent input evidence — profile coefficient,LOW,Load as schedule data; reclassify if later shown as driver,NONE,RESOLVED
D07560CA6C1A762716E1927A130E7CA697DB0AB9BDA8E8A33C7A0ACBB6FDBFEA,Block_Gas Data,N17,267.37039735173,,colhdr:N2:Daily Gas Production | colhdr:N3:mmscf/d,Daily Gas Production | mmscf/d,M-CP-02 Production,ASSUMPTION,ASSUMPTION,Economic magnitude with label: daily gas production mmscf/d,MEDIUM,Critical path parameter surface,NONE,RESOLVED
D07560CA6C1A762716E1927A130E7CA697DB0AB9BDA8E8A33C7A0ACBB6FDBFEA,Block_Gas Data,B18,418.610150960327,,colhdr:B2:Daily Gas Production | colhdr:B3:mmscf/d,Daily Gas Production | mmscf/d,M-CP-02 Production,ASSUMPTION,ASSUMPTION,Economic magnitude with label: daily gas production mmscf/d,MEDIUM,Critical path parameter surface,NONE,RESOLVED
D07560CA6C1A762716E1927A130E7CA697DB0AB9BDA8E8A33C7A0ACBB6FDBFEA,Block_Gas Data,E18,2.66775332571797,,colhdr:E2:Daily Gas Production | colhdr:E3:mmscf/d,Daily Gas Production | mmscf/d,M-CP-02 Production,FORMULA COEFFICIENT,FORMULA COEFFICIENT,Schedule/cost grid numeric without independent input evidence — profile coefficient,LOW,Load as schedule data; reclassify if later shown as driver,NONE,RESOLVED
D07560CA6C1A762716E1927A130E7CA697DB0AB9BDA8E8A33C7A0ACBB6FDBFEA,Block_Gas Data,F18,1.10660871905912,,colhdr:F2:Annual Gas Production | colhdr:F3:bscf,Annual Gas Production | bscf,M-CP-02 Production,FORMULA COEFFICIENT,FORMULA COEFFICIENT,Schedule/cost grid numeric without independent input evidence — profile coefficient,LOW,Load as schedule data; reclassify if later shown as driver,NONE,RESOLVED
D07560CA6C1A762716E1927A130E7CA697DB0AB9BDA8E8A33C7A0ACBB6FDBFEA,Block_Gas Data,H18,4.41727420824561,,colhdr:H2:Daily Gas Production | colhdr:H3:mmscf/d,Daily Gas Production | mmscf/d,M-CP-02 Production,FORMULA COEFFICIENT,FORMULA COEFFICIENT,Schedule/cost grid numeric without independent input evidence — profile coefficient,LOW,Load as schedule data; reclassify if later shown as driver,NONE,RESOLVED
D07560CA6C1A762716E1927A130E7CA697DB0AB9BDA8E8A33C7A0ACBB6FDBFEA,Block_Gas Data,I18,1.46849421582146,,colhdr:I2:Annual Gas Production | colhdr:I3:bscf,Annual Gas Production | bscf,M-CP-02 Production,FORMULA COEFFICIENT,FORMULA COEFFICIENT,Schedule/cost grid numeric without independent input evidence — profile coefficient,LOW,Load as schedule data; reclassify if later shown as driver,NONE,RESOLVED
D07560CA6C1A762716E1927A130E7CA697DB0AB9BDA8E8A33C7A0ACBB6FDBFEA,Block_Gas Data,N18,263.133357616557,,colhdr:N2:Daily Gas Production | colhdr:N3:mmscf/d,Daily Gas Production | mmscf/d,M-CP-02 Production,ASSUMPTION,ASSUMPTION,Economic magnitude with label: daily gas production mmscf/d,MEDIUM,Critical path parameter surface,NONE,RESOLVED
D07560CA6C1A762716E1927A130E7CA697DB0AB9BDA8E8A33C7A0ACBB6FDBFEA,Block_Gas Data,B19,405.799438090468,,colhdr:B2:Daily Gas Production | colhdr:B3:mmscf/d,Daily Gas Production | mmscf/d,M-CP-02 Production,ASSUMPTION,ASSUMPTION,Economic magnitude with label: daily gas production mmscf/d,MEDIUM,Critical path parameter surface,NONE,RESOLVED
D07560CA6C1A762716E1927A130E7CA697DB0AB9BDA8E8A33C7A0ACBB6FDBFEA,Block_Gas Data,E19,2.07637794544324,,colhdr:E2:Daily Gas Production | colhdr:E3:mmscf/d,Daily Gas Production | mmscf/d,M-CP-02 Production,FORMULA COEFFICIENT,FORMULA COEFFICIENT,Schedule/cost grid numeric without independent input evidence — profile coefficient,LOW,Load as schedule data; reclassify if later shown as driver,NONE,RESOLVED
D07560CA6C1A762716E1927A130E7CA697DB0AB9BDA8E8A33C7A0ACBB6FDBFEA,Block_Gas Data,F19,0.861300749337887,,colhdr:F2:Annual Gas Production | colhdr:F3:bscf,Annual Gas Production | bscf,M-CP-02 Production,FORMULA COEFFICIENT,FORMULA COEFFICIENT,Unit interval without strong economic label: annual gas production bscf,LOW,Critical path parameter surface,NONE,RESOLVED
D07560CA6C1A762716E1927A130E7CA697DB0AB9BDA8E8A33C7A0ACBB6FDBFEA,Block_Gas Data,H19,3.65342535400817,,colhdr:H2:Daily Gas Production | colhdr:H3:mmscf/d,Daily Gas Production | mmscf/d,M-CP-02 Production,FORMULA COEFFICIENT,FORMULA COEFFICIENT,Schedule/cost grid numeric without independent input evidence — profile coefficient,LOW,Load as schedule data; reclassify if later shown as driver,NONE,RESOLVED
D07560CA6C1A762716E1927A130E7CA697DB0AB9BDA8E8A33C7A0ACBB6FDBFEA,Block_Gas Data,I19,1.21455760891675,,colhdr:I2:Annual Gas Production | colhdr:I3:bscf,Annual Gas Production | bscf,M-CP-02 Production,FORMULA COEFFICIENT,FORMULA COEFFICIENT,Schedule/cost grid numeric without independent input evidence — profile coefficient,LOW,Load as schedule data; reclassify if later shown as driver,NONE,RESOLVED
D07560CA6C1A762716E1927A130E7CA697DB0AB9BDA8E8A33C7A0ACBB6FDBFEA,Block_Gas Data,N19,236.820021854901,,colhdr:N2:Daily Gas Production | colhdr:N3:mmscf/d,Daily Gas Production | mmscf/d,M-CP-02 Production,ASSUMPTION,ASSUMPTION,Economic magnitude with label: daily gas production mmscf/d,MEDIUM,Critical path parameter surface,NONE,RESOLVED
D07560CA6C1A762716E1927A130E7CA697DB0AB9BDA8E8A33C7A0ACBB6FDBFEA,Block_Gas Data,B20,393.698165420373,,colhdr:B2:Daily Gas Production | colhdr:B3:mmscf/d,Daily Gas Production | mmscf/d,M-CP-02 Production,ASSUMPTION,ASSUMPTION,Economic magnitude with label: daily gas production mmscf/d,MEDIUM,Critical path parameter surface,NONE,RESOLVED
D07560CA6C1A762716E1927A130E7CA697DB0AB9BDA8E8A33C7A0ACBB6FDBFEA,Block_Gas Data,E20,1.61609596013259,,colhdr:E2:Daily Gas Production | colhdr:E3:mmscf/d,Daily Gas Production | mmscf/d,M-CP-02 Production,FORMULA COEFFICIENT,FORMULA COEFFICIENT,Schedule/cost grid numeric without independent input evidence — profile coefficient,LOW,Load as schedule data; reclassify if later shown as driver,NONE,RESOLVED
D07560CA6C1A762716E1927A130E7CA697DB0AB9BDA8E8A33C7A0ACBB6FDBFEA,Block_Gas Data,F20,0.670371530635283,,colhdr:F2:Annual Gas Production | colhdr:F3:bscf,Annual Gas Production | bscf,M-CP-02 Production,FORMULA COEFFICIENT,FORMULA COEFFICIENT,Unit interval without strong economic label: annual gas production bscf,LOW,Critical path parameter surface,NONE,RESOLVED
D07560CA6C1A762716E1927A130E7CA697DB0AB9BDA8E8A33C7A0ACBB6FDBFEA,Block_Gas Data,H20,3.02166362966426,,colhdr:H2:Daily Gas Production | colhdr:H3:mmscf/d,Daily Gas Production | mmscf/d,M-CP-02 Production,FORMULA COEFFICIENT,FORMULA COEFFICIENT,Schedule/cost grid numeric without independent input evidence — profile coefficient,LOW,Load as schedule data; reclassify if later shown as driver,NONE,RESOLVED
D07560CA6C1A762716E1927A130E7CA697DB0AB9BDA8E8A33C7A0ACBB6FDBFEA,Block_Gas Data,I20,1.00453251329453,,colhdr:I2:Annual Gas Production | colhdr:I3:bscf,Annual Gas Production | bscf,M-CP-02 Production,FORMULA COEFFICIENT,FORMULA COEFFICIENT,Schedule/cost grid numeric without independent input evidence — profile coefficient,LOW,Load as schedule data; reclassify if later shown as driver,NONE,RESOLVED
D07560CA6C1A762716E1927A130E7CA697DB0AB9BDA8E8A33C7A0ACBB6FDBFEA,Block_Gas Data,N20,213.138019669411,,colhdr:N2:Daily Gas Production | colhdr:N3:mmscf/d,Daily Gas Production | mmscf/d,M-CP-02 Production,ASSUMPTION,ASSUMPTION,Economic magnitude with label: daily gas production mmscf/d,MEDIUM,Critical path parameter surface,NONE,RESOLVED
D07560CA6C1A762716E1927A130E7CA697DB0AB9BDA8E8A33C7A0ACBB6FDBFEA,Block_Gas Data,B21,382.236913286806,,colhdr:B2:Daily Gas Production | colhdr:B3:mmscf/d,Daily Gas Production | mmscf/d,M-CP-02 Production,ASSUMPTION,ASSUMPTION,Economic magnitude with label: daily gas production mmscf/d,MEDIUM,Critical path parameter surface,NONE,RESOLVED
D07560CA6C1A762716E1927A130E7CA697DB0AB9BDA8E8A33C7A0ACBB6FDBFEA,Block_Gas Data,E21,1.25784718436669,,colhdr:E2:Daily Gas Production | colhdr:E3:mmscf/d,Daily Gas Production | mmscf/d,M-CP-02 Production,FORMULA COEFFICIENT,FORMULA COEFFICIENT,Schedule/cost grid numeric without independent input evidence — profile coefficient,LOW,Load as schedule data; reclassify if later shown as driver,NONE,RESOLVED
D07560CA6C1A762716E1927A130E7CA697DB0AB9BDA8E8A33C7A0ACBB6FDBFEA,Block_Gas Data,F21,0.521766629637514,,colhdr:F2:Annual Gas Production | colhdr:F3:bscf,Annual Gas Production | bscf,M-CP-02 Production,FORMULA COEFFICIENT,FORMULA COEFFICIENT,Unit interval without strong economic label: annual gas production bscf,LOW,Critical path parameter surface,NONE,RESOLVED
D07560CA6C1A762716E1927A130E7CA697DB0AB9BDA8E8A33C7A0ACBB6FDBFEA,Block_Gas Data,H21,2.49914811611485,,colhdr:H2:Daily Gas Production | colhdr:H3:mmscf/d,Daily Gas Production | mmscf/d,M-CP-02 Production,FORMULA COEFFICIENT,FORMULA COEFFICIENT,Schedule/cost grid numeric without independent input evidence — profile coefficient,LOW,Load as schedule data; reclassify if later shown as driver,NONE,RESOLVED
D07560CA6C1A762716E1927A130E7CA697DB0AB9BDA8E8A33C7A0ACBB6FDBFEA,Block_Gas Data,I21,0.382860895822581,,colhdr:I2:Annual Gas Production | colhdr:I3:bscf,Annual Gas Production | bscf,M-CP-02 Production,FORMULA COEFFICIENT,FORMULA COEFFICIENT,Unit interval without strong economic label: annual gas production bscf,LOW,Critical path parameter surface,NONE,RESOLVED
D07560CA6C1A762716E1927A130E7CA697DB0AB9BDA8E8A33C7A0ACBB6FDBFEA,Block_Gas Data,N21,191.82421770247,,colhdr:N2:Daily Gas Production | colhdr:N3:mmscf/d,Daily Gas Production | mmscf/d,M-CP-02 Production,ASSUMPTION,ASSUMPTION,Economic magnitude with label: daily gas production mmscf/d,MEDIUM,Critical path parameter surface,NONE,RESOLVED
D07560CA6C1A762716E1927A130E7CA697DB0AB9BDA8E8A33C7A0ACBB6FDBFEA,Block_Gas Data,B22,371.355169866755,,colhdr:B2:Daily Gas Production | colhdr:B3:mmscf/d,Daily Gas Production | mmscf/d,M-CP-02 Production,ASSUMPTION,ASSUMPTION,Economic magnitude with label: daily gas production mmscf/d,MEDIUM,Critical path parameter surface,NONE,RESOLVED
D07560CA6C1A762716E1927A130E7CA697DB0AB9BDA8E8A33C7A0ACBB6FDBFEA,Block_Gas Data,E22,1.2,,colhdr:E2:Daily Gas Production | colhdr:E3:mmscf/d,Daily Gas Production | mmscf/d,M-CP-02 Production,FORMULA COEFFICIENT,FORMULA COEFFICIENT,Schedule/cost grid numeric without independent input evidence — profile coefficient,LOW,Load as schedule data; reclassify if later shown as driver,NONE,RESOLVED
D07560CA6C1A762716E1927A130E7CA697DB0AB9BDA8E8A33C7A0ACBB6FDBFEA,Block_Gas Data,F22,0.0842507566327299,,colhdr:F2:Annual Gas Production | colhdr:F3:bscf,Annual Gas Production | bscf,M-CP-02 Production,FORMULA COEFFICIENT,FORMULA COEFFICIENT,Unit interval without strong economic label: annual gas production bscf,LOW,Critical path parameter surface,NONE,RESOLVED
D07560CA6C1A762716E1927A130E7CA697DB0AB9BDA8E8A33C7A0ACBB6FDBFEA,Block_Gas Data,N22,172.641795932223,,colhdr:N2:Daily Gas Production | colhdr:N3:mmscf/d,Daily Gas Production | mmscf/d,M-CP-02 Production,ASSUMPTION,ASSUMPTION,Economic magnitude with label: daily gas production mmscf/d,MEDIUM,Critical path parameter surface,NONE,RESOLVED
D07560CA6C1A762716E1927A130E7CA697DB0AB9BDA8E8A33C7A0ACBB6FDBFEA,Block_Gas Data,B23,361.000071014497,,colhdr:B2:Daily Gas Production | colhdr:B3:mmscf/d,Daily Gas Production | mmscf/d,M-CP-02 Production,ASSUMPTION,ASSUMPTION,Economic magnitude with label: daily gas production mmscf/d,MEDIUM,Critical path parameter surface,NONE,RESOLVED
D07560CA6C1A762716E1927A130E7CA697DB0AB9BDA8E8A33C7A0ACBB6FDBFEA,Block_Gas Data,E23,0,,colhdr:E2:Daily Gas Production | colhdr:E3:mmscf/d,Daily Gas Production | mmscf/d,M-CP-02 Production,DEFAULT/STRUCTURAL,DEFAULT/STRUCTURAL,Zero literal common structural seed,MEDIUM,Critical path parameter surface,NONE,RESOLVED
D07560CA6C1A762716E1927A130E7CA697DB0AB9BDA8E8A33C7A0ACBB6FDBFEA,Block_Gas Data,F23,0,,colhdr:F2:Annual Gas Production | colhdr:F3:bscf,Annual Gas Production | bscf,M-CP-02 Production,DEFAULT/STRUCTURAL,DEFAULT/STRUCTURAL,Zero literal common structural seed,MEDIUM,Critical path parameter surface,NONE,RESOLVED
D07560CA6C1A762716E1927A130E7CA697DB0AB9BDA8E8A33C7A0ACBB6FDBFEA,Block_Gas Data,N23,155.377616339001,,colhdr:N2:Daily Gas Production | colhdr:N3:mmscf/d,Daily Gas Production | mmscf/d,M-CP-02 Production,ASSUMPTION,ASSUMPTION,Economic magnitude with label: daily gas production mmscf/d,MEDIUM,Critical path parameter surface,NONE,RESOLVED
D07560CA6C1A762716E1927A130E7CA697DB0AB9BDA8E8A33C7A0ACBB6FDBFEA,Block_Gas Data,B24,341.807908194354,,colhdr:B2:Daily Gas Production | colhdr:B3:mmscf/d,Daily Gas Production | mmscf/d,M-CP-02 Production,ASSUMPTION,ASSUMPTION,Economic magnitude with label: daily gas production mmscf/d,MEDIUM,Critical path parameter surface,NONE,RESOLVED
D07560CA6C1A762716E1927A130E7CA697DB0AB9BDA8E8A33C7A0ACBB6FDBFEA,Block_Gas Data,E24,0,,colhdr:E2:Daily Gas Production | colhdr:E3:mmscf/d,Daily Gas Production | mmscf/d,M-CP-02 Production,DEFAULT/STRUCTURAL,DEFAULT/STRUCTURAL,Zero literal common structural seed,MEDIUM,Critical path parameter surface,NONE,RESOLVED
D07560CA6C1A762716E1927A130E7CA697DB0AB9BDA8E8A33C7A0ACBB6FDBFEA,Block_Gas Data,N24,139.839854705101,,colhdr:N2:Daily Gas Production | colhdr:N3:mmscf/d,Daily Gas Production | mmscf/d,M-CP-02 Production,ASSUMPTION,ASSUMPTION,Economic magnitude with label: daily gas production mmscf/d,MEDIUM,Critical path parameter surface,NONE,RESOLVED
D07560CA6C1A762716E1927A130E7CA697DB0AB9BDA8E8A33C7A0ACBB6FDBFEA,Block_Gas Data,B25,253.824923186571,,colhdr:B2:Daily Gas Production | colhdr:B3:mmscf/d,Daily Gas Production | mmscf/d,M-CP-02 Production,ASSUMPTION,ASSUMPTION,Economic magnitude with label: daily gas production mmscf/d,MEDIUM,Critical path parameter surface,NONE,RESOLVED
D07560CA6C1A762716E1927A130E7CA697DB0AB9BDA8E8A33C7A0ACBB6FDBFEA,Block_Gas Data,E25,0,,colhdr:E2:Daily Gas Production | colhdr:E3:mmscf/d,Daily Gas Production | mmscf/d,M-CP-02 Production,DEFAULT/STRUCTURAL,DEFAULT/STRUCTURAL,Zero literal common structural seed,MEDIUM,Critical path parameter surface,NONE,RESOLVED
D07560CA6C1A762716E1927A130E7CA697DB0AB9BDA8E8A33C7A0ACBB6FDBFEA,Block_Gas Data,N25,125.855869234591,,colhdr:N2:Daily Gas Production | colhdr:N3:mmscf/d,Daily Gas Production | mmscf/d,M-CP-02 Production,ASSUMPTION,ASSUMPTION,Economic magnitude with label: daily gas production mmscf/d,MEDIUM,Critical path parameter surface,NONE,RESOLVED
D07560CA6C1A762716E1927A130E7CA697DB0AB9BDA8E8A33C7A0ACBB6FDBFEA,Block_Gas Data,B26,240.233016468097,,colhdr:B2:Daily Gas Production | colhdr:B3:mmscf/d,Daily Gas Production | mmscf/d,M-CP-02 Production,ASSUMPTION,ASSUMPTION,Economic magnitude with label: daily gas production mmscf/d,MEDIUM,Critical path parameter surface,NONE,RESOLVED
D07560CA6C1A762716E1927A130E7CA697DB0AB9BDA8E8A33C7A0ACBB6FDBFEA,Block_Gas Data,E26,0,,colhdr:E2:Daily Gas Production | colhdr:E3:mmscf/d,Daily Gas Production | mmscf/d,M-CP-02 Production,DEFAULT/STRUCTURAL,DEFAULT/STRUCTURAL,Zero literal common structural seed,MEDIUM,Critical path parameter surface,NONE,RESOLVED
D07560CA6C1A762716E1927A130E7CA697DB0AB9BDA8E8A33C7A0ACBB6FDBFEA,Block_Gas Data,N26,113.270282311132,,colhdr:N2:Daily Gas Production | colhdr:N3:mmscf/d,Daily Gas Production | mmscf/d,M-CP-02 Production,ASSUMPTION,ASSUMPTION,Economic magnitude with label: daily gas production mmscf/d,MEDIUM,Critical path parameter surface,NONE,RESOLVED
D07560CA6C1A762716E1927A130E7CA697DB0AB9BDA8E8A33C7A0ACBB6FDBFEA,Block_Gas Data,B27,227.421345604486,,colhdr:B2:Daily Gas Production | colhdr:B3:mmscf/d,Daily Gas Production | mmscf/d,M-CP-02 Production,ASSUMPTION,ASSUMPTION,Economic magnitude with label: daily gas production mmscf/d,MEDIUM,Critical path parameter surface,NONE,RESOLVED
D07560CA6C1A762716E1927A130E7CA697DB0AB9BDA8E8A33C7A0ACBB6FDBFEA,Block_Gas Data,E27,0,,colhdr:E2:Daily Gas Production | colhdr:E3:mmscf/d,Daily Gas Production | mmscf/d,M-CP-02 Production,DEFAULT/STRUCTURAL,DEFAULT/STRUCTURAL,Zero literal common structural seed,MEDIUM,Critical path parameter surface,NONE,RESOLVED
D07560CA6C1A762716E1927A130E7CA697DB0AB9BDA8E8A33C7A0ACBB6FDBFEA,Block_Gas Data,B28,212.158007045675,,colhdr:B2:Daily Gas Production | colhdr:B3:mmscf/d,Daily Gas Production | mmscf/d,M-CP-02 Production,ASSUMPTION,ASSUMPTION,Economic magnitude with label: daily gas production mmscf/d,MEDIUM,Critical path parameter surface,NONE,RESOLVED
D07560CA6C1A762716E1927A130E7CA697DB0AB9BDA8E8A33C7A0ACBB6FDBFEA,Block_Gas Data,E28,0,,colhdr:E2:Daily Gas Production | colhdr:E3:mmscf/d,Daily Gas Production | mmscf/d,M-CP-02 Production,DEFAULT/STRUCTURAL,DEFAULT/STRUCTURAL,Zero literal common structural seed,MEDIUM,Critical path parameter surface,NONE,RESOLVED
D07560CA6C1A762716E1927A130E7CA697DB0AB9BDA8E8A33C7A0ACBB6FDBFEA,Block_Gas Data,B29,201.232098552323,,colhdr:B2:Daily Gas Production | colhdr:B3:mmscf/d,Daily Gas Production | mmscf/d,M-CP-02 Production,ASSUMPTION,ASSUMPTION,Economic magnitude with label: daily gas production mmscf/d,MEDIUM,Critical path parameter surface,NONE,RESOLVED
D07560CA6C1A762716E1927A130E7CA697DB0AB9BDA8E8A33C7A0ACBB6FDBFEA,Block_Gas Data,B30,190.871565972104,,colhdr:B2:Daily Gas Production | colhdr:B3:mmscf/d,Daily Gas Production | mmscf/d,M-CP-02 Production,ASSUMPTION,ASSUMPTION,Economic magnitude with label: daily gas production mmscf/d,MEDIUM,Critical path parameter surface,NONE,RESOLVED
D07560CA6C1A762716E1927A130E7CA697DB0AB9BDA8E8A33C7A0ACBB6FDBFEA,Block_Gas Data,B31,181.046995680052,,colhdr:B2:Daily Gas Production | colhdr:B3:mmscf/d,Daily Gas Production | mmscf/d,M-CP-02 Production,ASSUMPTION,ASSUMPTION,Economic magnitude with label: daily gas production mmscf/d,MEDIUM,Critical path parameter surface,NONE,RESOLVED
D07560CA6C1A762716E1927A130E7CA697DB0AB9BDA8E8A33C7A0ACBB6FDBFEA,Block_Gas Data,B32,171.730513422209,,colhdr:B2:Daily Gas Production | colhdr:B3:mmscf/d,Daily Gas Production | mmscf/d,M-CP-02 Production,ASSUMPTION,ASSUMPTION,Economic magnitude with label: daily gas production mmscf/d,MEDIUM,Critical path parameter surface,NONE,RESOLVED
D07560CA6C1A762716E1927A130E7CA697DB0AB9BDA8E8A33C7A0ACBB6FDBFEA,Block_Gas Data,B33,6,,colhdr:B2:Daily Gas Production | colhdr:B3:mmscf/d,Daily Gas Production | mmscf/d,M-CP-02 Production,DEFAULT/STRUCTURAL,DEFAULT/STRUCTURAL,Small integer likely index/count: daily gas production mmscf/d,LOW,Critical path parameter surface,NONE,RESOLVED
D07560CA6C1A762716E1927A130E7CA697DB0AB9BDA8E8A33C7A0ACBB6FDBFEA,Prod_Summary,Y48,5.804,,left:X48:Conversion Factor | colhdr:Y3:Cumulative Gas Production,Conversion Factor | Cumulative Gas Production,M-CP-02 Production,FORMULA COEFFICIENT,FORMULA COEFFICIENT,Sparse residual on production/tax sheet without input evidence,LOW,Critical path parameter surface,NONE,RESOLVED
D07560CA6C1A762716E1927A130E7CA697DB0AB9BDA8E8A33C7A0ACBB6FDBFEA,Block_TC,FV1,1,,row:A1:FIELD NAME:,FIELD NAME:,M-CP-03 Costs,DEFAULT/STRUCTURAL,DEFAULT/STRUCTURAL,Unity literal; treated as structural unless later contradicted,LOW,Critical path parameter surface,NONE,RESOLVED
D07560CA6C1A762716E1927A130E7CA697DB0AB9BDA8E8A33C7A0ACBB6FDBFEA,Block_TC,FW3,0,,left:FV3:$mm | row:B3:$mm,$mm | $mm,M-CP-03 Costs,DEFAULT/STRUCTURAL,DEFAULT/STRUCTURAL,Zero literal common structural seed,MEDIUM,Critical path parameter surface,NONE,RESOLVED
D07560CA6C1A762716E1927A130E7CA697DB0AB9BDA8E8A33C7A0ACBB6FDBFEA,Block_TC,A4,2023,,above:A1:FIELD NAME: | colhdr:A1:FIELD NAME:,FIELD NAME: | FIELD NAME:,M-CP-03 Costs,ASSUMPTION,ASSUMPTION,Calendar year-like value; labels=field name: field name:,MEDIUM,Critical path parameter surface,NONE,RESOLVED
D07560CA6C1A762716E1927A130E7CA697DB0AB9BDA8E8A33C7A0ACBB6FDBFEA,Block_TC,B7,0.995,,above:B3:$mm | colhdr:B2:Exploration | colhdr:B3:$mm,$mm | Exploration | $mm,M-CP-03 Costs,FORMULA COEFFICIENT,FORMULA COEFFICIENT,Unit interval without strong economic label: $mm exploration $mm,LOW,Critical path parameter surface,NONE,RESOLVED
D07560CA6C1A762716E1927A130E7CA697DB0AB9BDA8E8A33C7A0ACBB6FDBFEA,Block_TC,C7,0,,above:C3:$mm | colhdr:C2:CAPEX Wells | colhdr:C3:$mm,$mm | CAPEX Wells | $mm,M-CP-03 Costs,DEFAULT/STRUCTURAL,DEFAULT/STRUCTURAL,Zero literal common structural seed,MEDIUM,Critical path parameter surface,NONE,RESOLVED
D07560CA6C1A762716E1927A130E7CA697DB0AB9BDA8E8A33C7A0ACBB6FDBFEA,Block_TC,D7,2.69689914482246,,above:D3:$mm | colhdr:D2:CAPEX Facilities | colhdr:D3:$mm,$mm | CAPEX Facilities | $mm,M-CP-03 Costs,FORMULA COEFFICIENT,FORMULA COEFFICIENT,Schedule/cost grid numeric without independent input evidence — profile coefficient,LOW,Load as schedule data; reclassify if later shown as driver,NONE,RESOLVED
D07560CA6C1A762716E1927A130E7CA697DB0AB9BDA8E8A33C7A0ACBB6FDBFEA,Block_TC,E7,110.2458045,,above:E3:$mm | colhdr:E2:OPEX | colhdr:E3:$mm,$mm | OPEX | $mm,M-CP-03 Costs,ASSUMPTION,ASSUMPTION,Economic magnitude with label: $mm opex $mm,MEDIUM,Critical path parameter surface,NONE,RESOLVED
D07560CA6C1A762716E1927A130E7CA697DB0AB9BDA8E8A33C7A0ACBB6FDBFEA,Block_TC,H7,14,,above:H3:$mm | colhdr:H2:Exploration | colhdr:H3:$mm,$mm | Exploration | $mm,M-CP-03 Costs,DEFAULT/STRUCTURAL,DEFAULT/STRUCTURAL,Small integer likely index/count: $mm exploration $mm,LOW,Critical path parameter surface,NONE,RESOLVED
D07560CA6C1A762716E1927A130E7CA697DB0AB9BDA8E8A33C7A0ACBB6FDBFEA,Block_TC,N7,9,,above:N3:$mm | colhdr:N2:Exploration | colhdr:N3:$mm,$mm | Exploration | $mm,M-CP-03 Costs,DEFAULT/STRUCTURAL,DEFAULT/STRUCTURAL,Small integer likely index/count: $mm exploration $mm,LOW,Critical path parameter surface,NONE,RESOLVED
D07560CA6C1A762716E1927A130E7CA697DB0AB9BDA8E8A33C7A0ACBB6FDBFEA,Block_TC,T7,10,,above:T3:$mm | colhdr:T2:Exploration | colhdr:T3:$mm,$mm | Exploration | $mm,M-CP-03 Costs,DEFAULT/STRUCTURAL,DEFAULT/STRUCTURAL,Small integer likely index/count: $mm exploration $mm,LOW,Critical path parameter surface,NONE,RESOLVED
D07560CA6C1A762716E1927A130E7CA697DB0AB9BDA8E8A33C7A0ACBB6FDBFEA,Block_TC,B8,32.753,,above:B3:$mm | colhdr:B2:Exploration | colhdr:B3:$mm,$mm | Exploration | $mm,M-CP-03 Costs,FORMULA COEFFICIENT,FORMULA COEFFICIENT,Schedule/cost grid numeric without independent input evidence — profile coefficient,LOW,Load as schedule data; reclassify if later shown as driver,NONE,RESOLVED
D07560CA6C1A762716E1927A130E7CA697DB0AB9BDA8E8A33C7A0ACBB6FDBFEA,Block_TC,C8,0,,above:C3:$mm | colhdr:C2:CAPEX Wells | colhdr:C3:$mm,$mm | CAPEX Wells | $mm,M-CP-03 Costs,DEFAULT/STRUCTURAL,DEFAULT/STRUCTURAL,Zero literal common structural seed,MEDIUM,Critical path parameter surface,NONE,RESOLVED
D07560CA6C1A762716E1927A130E7CA697DB0AB9BDA8E8A33C7A0ACBB6FDBFEA,Block_TC,D8,16.5820901840491,,above:D3:$mm | colhdr:D2:CAPEX Facilities | colhdr:D3:$mm,$mm | CAPEX Facilities | $mm,M-CP-03 Costs,FORMULA COEFFICIENT,FORMULA COEFFICIENT,Schedule/cost grid numeric without independent input evidence — profile coefficient,LOW,Load as schedule data; reclassify if later shown as driver,NONE,RESOLVED
D07560CA6C1A762716E1927A130E7CA697DB0AB9BDA8E8A33C7A0ACBB6FDBFEA,Block_TC,E8,97.645924185,,above:E3:$mm | colhdr:E2:OPEX | colhdr:E3:$mm,$mm | OPEX | $mm,M-CP-03 Costs,FORMULA COEFFICIENT,FORMULA COEFFICIENT,Schedule/cost grid numeric without independent input evidence — profile coefficient,LOW,Load as schedule data; reclassify if later shown as driver,NONE,RESOLVED
D07560CA6C1A762716E1927A130E7CA697DB0AB9BDA8E8A33C7A0ACBB6FDBFEA,Block_TC,N8,7,,above:N3:$mm | colhdr:N2:Exploration | colhdr:N3:$mm,$mm | Exploration | $mm,M-CP-03 Costs,DEFAULT/STRUCTURAL,DEFAULT/STRUCTURAL,Small integer likely index/count: $mm exploration $mm,LOW,Critical path parameter surface,NONE,RESOLVED
D07560CA6C1A762716E1927A130E7CA697DB0AB9BDA8E8A33C7A0ACBB6FDBFEA,Block_TC,T8,9,,above:T3:$mm | colhdr:T2:Exploration | colhdr:T3:$mm,$mm | Exploration | $mm,M-CP-03 Costs,DEFAULT/STRUCTURAL,DEFAULT/STRUCTURAL,Small integer likely index/count: $mm exploration $mm,LOW,Critical path parameter surface,NONE,RESOLVED
D07560CA6C1A762716E1927A130E7CA697DB0AB9BDA8E8A33C7A0ACBB6FDBFEA,Block_TC,V8,50,,above:V3:$mm | colhdr:V2:CAPEX Facilities | colhdr:V3:$mm,$mm | CAPEX Facilities | $mm,M-CP-03 Costs,DEFAULT/STRUCTURAL,DEFAULT/STRUCTURAL,Integer 2-100 without rate label: $mm capex facilities $mm,LOW,Critical path parameter surface,NONE,RESOLVED
D07560CA6C1A762716E1927A130E7CA697DB0AB9BDA8E8A33C7A0ACBB6FDBFEA,Block_TC,AA8,0,,above:AA3:$mm | colhdr:AA2:CAPEX Wells | colhdr:AA3:$mm,$mm | CAPEX Wells | $mm,M-CP-03 Costs,DEFAULT/STRUCTURAL,DEFAULT/STRUCTURAL,Zero literal common structural seed,MEDIUM,Critical path parameter surface,NONE,RESOLVED
D07560CA6C1A762716E1927A130E7CA697DB0AB9BDA8E8A33C7A0ACBB6FDBFEA,Block_TC,AD8,0,,above:AD3:$mm | colhdr:AD2:Abandonment | colhdr:AD3:$mm,$mm | Abandonment | $mm,M-CP-03 Costs,DEFAULT/STRUCTURAL,DEFAULT/STRUCTURAL,Zero literal common structural seed,MEDIUM,Critical path parameter surface,NONE,RESOLVED
D07560CA6C1A762716E1927A130E7CA697DB0AB9BDA8E8A33C7A0ACBB6FDBFEA,Block_TC,B9,1.8636,,above:B3:$mm | colhdr:B2:Exploration | colhdr:B3:$mm,$mm | Exploration | $mm,M-CP-03 Costs,FORMULA COEFFICIENT,FORMULA COEFFICIENT,Schedule/cost grid numeric without independent input evidence — profile coefficient,LOW,Load as schedule data; reclassify if later shown as driver,NONE,RESOLVED
D07560CA6C1A762716E1927A130E7CA697DB0AB9BDA8E8A33C7A0ACBB6FDBFEA,Block_TC,C9,0,,above:C3:$mm | colhdr:C2:CAPEX Wells | colhdr:C3:$mm,$mm | CAPEX Wells | $mm,M-CP-03 Costs,DEFAULT/STRUCTURAL,DEFAULT/STRUCTURAL,Zero literal common structural seed,MEDIUM,Critical path parameter surface,NONE,RESOLVED
D07560CA6C1A762716E1927A130E7CA697DB0AB9BDA8E8A33C7A0ACBB6FDBFEA,Block_TC,D9,41.6960299907046,,above:D3:$mm | colhdr:D2:CAPEX Facilities | colhdr:D3:$mm,$mm | CAPEX Facilities | $mm,M-CP-03 Costs,FORMULA COEFFICIENT,FORMULA COEFFICIENT,Schedule/cost grid numeric without independent input evidence — profile coefficient,LOW,Load as schedule data; reclassify if later shown as driver,NONE,RESOLVED
D07560CA6C1A762716E1927A130E7CA697DB0AB9BDA8E8A33C7A0ACBB6FDBFEA,Block_TC,E9,83.0211809328765,,above:E3:$mm | colhdr:E2:OPEX | colhdr:E3:$mm,$mm | OPEX | $mm,M-CP-03 Costs,FORMULA COEFFICIENT,FORMULA COEFFICIENT,Schedule/cost grid numeric without independent input evidence — profile coefficient,LOW,Load as schedule data; reclassify if later shown as driver,NONE,RESOLVED
D07560CA6C1A762716E1927A130E7CA697DB0AB9BDA8E8A33C7A0ACBB6FDBFEA,Block_TC,H9,35,,above:H3:$mm | colhdr:H2:Exploration | colhdr:H3:$mm,$mm | Exploration | $mm,M-CP-03 Costs,DEFAULT/STRUCTURAL,DEFAULT/STRUCTURAL,Integer 2-100 without rate label: $mm exploration $mm,LOW,Critical path parameter surface,NONE,RESOLVED
D07560CA6C1A762716E1927A130E7CA697DB0AB9BDA8E8A33C7A0ACBB6FDBFEA,Block_TC,J9,80,,above:J3:$mm | colhdr:J2:CAPEX Facilities | colhdr:J3:$mm,$mm | CAPEX Facilities | $mm,M-CP-03 Costs,DEFAULT/STRUCTURAL,DEFAULT/STRUCTURAL,Integer 2-100 without rate label: $mm capex facilities $mm,LOW,Critical path parameter surface,NONE,RESOLVED
D07560CA6C1A762716E1927A130E7CA697DB0AB9BDA8E8A33C7A0ACBB6FDBFEA,Block_TC,N9,35,,above:N3:$mm | colhdr:N2:Exploration | colhdr:N3:$mm,$mm | Exploration | $mm,M-CP-03 Costs,DEFAULT/STRUCTURAL,DEFAULT/STRUCTURAL,Integer 2-100 without rate label: $mm exploration $mm,LOW,Critical path parameter surface,NONE,RESOLVED
D07560CA6C1A762716E1927A130E7CA697DB0AB9BDA8E8A33C7A0ACBB6FDBFEA,Block_TC,U9,50,,above:U3:$mm | colhdr:U2:CAPEX Wells | colhdr:U3:$mm,$mm | CAPEX Wells | $mm,M-CP-03 Costs,DEFAULT/STRUCTURAL,DEFAULT/STRUCTURAL,Integer 2-100 without rate label: $mm capex wells $mm,LOW,Critical path parameter surface,NONE,RESOLVED
D07560CA6C1A762716E1927A130E7CA697DB0AB9BDA8E8A33C7A0ACBB6FDBFEA,Block_TC,V9,20,,above:V3:$mm | colhdr:V2:CAPEX Facilities | colhdr:V3:$mm,$mm | CAPEX Facilities | $mm,M-CP-03 Costs,DEFAULT/STRUCTURAL,DEFAULT/STRUCTURAL,Small integer likely index/count: $mm capex facilities $mm,LOW,Critical path parameter surface,NONE,RESOLVED
D07560CA6C1A762716E1927A130E7CA697DB0AB9BDA8E8A33C7A0ACBB6FDBFEA,Block_TC,AA9,94,,above:AA3:$mm | colhdr:AA2:CAPEX Wells | colhdr:AA3:$mm,$mm | CAPEX Wells | $mm,M-CP-03 Costs,DEFAULT/STRUCTURAL,DEFAULT/STRUCTURAL,Integer 2-100 without rate label: $mm capex wells $mm,LOW,Critical path parameter surface,NONE,RESOLVED
D07560CA6C1A762716E1927A130E7CA697DB0AB9BDA8E8A33C7A0ACBB6FDBFEA,Block_TC,AB9,6,,above:AB3:$mm | colhdr:AB2:CAPEX Facilities | colhdr:AB3:$mm,$mm | CAPEX Facilities | $mm,M-CP-03 Costs,DEFAULT/STRUCTURAL,DEFAULT/STRUCTURAL,Small integer likely index/count: $mm capex facilities $mm,LOW,Critical path parameter surface,NONE,RESOLVED
D07560CA6C1A762716E1927A130E7CA697DB0AB9BDA8E8A33C7A0ACBB6FDBFEA,Block_TC,AD9,15,,above:AD3:$mm | colhdr:AD2:Abandonment | colhdr:AD3:$mm,$mm | Abandonment | $mm,M-CP-03 Costs,DEFAULT/STRUCTURAL,DEFAULT/STRUCTURAL,Small integer likely index/count: $mm abandonment $mm,LOW,Critical path parameter surface,NONE,RESOLVED
D07560CA6C1A762716E1927A130E7CA697DB0AB9BDA8E8A33C7A0ACBB6FDBFEA,Block_TC,C10,144.687738804936,,above:C3:$mm | colhdr:C2:CAPEX Wells | colhdr:C3:$mm,$mm | CAPEX Wells | $mm,M-CP-03 Costs,ASSUMPTION,ASSUMPTION,Economic magnitude with label: $mm capex wells $mm,MEDIUM,Critical path parameter surface,NONE,RESOLVED
D07560CA6C1A762716E1927A130E7CA697DB0AB9BDA8E8A33C7A0ACBB6FDBFEA,Block_TC,D10,85.8137516266964,,above:D3:$mm | colhdr:D2:CAPEX Facilities | colhdr:D3:$mm,$mm | CAPEX Facilities | $mm,M-CP-03 Costs,FORMULA COEFFICIENT,FORMULA COEFFICIENT,Schedule/cost grid numeric without independent input evidence — profile coefficient,LOW,Load as schedule data; reclassify if later shown as driver,NONE,RESOLVED
D07560CA6C1A762716E1927A130E7CA697DB0AB9BDA8E8A33C7A0ACBB6FDBFEA,Block_TC,E10,90.9877157493137,,above:E3:$mm | colhdr:E2:OPEX | colhdr:E3:$mm,$mm | OPEX | $mm,M-CP-03 Costs,FORMULA COEFFICIENT,FORMULA COEFFICIENT,Schedule/cost grid numeric without independent input evidence — profile coefficient,LOW,Load as schedule data; reclassify if later shown as driver,NONE,RESOLVED
D07560CA6C1A762716E1927A130E7CA697DB0AB9BDA8E8A33C7A0ACBB6FDBFEA,Block_TC,I10,35,,above:I3:$mm | colhdr:I2:CAPEX Wells | colhdr:I3:$mm,$mm | CAPEX Wells | $mm,M-CP-03 Costs,DEFAULT/STRUCTURAL,DEFAULT/STRUCTURAL,Integer 2-100 without rate label: $mm capex wells $mm,LOW,Critical path parameter surface,NONE,RESOLVED
D07560CA6C1A762716E1927A130E7CA697DB0AB9BDA8E8A33C7A0ACBB6FDBFEA,Block_TC,O10,35,,above:O3:$mm | colhdr:O2:CAPEX Wells | colhdr:O3:$mm,$mm | CAPEX Wells | $mm,M-CP-03 Costs,DEFAULT/STRUCTURAL,DEFAULT/STRUCTURAL,Integer 2-100 without rate label: $mm capex wells $mm,LOW,Critical path parameter surface,NONE,RESOLVED
D07560CA6C1A762716E1927A130E7CA697DB0AB9BDA8E8A33C7A0ACBB6FDBFEA,Block_TC,P10,50,,above:P3:$mm | colhdr:P2:CAPEX Facilities | colhdr:P3:$mm,$mm | CAPEX Facilities | $mm,M-CP-03 Costs,DEFAULT/STRUCTURAL,DEFAULT/STRUCTURAL,Integer 2-100 without rate label: $mm capex facilities $mm,LOW,Critical path parameter surface,NONE,RESOLVED
D07560CA6C1A762716E1927A130E7CA697DB0AB9BDA8E8A33C7A0ACBB6FDBFEA,Block_TC,U10,50,,above:U3:$mm | colhdr:U2:CAPEX Wells | colhdr:U3:$mm,$mm | CAPEX Wells | $mm,M-CP-03 Costs,DEFAULT/STRUCTURAL,DEFAULT/STRUCTURAL,Integer 2-100 without rate label: $mm capex wells $mm,LOW,Critical path parameter surface,NONE,RESOLVED
D07560CA6C1A762716E1927A130E7CA697DB0AB9BDA8E8A33C7A0ACBB6FDBFEA,Block_TC,Z10,10,,above:Z3:$mm | colhdr:Z2:Exploration | colhdr:Z3:$mm,$mm | Exploration | $mm,M-CP-03 Costs,DEFAULT/STRUCTURAL,DEFAULT/STRUCTURAL,Small integer likely index/count: $mm exploration $mm,LOW,Critical path parameter surface,NONE,RESOLVED
D07560CA6C1A762716E1927A130E7CA697DB0AB9BDA8E8A33C7A0ACBB6FDBFEA,Block_TC,AA10,112,,above:AA3:$mm | colhdr:AA2:CAPEX Wells | colhdr:AA3:$mm,$mm | CAPEX Wells | $mm,M-CP-03 Costs,ASSUMPTION,ASSUMPTION,Economic magnitude with label: $mm capex wells $mm,MEDIUM,Critical path parameter surface,NONE,RESOLVED
D07560CA6C1A762716E1927A130E7CA697DB0AB9BDA8E8A33C7A0ACBB6FDBFEA,Block_TC,AB10,6,,above:AB3:$mm | colhdr:AB2:CAPEX Facilities | colhdr:AB3:$mm,$mm | CAPEX Facilities | $mm,M-CP-03 Costs,DEFAULT/STRUCTURAL,DEFAULT/STRUCTURAL,Small integer likely index/count: $mm capex facilities $mm,LOW,Critical path parameter surface,NONE,RESOLVED
D07560CA6C1A762716E1927A130E7CA697DB0AB9BDA8E8A33C7A0ACBB6FDBFEA,Block_TC,AD10,20.1,,above:AD3:$mm | colhdr:AD2:Abandonment | colhdr:AD3:$mm,$mm | Abandonment | $mm,M-CP-03 Costs,FORMULA COEFFICIENT,FORMULA COEFFICIENT,Schedule/cost grid numeric without independent input evidence — profile coefficient,LOW,Load as schedule data; reclassify if later shown as driver,NONE,RESOLVED
D07560CA6C1A762716E1927A130E7CA697DB0AB9BDA8E8A33C7A0ACBB6FDBFEA,Block_TC,C11,168.177780396506,,above:C3:$mm | colhdr:C2:CAPEX Wells | colhdr:C3:$mm,$mm | CAPEX Wells | $mm,M-CP-03 Costs,ASSUMPTION,ASSUMPTION,Economic magnitude with label: $mm capex wells $mm,MEDIUM,Critical path parameter surface,NONE,RESOLVED
D07560CA6C1A762716E1927A130E7CA697DB0AB9BDA8E8A33C7A0ACBB6FDBFEA,Block_TC,D11,127.687211117308,,above:D3:$mm | colhdr:D2:CAPEX Facilities | colhdr:D3:$mm,$mm | CAPEX Facilities | $mm,M-CP-03 Costs,ASSUMPTION,ASSUMPTION,Economic magnitude with label: $mm capex facilities $mm,MEDIUM,Critical path parameter surface,NONE,RESOLVED
D07560CA6C1A762716E1927A130E7CA697DB0AB9BDA8E8A33C7A0ACBB6FDBFEA,Block_TC,E11,107.191146553542,,above:E3:$mm | colhdr:E2:OPEX | colhdr:E3:$mm,$mm | OPEX | $mm,M-CP-03 Costs,ASSUMPTION,ASSUMPTION,Economic magnitude with label: $mm opex $mm,MEDIUM,Critical path parameter surface,NONE,RESOLVED
D07560CA6C1A762716E1927A130E7CA697DB0AB9BDA8E8A33C7A0ACBB6FDBFEA,Block_TC,J11,25,,above:J3:$mm | colhdr:J2:CAPEX Facilities | colhdr:J3:$mm,$mm | CAPEX Facilities | $mm,M-CP-03 Costs,DEFAULT/STRUCTURAL,DEFAULT/STRUCTURAL,Integer 2-100 without rate label: $mm capex facilities $mm,LOW,Critical path parameter surface,NONE,RESOLVED
D07560CA6C1A762716E1927A130E7CA697DB0AB9BDA8E8A33C7A0ACBB6FDBFEA,Block_TC,P11,50,,above:P3:$mm | colhdr:P2:CAPEX Facilities | colhdr:P3:$mm,$mm | CAPEX Facilities | $mm,M-CP-03 Costs,DEFAULT/STRUCTURAL,DEFAULT/STRUCTURAL,Integer 2-100 without rate label: $mm capex facilities $mm,LOW,Critical path parameter surface,NONE,RESOLVED
D07560CA6C1A762716E1927A130E7CA697DB0AB9BDA8E8A33C7A0ACBB6FDBFEA,Block_TC,AA11,24,,above:AA3:$mm | colhdr:AA2:CAPEX Wells | colhdr:AA3:$mm,$mm | CAPEX Wells | $mm,M-CP-03 Costs,DEFAULT/STRUCTURAL,DEFAULT/STRUCTURAL,Integer 2-100 without rate label: $mm capex wells $mm,LOW,Critical path parameter surface,NONE,RESOLVED
D07560CA6C1A762716E1927A130E7CA697DB0AB9BDA8E8A33C7A0ACBB6FDBFEA,Block_TC,AD11,1.8,,above:AD3:$mm | colhdr:AD2:Abandonment | colhdr:AD3:$mm,$mm | Abandonment | $mm,M-CP-03 Costs,FORMULA COEFFICIENT,FORMULA COEFFICIENT,Schedule/cost grid numeric without independent input evidence — profile coefficient,LOW,Load as schedule data; reclassify if later shown as driver,NONE,RESOLVED
D07560CA6C1A762716E1927A130E7CA697DB0AB9BDA8E8A33C7A0ACBB6FDBFEA,Block_TC,C12,24.6430056841813,,colhdr:C2:CAPEX Wells | colhdr:C3:$mm,CAPEX Wells | $mm,M-CP-03 Costs,FORMULA COEFFICIENT,FORMULA COEFFICIENT,Schedule/cost grid numeric without independent input evidence — profile coefficient,LOW,Load as schedule data; reclassify if later shown as driver,NONE,RESOLVED
D07560CA6C1A762716E1927A130E7CA697DB0AB9BDA8E8A33C7A0ACBB6FDBFEA,Block_TC,D12,16.9292619445994,,colhdr:D2:CAPEX Facilities | colhdr:D3:$mm,CAPEX Facilities | $mm,M-CP-03 Costs,FORMULA COEFFICIENT,FORMULA COEFFICIENT,Schedule/cost grid numeric without independent input evidence — profile coefficient,LOW,Load as schedule data; reclassify if later shown as driver,NONE,RESOLVED
D07560CA6C1A762716E1927A130E7CA697DB0AB9BDA8E8A33C7A0ACBB6FDBFEA,Block_TC,E12,135.226422096393,,colhdr:E2:OPEX | colhdr:E3:$mm,OPEX | $mm,M-CP-03 Costs,ASSUMPTION,ASSUMPTION,Economic magnitude with label: opex $mm,MEDIUM,Critical path parameter surface,NONE,RESOLVED
D07560CA6C1A762716E1927A130E7CA697DB0AB9BDA8E8A33C7A0ACBB6FDBFEA,Block_TC,O12,10,,colhdr:O2:CAPEX Wells | colhdr:O3:$mm,CAPEX Wells | $mm,M-CP-03 Costs,DEFAULT/STRUCTURAL,DEFAULT/STRUCTURAL,Small integer likely index/count: capex wells $mm,LOW,Critical path parameter surface,NONE,RESOLVED
D07560CA6C1A762716E1927A130E7CA697DB0AB9BDA8E8A33C7A0ACBB6FDBFEA,Block_TC,Z12,10,,colhdr:Z2:Exploration | colhdr:Z3:$mm,Exploration | $mm,M-CP-03 Costs,DEFAULT/STRUCTURAL,DEFAULT/STRUCTURAL,Small integer likely index/count: exploration $mm,LOW,Critical path parameter surface,NONE,RESOLVED
D07560CA6C1A762716E1927A130E7CA697DB0AB9BDA8E8A33C7A0ACBB6FDBFEA,Block_TC,AA12,126,,colhdr:AA2:CAPEX Wells | colhdr:AA3:$mm,CAPEX Wells | $mm,M-CP-03 Costs,ASSUMPTION,ASSUMPTION,Economic magnitude with label: capex wells $mm,MEDIUM,Critical path parameter surface,NONE,RESOLVED
D07560CA6C1A762716E1927A130E7CA697DB0AB9BDA8E8A33C7A0ACBB6FDBFEA,Block_TC,AB12,6,,colhdr:AB2:CAPEX Facilities | colhdr:AB3:$mm,CAPEX Facilities | $mm,M-CP-03 Costs,DEFAULT/STRUCTURAL,DEFAULT/STRUCTURAL,Small integer likely index/count: capex facilities $mm,LOW,Critical path parameter surface,NONE,RESOLVED
D07560CA6C1A762716E1927A130E7CA697DB0AB9BDA8E8A33C7A0ACBB6FDBFEA,Block_TC,AD12,22.2,,colhdr:AD2:Abandonment | colhdr:AD3:$mm,Abandonment | $mm,M-CP-03 Costs,FORMULA COEFFICIENT,FORMULA COEFFICIENT,Schedule/cost grid numeric without independent input evidence — profile coefficient,LOW,Load as schedule data; reclassify if later shown as driver,NONE,RESOLVED
D07560CA6C1A762716E1927A130E7CA697DB0AB9BDA8E8A33C7A0ACBB6FDBFEA,Block_TC,C13,0,,colhdr:C2:CAPEX Wells | colhdr:C3:$mm,CAPEX Wells | $mm,M-CP-03 Costs,DEFAULT/STRUCTURAL,DEFAULT/STRUCTURAL,Zero literal common structural seed,MEDIUM,Critical path parameter surface,NONE,RESOLVED
D07560CA6C1A762716E1927A130E7CA697DB0AB9BDA8E8A33C7A0ACBB6FDBFEA,Block_TC,D13,0,,colhdr:D2:CAPEX Facilities | colhdr:D3:$mm,CAPEX Facilities | $mm,M-CP-03 Costs,DEFAULT/STRUCTURAL,DEFAULT/STRUCTURAL,Zero literal common structural seed,MEDIUM,Critical path parameter surface,NONE,RESOLVED
D07560CA6C1A762716E1927A130E7CA697DB0AB9BDA8E8A33C7A0ACBB6FDBFEA,Block_TC,E13,130.680085608994,,colhdr:E2:OPEX | colhdr:E3:$mm,OPEX | $mm,M-CP-03 Costs,ASSUMPTION,ASSUMPTION,Economic magnitude with label: opex $mm,MEDIUM,Critical path parameter surface,NONE,RESOLVED
D07560CA6C1A762716E1927A130E7CA697DB0AB9BDA8E8A33C7A0ACBB6FDBFEA,Block_TC,AA13,146,,colhdr:AA2:CAPEX Wells | colhdr:AA3:$mm,CAPEX Wells | $mm,M-CP-03 Costs,ASSUMPTION,ASSUMPTION,Economic magnitude with label: capex wells $mm,MEDIUM,Critical path parameter surface,NONE,RESOLVED
D07560CA6C1A762716E1927A130E7CA697DB0AB9BDA8E8A33C7A0ACBB6FDBFEA,Block_TC,AB13,30,,colhdr:AB2:CAPEX Facilities | colhdr:AB3:$mm,CAPEX Facilities | $mm,M-CP-03 Costs,DEFAULT/STRUCTURAL,DEFAULT/STRUCTURAL,Integer 2-100 without rate label: capex facilities $mm,LOW,Critical path parameter surface,NONE,RESOLVED
D07560CA6C1A762716E1927A130E7CA697DB0AB9BDA8E8A33C7A0ACBB6FDBFEA,Block_TC,AD13,25.8,,colhdr:AD2:Abandonment | colhdr:AD3:$mm,Abandonment | $mm,M-CP-03 Costs,FORMULA COEFFICIENT,FORMULA COEFFICIENT,Schedule/cost grid numeric without independent input evidence — profile coefficient,LOW,Load as schedule data; reclassify if later shown as driver,NONE,RESOLVED
D07560CA6C1A762716E1927A130E7CA697DB0AB9BDA8E8A33C7A0ACBB6FDBFEA,Block_TC,C14,0,,colhdr:C2:CAPEX Wells | colhdr:C3:$mm,CAPEX Wells | $mm,M-CP-03 Costs,DEFAULT/STRUCTURAL,DEFAULT/STRUCTURAL,Zero literal common structural seed,MEDIUM,Critical path parameter surface,NONE,RESOLVED
D07560CA6C1A762716E1927A130E7CA697DB0AB9BDA8E8A33C7A0ACBB6FDBFEA,Block_TC,D14,0,,colhdr:D2:CAPEX Facilities | colhdr:D3:$mm,CAPEX Facilities | $mm,M-CP-03 Costs,DEFAULT/STRUCTURAL,DEFAULT/STRUCTURAL,Zero literal common structural seed,MEDIUM,Critical path parameter surface,NONE,RESOLVED
D07560CA6C1A762716E1927A130E7CA697DB0AB9BDA8E8A33C7A0ACBB6FDBFEA,Block_TC,E14,121.063467798929,,colhdr:E2:OPEX | colhdr:E3:$mm,OPEX | $mm,M-CP-03 Costs,ASSUMPTION,ASSUMPTION,Economic magnitude with label: opex $mm,MEDIUM,Critical path parameter surface,NONE,RESOLVED
D07560CA6C1A762716E1927A130E7CA697DB0AB9BDA8E8A33C7A0ACBB6FDBFEA,Block_TC,AA14,90,,colhdr:AA2:CAPEX Wells | colhdr:AA3:$mm,CAPEX Wells | $mm,M-CP-03 Costs,DEFAULT/STRUCTURAL,DEFAULT/STRUCTURAL,Integer 2-100 without rate label: capex wells $mm,LOW,Critical path parameter surface,NONE,RESOLVED
D07560CA6C1A762716E1927A130E7CA697DB0AB9BDA8E8A33C7A0ACBB6FDBFEA,Block_TC,AB14,6,,colhdr:AB2:CAPEX Facilities | colhdr:AB3:$mm,CAPEX Facilities | $mm,M-CP-03 Costs,DEFAULT/STRUCTURAL,DEFAULT/STRUCTURAL,Small integer likely index/count: capex facilities $mm,LOW,Critical path parameter surface,NONE,RESOLVED
D07560CA6C1A762716E1927A130E7CA697DB0AB9BDA8E8A33C7A0ACBB6FDBFEA,Block_TC,AD14,14.4,,colhdr:AD2:Abandonment | colhdr:AD3:$mm,Abandonment | $mm,M-CP-03 Costs,FORMULA COEFFICIENT,FORMULA COEFFICIENT,Schedule/cost grid numeric without independent input evidence — profile coefficient,LOW,Load as schedule data; reclassify if later shown as driver,NONE,RESOLVED
D07560CA6C1A762716E1927A130E7CA697DB0AB9BDA8E8A33C7A0ACBB6FDBFEA,Block_TC,C15,57.5003465964231,,colhdr:C2:CAPEX Wells | colhdr:C3:$mm,CAPEX Wells | $mm,M-CP-03 Costs,FORMULA COEFFICIENT,FORMULA COEFFICIENT,Schedule/cost grid numeric without independent input evidence — profile coefficient,LOW,Load as schedule data; reclassify if later shown as driver,NONE,RESOLVED
D07560CA6C1A762716E1927A130E7CA697DB0AB9BDA8E8A33C7A0ACBB6FDBFEA,Block_TC,D15,0,,colhdr:D2:CAPEX Facilities | colhdr:D3:$mm,CAPEX Facilities | $mm,M-CP-03 Costs,DEFAULT/STRUCTURAL,DEFAULT/STRUCTURAL,Zero literal common structural seed,MEDIUM,Critical path parameter surface,NONE,RESOLVED
D07560CA6C1A762716E1927A130E7CA697DB0AB9BDA8E8A33C7A0ACBB6FDBFEA,Block_TC,E15,152.362356077496,,colhdr:E2:OPEX | colhdr:E3:$mm,OPEX | $mm,M-CP-03 Costs,ASSUMPTION,ASSUMPTION,Economic magnitude with label: opex $mm,MEDIUM,Critical path parameter surface,NONE,RESOLVED
D07560CA6C1A762716E1927A130E7CA697DB0AB9BDA8E8A33C7A0ACBB6FDBFEA,Block_TC,AA15,4,,colhdr:AA2:CAPEX Wells | colhdr:AA3:$mm,CAPEX Wells | $mm,M-CP-03 Costs,DEFAULT/STRUCTURAL,DEFAULT/STRUCTURAL,Small integer likely index/count: capex wells $mm,LOW,Critical path parameter surface,NONE,RESOLVED
D07560CA6C1A762716E1927A130E7CA697DB0AB9BDA8E8A33C7A0ACBB6FDBFEA,Block_TC,E16,139.505160304204,,colhdr:E2:OPEX | colhdr:E3:$mm,OPEX | $mm,M-CP-03 Costs,ASSUMPTION,ASSUMPTION,Economic magnitude with label: opex $mm,MEDIUM,Critical path parameter surface,NONE,RESOLVED
D07560CA6C1A762716E1927A130E7CA697DB0AB9BDA8E8A33C7A0ACBB6FDBFEA,Block_TC,AA16,0,,colhdr:AA2:CAPEX Wells | colhdr:AA3:$mm,CAPEX Wells | $mm,M-CP-03 Costs,DEFAULT/STRUCTURAL,DEFAULT/STRUCTURAL,Zero literal common structural seed,MEDIUM,Critical path parameter surface,NONE,RESOLVED
D07560CA6C1A762716E1927A130E7CA697DB0AB9BDA8E8A33C7A0ACBB6FDBFEA,Block_TC,E17,124.908101456936,,colhdr:E2:OPEX | colhdr:E3:$mm,OPEX | $mm,M-CP-03 Costs,ASSUMPTION,ASSUMPTION,Economic magnitude with label: opex $mm,MEDIUM,Critical path parameter surface,NONE,RESOLVED
D07560CA6C1A762716E1927A130E7CA697DB0AB9BDA8E8A33C7A0ACBB6FDBFEA,Block_TC,E18,113.039284314778,,colhdr:E2:OPEX | colhdr:E3:$mm,OPEX | $mm,M-CP-03 Costs,ASSUMPTION,ASSUMPTION,Economic magnitude with label: opex $mm,MEDIUM,Critical path parameter surface,NONE,RESOLVED
D07560CA6C1A762716E1927A130E7CA697DB0AB9BDA8E8A33C7A0ACBB6FDBFEA,Block_TC,E19,102.834928100657,,colhdr:E2:OPEX | colhdr:E3:$mm,OPEX | $mm,M-CP-03 Costs,ASSUMPTION,ASSUMPTION,Economic magnitude with label: opex $mm,MEDIUM,Critical path parameter surface,NONE,RESOLVED
D07560CA6C1A762716E1927A130E7CA697DB0AB9BDA8E8A33C7A0ACBB6FDBFEA,Block_TC,E20,94.0492895336816,,colhdr:E2:OPEX | colhdr:E3:$mm,OPEX | $mm,M-CP-03 Costs,FORMULA COEFFICIENT,FORMULA COEFFICIENT,Schedule/cost grid numeric without independent input evidence — profile coefficient,LOW,Load as schedule data; reclassify if later shown as driver,NONE,RESOLVED
D07560CA6C1A762716E1927A130E7CA697DB0AB9BDA8E8A33C7A0ACBB6FDBFEA,Block_TC,E21,93.089303893063,,colhdr:E2:OPEX | colhdr:E3:$mm,OPEX | $mm,M-CP-03 Costs,FORMULA COEFFICIENT,FORMULA COEFFICIENT,Schedule/cost grid numeric without independent input evidence — profile coefficient,LOW,Load as schedule data; reclassify if later shown as driver,NONE,RESOLVED
D07560CA6C1A762716E1927A130E7CA697DB0AB9BDA8E8A33C7A0ACBB6FDBFEA,Block_TC,E22,93.1611150332542,,colhdr:E2:OPEX | colhdr:E3:$mm,OPEX | $mm,M-CP-03 Costs,FORMULA COEFFICIENT,FORMULA COEFFICIENT,Schedule/cost grid numeric without independent input evidence — profile coefficient,LOW,Load as schedule data; reclassify if later shown as driver,NONE,RESOLVED
D07560CA6C1A762716E1927A130E7CA697DB0AB9BDA8E8A33C7A0ACBB6FDBFEA,Block_TC,E23,74.2654052253091,,colhdr:E2:OPEX | colhdr:E3:$mm,OPEX | $mm,M-CP-03 Costs,FORMULA COEFFICIENT,FORMULA COEFFICIENT,Schedule/cost grid numeric without independent input evidence — profile coefficient,LOW,Load as schedule data; reclassify if later shown as driver,NONE,RESOLVED
D07560CA6C1A762716E1927A130E7CA697DB0AB9BDA8E8A33C7A0ACBB6FDBFEA,Block_TC,E24,68.5801486732107,,colhdr:E2:OPEX | colhdr:E3:$mm,OPEX | $mm,M-CP-03 Costs,FORMULA COEFFICIENT,FORMULA COEFFICIENT,Schedule/cost grid numeric without independent input evidence — profile coefficient,LOW,Load as schedule data; reclassify if later shown as driver,NONE,RESOLVED
D07560CA6C1A762716E1927A130E7CA697DB0AB9BDA8E8A33C7A0ACBB6FDBFEA,Block_TC,E25,57.7872298565662,,colhdr:E2:OPEX | colhdr:E3:$mm,OPEX | $mm,M-CP-03 Costs,FORMULA COEFFICIENT,FORMULA COEFFICIENT,Schedule/cost grid numeric without independent input evidence — profile coefficient,LOW,Load as schedule data; reclassify if later shown as driver,NONE,RESOLVED
D07560CA6C1A762716E1927A130E7CA697DB0AB9BDA8E8A33C7A0ACBB6FDBFEA,Block_TC,E26,53.6882038755967,,colhdr:E2:OPEX | colhdr:E3:$mm,OPEX | $mm,M-CP-03 Costs,FORMULA COEFFICIENT,FORMULA COEFFICIENT,Schedule/cost grid numeric without independent input evidence — profile coefficient,LOW,Load as schedule data; reclassify if later shown as driver,NONE,RESOLVED
D07560CA6C1A762716E1927A130E7CA697DB0AB9BDA8E8A33C7A0ACBB6FDBFEA,Block_TC,FJ26,2.40142604677782,,,,M-CP-03 Costs,FORMULA COEFFICIENT,FORMULA COEFFICIENT,Schedule/cost grid numeric without independent input evidence — profile coefficient,LOW,Load as schedule data; reclassify if later shown as driver,NONE,RESOLVED
D07560CA6C1A762716E1927A130E7CA697DB0AB9BDA8E8A33C7A0ACBB6FDBFEA,Block_TC,E27,50.0922350223292,,colhdr:E2:OPEX | colhdr:E3:$mm,OPEX | $mm,M-CP-03 Costs,FORMULA COEFFICIENT,FORMULA COEFFICIENT,Schedule/cost grid numeric without independent input evidence — profile coefficient,LOW,Load as schedule data; reclassify if later shown as driver,NONE,RESOLVED
D07560CA6C1A762716E1927A130E7CA697DB0AB9BDA8E8A33C7A0ACBB6FDBFEA,Block_TC,E28,42.8488823648651,,colhdr:E2:OPEX | colhdr:E3:$mm,OPEX | $mm,M-CP-03 Costs,FORMULA COEFFICIENT,FORMULA COEFFICIENT,Schedule/cost grid numeric without independent input evidence — profile coefficient,LOW,Load as schedule data; reclassify if later shown as driver,NONE,RESOLVED
D07560CA6C1A762716E1927A130E7CA697DB0AB9BDA8E8A33C7A0ACBB6FDBFEA,Block_TC,E29,40.67241668327,,colhdr:E2:OPEX | colhdr:E3:$mm,OPEX | $mm,M-CP-03 Costs,FORMULA COEFFICIENT,FORMULA COEFFICIENT,Schedule/cost grid numeric without independent input evidence — profile coefficient,LOW,Load as schedule data; reclassify if later shown as driver,NONE,RESOLVED
D07560CA6C1A762716E1927A130E7CA697DB0AB9BDA8E8A33C7A0ACBB6FDBFEA,Block_TC,E30,38.7272258587158,,colhdr:E2:OPEX | colhdr:E3:$mm,OPEX | $mm,M-CP-03 Costs,FORMULA COEFFICIENT,FORMULA COEFFICIENT,Schedule/cost grid numeric without independent input evidence — profile coefficient,LOW,Load as schedule data; reclassify if later shown as driver,NONE,RESOLVED
D07560CA6C1A762716E1927A130E7CA697DB0AB9BDA8E8A33C7A0ACBB6FDBFEA,Block_TC,E31,36.9835820234511,,colhdr:E2:OPEX | colhdr:E3:$mm,OPEX | $mm,M-CP-03 Costs,FORMULA COEFFICIENT,FORMULA COEFFICIENT,Schedule/cost grid numeric without independent input evidence — profile coefficient,LOW,Load as schedule data; reclassify if later shown as driver,NONE,RESOLVED
D07560CA6C1A762716E1927A130E7CA697DB0AB9BDA8E8A33C7A0ACBB6FDBFEA,Block_TC,E32,35.4159561051845,,colhdr:E2:OPEX | colhdr:E3:$mm,OPEX | $mm,M-CP-03 Costs,FORMULA COEFFICIENT,FORMULA COEFFICIENT,Schedule/cost grid numeric without independent input evidence — profile coefficient,LOW,Load as schedule data; reclassify if later shown as driver,NONE,RESOLVED
D07560CA6C1A762716E1927A130E7CA697DB0AB9BDA8E8A33C7A0ACBB6FDBFEA,Block_TC,E33,0.777973575141114,,colhdr:E2:OPEX | colhdr:E3:$mm,OPEX | $mm,M-CP-03 Costs,FORMULA COEFFICIENT,FORMULA COEFFICIENT,Unit interval without strong economic label: opex $mm,LOW,Critical path parameter surface,NONE,RESOLVED
D07560CA6C1A762716E1927A130E7CA697DB0AB9BDA8E8A33C7A0ACBB6FDBFEA,Block_TC,B49,0.995,,colhdr:B2:Exploration | colhdr:B3:$mm,Exploration | $mm,M-CP-03 Costs,FORMULA COEFFICIENT,FORMULA COEFFICIENT,Unit interval without strong economic label: exploration $mm,LOW,Critical path parameter surface,NONE,RESOLVED
D07560CA6C1A762716E1927A130E7CA697DB0AB9BDA8E8A33C7A0ACBB6FDBFEA,Block_TC,K49,0.05,,left:J49:Fixed | colhdr:K2:OPEX | colhdr:K3:$mm,Fixed | OPEX | $mm,M-CP-03 Costs,FORMULA COEFFICIENT,FORMULA COEFFICIENT,Unit interval without strong economic label: fixed opex $mm,LOW,Critical path parameter surface,NONE,RESOLVED
D07560CA6C1A762716E1927A130E7CA697DB0AB9BDA8E8A33C7A0ACBB6FDBFEA,Block_TC,Q49,0.06,,left:J49:Fixed | colhdr:Q2:OPEX | colhdr:Q3:$mm,Fixed | OPEX | $mm,M-CP-03 Costs,FORMULA COEFFICIENT,FORMULA COEFFICIENT,Unit interval without strong economic label: fixed opex $mm,LOW,Critical path parameter surface,NONE,RESOLVED
D07560CA6C1A762716E1927A130E7CA697DB0AB9BDA8E8A33C7A0ACBB6FDBFEA,Block_TC,W49,0.02,,colhdr:W2:OPEX | colhdr:W3:$mm,OPEX | $mm,M-CP-03 Costs,FORMULA COEFFICIENT,FORMULA COEFFICIENT,Unit interval without strong economic label: opex $mm,LOW,Critical path parameter surface,NONE,RESOLVED
D07560CA6C1A762716E1927A130E7CA697DB0AB9BDA8E8A33C7A0ACBB6FDBFEA,Block_TC,AC49,0.02,,colhdr:AC2:OPEX | colhdr:AC3:$mm,OPEX | $mm,M-CP-03 Costs,FORMULA COEFFICIENT,FORMULA COEFFICIENT,Unit interval without strong economic label: opex $mm,LOW,Critical path parameter surface,NONE,RESOLVED
D07560CA6C1A762716E1927A130E7CA697DB0AB9BDA8E8A33C7A0ACBB6FDBFEA,Block_TC,B50,32.753,,colhdr:B2:Exploration | colhdr:B3:$mm,Exploration | $mm,M-CP-03 Costs,FORMULA COEFFICIENT,FORMULA COEFFICIENT,Schedule/cost grid numeric without independent input evidence — profile coefficient,LOW,Load as schedule data; reclassify if later shown as driver,NONE,RESOLVED
D07560CA6C1A762716E1927A130E7CA697DB0AB9BDA8E8A33C7A0ACBB6FDBFEA,Block_TC,K50,2,,left:J50:Vopex | colhdr:K2:OPEX | colhdr:K3:$mm,Vopex | OPEX | $mm,M-CP-03 Costs,DEFAULT/STRUCTURAL,DEFAULT/STRUCTURAL,Small integer likely index/count: vopex opex $mm,LOW,Critical path parameter surface,NONE,RESOLVED
D07560CA6C1A762716E1927A130E7CA697DB0AB9BDA8E8A33C7A0ACBB6FDBFEA,Block_TC,Q50,5,,left:P50:Vopex | colhdr:Q2:OPEX | colhdr:Q3:$mm,Vopex | OPEX | $mm,M-CP-03 Costs,DEFAULT/STRUCTURAL,DEFAULT/STRUCTURAL,Small integer likely index/count: vopex opex $mm,LOW,Critical path parameter surface,NONE,RESOLVED
D07560CA6C1A762716E1927A130E7CA697DB0AB9BDA8E8A33C7A0ACBB6FDBFEA,Block_TC,W50,5,,left:V50:Vopex | colhdr:W2:OPEX | colhdr:W3:$mm,Vopex | OPEX | $mm,M-CP-03 Costs,DEFAULT/STRUCTURAL,DEFAULT/STRUCTURAL,Small integer likely index/count: vopex opex $mm,LOW,Critical path parameter surface,NONE,RESOLVED
D07560CA6C1A762716E1927A130E7CA697DB0AB9BDA8E8A33C7A0ACBB6FDBFEA,Block_TC,AC50,5.411,,left:AB50:Vopex | colhdr:AC2:OPEX | colhdr:AC3:$mm,Vopex | OPEX | $mm,M-CP-03 Costs,FORMULA COEFFICIENT,FORMULA COEFFICIENT,Schedule/cost grid numeric without independent input evidence — profile coefficient,LOW,Load as schedule data; reclassify if later shown as driver,NONE,RESOLVED
D07560CA6C1A762716E1927A130E7CA697DB0AB9BDA8E8A33C7A0ACBB6FDBFEA,Block_TC,B51,1.8636,,colhdr:B2:Exploration | colhdr:B3:$mm,Exploration | $mm,M-CP-03 Costs,FORMULA COEFFICIENT,FORMULA COEFFICIENT,Schedule/cost grid numeric without independent input evidence — profile coefficient,LOW,Load as schedule data; reclassify if later shown as driver,NONE,RESOLVED
D07560CA6C1A762716E1927A130E7CA697DB0AB9BDA8E8A33C7A0ACBB6FDBFEA,Block_TC_Gas,EP1,0.1,,left:EN1:Abandonment | row:A1:FIELD NAME:,Abandonment | FIELD NAME:,M-CP-03 Costs,FORMULA COEFFICIENT,FORMULA COEFFICIENT,Unit interval without strong economic label: abandonment field name:,LOW,Critical path parameter surface,NONE,RESOLVED
D07560CA6C1A762716E1927A130E7CA697DB0AB9BDA8E8A33C7A0ACBB6FDBFEA,Block_TC_Gas,FS3,0,,left:FR3:$mm | row:B3:$mm,$mm | $mm,M-CP-03 Costs,DEFAULT/STRUCTURAL,DEFAULT/STRUCTURAL,Zero literal common structural seed,MEDIUM,Critical path parameter surface,NONE,RESOLVED
D07560CA6C1A762716E1927A130E7CA697DB0AB9BDA8E8A33C7A0ACBB6FDBFEA,Block_TC_Gas,A4,2023,,above:A1:FIELD NAME: | colhdr:A1:FIELD NAME:,FIELD NAME: | FIELD NAME:,M-CP-03 Costs,ASSUMPTION,ASSUMPTION,Calendar year-like value; labels=field name: field name:,MEDIUM,Critical path parameter surface,NONE,RESOLVED
D07560CA6C1A762716E1927A130E7CA697DB0AB9BDA8E8A33C7A0ACBB6FDBFEA,Block_TC_Gas,C7,0,,above:C3:$mm | colhdr:C2:CAPEX Wells | colhdr:C3:$mm,$mm | CAPEX Wells | $mm,M-CP-03 Costs,DEFAULT/STRUCTURAL,DEFAULT/STRUCTURAL,Zero literal common structural seed,MEDIUM,Critical path parameter surface,NONE,RESOLVED
D07560CA6C1A762716E1927A130E7CA697DB0AB9BDA8E8A33C7A0ACBB6FDBFEA,Block_TC_Gas,D7,17.2161008551775,,above:D3:$mm | colhdr:D2:CAPEX Facilities | colhdr:D3:$mm,$mm | CAPEX Facilities | $mm,M-CP-03 Costs,FORMULA COEFFICIENT,FORMULA COEFFICIENT,Schedule/cost grid numeric without independent input evidence — profile coefficient,LOW,Load as schedule data; reclassify if later shown as driver,NONE,RESOLVED
D07560CA6C1A762716E1927A130E7CA697DB0AB9BDA8E8A33C7A0ACBB6FDBFEA,Block_TC_Gas,C8,0,,above:C3:$mm | colhdr:C2:CAPEX Wells | colhdr:C3:$mm,$mm | CAPEX Wells | $mm,M-CP-03 Costs,DEFAULT/STRUCTURAL,DEFAULT/STRUCTURAL,Zero literal common structural seed,MEDIUM,Critical path parameter surface,NONE,RESOLVED
D07560CA6C1A762716E1927A130E7CA697DB0AB9BDA8E8A33C7A0ACBB6FDBFEA,Block_TC_Gas,D8,105.854509815951,,above:D3:$mm | colhdr:D2:CAPEX Facilities | colhdr:D3:$mm,$mm | CAPEX Facilities | $mm,M-CP-03 Costs,ASSUMPTION,ASSUMPTION,Economic magnitude with label: $mm capex facilities $mm,MEDIUM,Critical path parameter surface,NONE,RESOLVED
D07560CA6C1A762716E1927A130E7CA697DB0AB9BDA8E8A33C7A0ACBB6FDBFEA,Block_TC_Gas,C9,0,,above:C3:$mm | colhdr:C2:CAPEX Wells | colhdr:C3:$mm,$mm | CAPEX Wells | $mm,M-CP-03 Costs,DEFAULT/STRUCTURAL,DEFAULT/STRUCTURAL,Zero literal common structural seed,MEDIUM,Critical path parameter surface,NONE,RESOLVED
D07560CA6C1A762716E1927A130E7CA697DB0AB9BDA8E8A33C7A0ACBB6FDBFEA,Block_TC_Gas,D9,266.173490009295,,above:D3:$mm | colhdr:D2:CAPEX Facilities | colhdr:D3:$mm,$mm | CAPEX Facilities | $mm,M-CP-03 Costs,ASSUMPTION,ASSUMPTION,Economic magnitude with label: $mm capex facilities $mm,MEDIUM,Critical path parameter surface,NONE,RESOLVED
D07560CA6C1A762716E1927A130E7CA697DB0AB9BDA8E8A33C7A0ACBB6FDBFEA,Block_TC_Gas,E9,29.9158686888834,,above:E3:$mm | colhdr:E2:OPEX | colhdr:E3:$mm,$mm | OPEX | $mm,M-CP-03 Costs,FORMULA COEFFICIENT,FORMULA COEFFICIENT,Schedule/cost grid numeric without independent input evidence — profile coefficient,LOW,Load as schedule data; reclassify if later shown as driver,NONE,RESOLVED
D07560CA6C1A762716E1927A130E7CA697DB0AB9BDA8E8A33C7A0ACBB6FDBFEA,Block_TC_Gas,C10,383.733861195064,,above:C3:$mm | colhdr:C2:CAPEX Wells | colhdr:C3:$mm,$mm | CAPEX Wells | $mm,M-CP-03 Costs,ASSUMPTION,ASSUMPTION,Economic magnitude with label: $mm capex wells $mm,MEDIUM,Critical path parameter surface,NONE,RESOLVED
D07560CA6C1A762716E1927A130E7CA697DB0AB9BDA8E8A33C7A0ACBB6FDBFEA,Block_TC_Gas,D10,547.806248373304,,above:D3:$mm | colhdr:D2:CAPEX Facilities | colhdr:D3:$mm,$mm | CAPEX Facilities | $mm,M-CP-03 Costs,ASSUMPTION,ASSUMPTION,Economic magnitude with label: $mm capex facilities $mm,MEDIUM,Critical path parameter surface,NONE,RESOLVED
D07560CA6C1A762716E1927A130E7CA697DB0AB9BDA8E8A33C7A0ACBB6FDBFEA,Block_TC_Gas,E10,32.7865314136963,,above:E3:$mm | colhdr:E2:OPEX | colhdr:E3:$mm,$mm | OPEX | $mm,M-CP-03 Costs,FORMULA COEFFICIENT,FORMULA COEFFICIENT,Schedule/cost grid numeric without independent input evidence — profile coefficient,LOW,Load as schedule data; reclassify if later shown as driver,NONE,RESOLVED
D07560CA6C1A762716E1927A130E7CA697DB0AB9BDA8E8A33C7A0ACBB6FDBFEA,Block_TC_Gas,C11,446.033019603494,,above:C3:$mm | colhdr:C2:CAPEX Wells | colhdr:C3:$mm,$mm | CAPEX Wells | $mm,M-CP-03 Costs,ASSUMPTION,ASSUMPTION,Economic magnitude with label: $mm capex wells $mm,MEDIUM,Critical path parameter surface,NONE,RESOLVED
D07560CA6C1A762716E1927A130E7CA697DB0AB9BDA8E8A33C7A0ACBB6FDBFEA,Block_TC_Gas,D11,815.112388882692,,above:D3:$mm | colhdr:D2:CAPEX Facilities | colhdr:D3:$mm,$mm | CAPEX Facilities | $mm,M-CP-03 Costs,ASSUMPTION,ASSUMPTION,Economic magnitude with label: $mm capex facilities $mm,MEDIUM,Critical path parameter surface,NONE,RESOLVED
D07560CA6C1A762716E1927A130E7CA697DB0AB9BDA8E8A33C7A0ACBB6FDBFEA,Block_TC_Gas,E11,38.6252788610571,,above:E3:$mm | colhdr:E2:OPEX | colhdr:E3:$mm,$mm | OPEX | $mm,M-CP-03 Costs,FORMULA COEFFICIENT,FORMULA COEFFICIENT,Schedule/cost grid numeric without independent input evidence — profile coefficient,LOW,Load as schedule data; reclassify if later shown as driver,NONE,RESOLVED
D07560CA6C1A762716E1927A130E7CA697DB0AB9BDA8E8A33C7A0ACBB6FDBFEA,Block_TC_Gas,C12,65.3569943158187,,colhdr:C2:CAPEX Wells | colhdr:C3:$mm,CAPEX Wells | $mm,M-CP-03 Costs,FORMULA COEFFICIENT,FORMULA COEFFICIENT,Schedule/cost grid numeric without independent input evidence — profile coefficient,LOW,Load as schedule data; reclassify if later shown as driver,NONE,RESOLVED
D07560CA6C1A762716E1927A130E7CA697DB0AB9BDA8E8A33C7A0ACBB6FDBFEA,Block_TC_Gas,D12,108.070738055401,,colhdr:D2:CAPEX Facilities | colhdr:D3:$mm,CAPEX Facilities | $mm,M-CP-03 Costs,ASSUMPTION,ASSUMPTION,Economic magnitude with label: capex facilities $mm,MEDIUM,Critical path parameter surface,NONE,RESOLVED
D07560CA6C1A762716E1927A130E7CA697DB0AB9BDA8E8A33C7A0ACBB6FDBFEA,Block_TC_Gas,E12,48.7275155718873,,colhdr:E2:OPEX | colhdr:E3:$mm,OPEX | $mm,M-CP-03 Costs,FORMULA COEFFICIENT,FORMULA COEFFICIENT,Schedule/cost grid numeric without independent input evidence — profile coefficient,LOW,Load as schedule data; reclassify if later shown as driver,NONE,RESOLVED
D07560CA6C1A762716E1927A130E7CA697DB0AB9BDA8E8A33C7A0ACBB6FDBFEA,Block_TC_Gas,C13,0,,colhdr:C2:CAPEX Wells | colhdr:C3:$mm,CAPEX Wells | $mm,M-CP-03 Costs,DEFAULT/STRUCTURAL,DEFAULT/STRUCTURAL,Zero literal common structural seed,MEDIUM,Critical path parameter surface,NONE,RESOLVED
D07560CA6C1A762716E1927A130E7CA697DB0AB9BDA8E8A33C7A0ACBB6FDBFEA,Block_TC_Gas,D13,0,,colhdr:D2:CAPEX Facilities | colhdr:D3:$mm,CAPEX Facilities | $mm,M-CP-03 Costs,DEFAULT/STRUCTURAL,DEFAULT/STRUCTURAL,Zero literal common structural seed,MEDIUM,Critical path parameter surface,NONE,RESOLVED
D07560CA6C1A762716E1927A130E7CA697DB0AB9BDA8E8A33C7A0ACBB6FDBFEA,Block_TC_Gas,E13,47.0892877865891,,colhdr:E2:OPEX | colhdr:E3:$mm,OPEX | $mm,M-CP-03 Costs,FORMULA COEFFICIENT,FORMULA COEFFICIENT,Schedule/cost grid numeric without independent input evidence — profile coefficient,LOW,Load as schedule data; reclassify if later shown as driver,NONE,RESOLVED
D07560CA6C1A762716E1927A130E7CA697DB0AB9BDA8E8A33C7A0ACBB6FDBFEA,Block_TC_Gas,C14,0,,colhdr:C2:CAPEX Wells | colhdr:C3:$mm,CAPEX Wells | $mm,M-CP-03 Costs,DEFAULT/STRUCTURAL,DEFAULT/STRUCTURAL,Zero literal common structural seed,MEDIUM,Critical path parameter surface,NONE,RESOLVED
D07560CA6C1A762716E1927A130E7CA697DB0AB9BDA8E8A33C7A0ACBB6FDBFEA,Block_TC_Gas,D14,0,,colhdr:D2:CAPEX Facilities | colhdr:D3:$mm,CAPEX Facilities | $mm,M-CP-03 Costs,DEFAULT/STRUCTURAL,DEFAULT/STRUCTURAL,Zero literal common structural seed,MEDIUM,Critical path parameter surface,NONE,RESOLVED
D07560CA6C1A762716E1927A130E7CA697DB0AB9BDA8E8A33C7A0ACBB6FDBFEA,Block_TC_Gas,E14,43.6240338308585,,colhdr:E2:OPEX | colhdr:E3:$mm,OPEX | $mm,M-CP-03 Costs,FORMULA COEFFICIENT,FORMULA COEFFICIENT,Schedule/cost grid numeric without independent input evidence — profile coefficient,LOW,Load as schedule data; reclassify if later shown as driver,NONE,RESOLVED
D07560CA6C1A762716E1927A130E7CA697DB0AB9BDA8E8A33C7A0ACBB6FDBFEA,Block_TC_Gas,C15,152.499653403577,,colhdr:C2:CAPEX Wells | colhdr:C3:$mm,CAPEX Wells | $mm,M-CP-03 Costs,ASSUMPTION,ASSUMPTION,Economic magnitude with label: capex wells $mm,MEDIUM,Critical path parameter surface,NONE,RESOLVED
D07560CA6C1A762716E1927A130E7CA697DB0AB9BDA8E8A33C7A0ACBB6FDBFEA,Block_TC_Gas,D15,0,,colhdr:D2:CAPEX Facilities | colhdr:D3:$mm,CAPEX Facilities | $mm,M-CP-03 Costs,DEFAULT/STRUCTURAL,DEFAULT/STRUCTURAL,Zero literal common structural seed,MEDIUM,Critical path parameter surface,NONE,RESOLVED
D07560CA6C1A762716E1927A130E7CA697DB0AB9BDA8E8A33C7A0ACBB6FDBFEA,Block_TC_Gas,E15,54.9022813976653,,colhdr:E2:OPEX | colhdr:E3:$mm,OPEX | $mm,M-CP-03 Costs,FORMULA COEFFICIENT,FORMULA COEFFICIENT,Schedule/cost grid numeric without independent input evidence — profile coefficient,LOW,Load as schedule data; reclassify if later shown as driver,NONE,RESOLVED
D07560CA6C1A762716E1927A130E7CA697DB0AB9BDA8E8A33C7A0ACBB6FDBFEA,Block_TC_Gas,E16,50.2693169404138,,colhdr:E2:OPEX | colhdr:E3:$mm,OPEX | $mm,M-CP-03 Costs,FORMULA COEFFICIENT,FORMULA COEFFICIENT,Schedule/cost grid numeric without independent input evidence — profile coefficient,LOW,Load as schedule data; reclassify if later shown as driver,NONE,RESOLVED
D07560CA6C1A762716E1927A130E7CA697DB0AB9BDA8E8A33C7A0ACBB6FDBFEA,Block_TC_Gas,E17,45.009409880409,,colhdr:E2:OPEX | colhdr:E3:$mm,OPEX | $mm,M-CP-03 Costs,FORMULA COEFFICIENT,FORMULA COEFFICIENT,Schedule/cost grid numeric without independent input evidence — profile coefficient,LOW,Load as schedule data; reclassify if later shown as driver,NONE,RESOLVED
D07560CA6C1A762716E1927A130E7CA697DB0AB9BDA8E8A33C7A0ACBB6FDBFEA,Block_TC_Gas,E18,40.7325979737673,,colhdr:E2:OPEX | colhdr:E3:$mm,OPEX | $mm,M-CP-03 Costs,FORMULA COEFFICIENT,FORMULA COEFFICIENT,Schedule/cost grid numeric without independent input evidence — profile coefficient,LOW,Load as schedule data; reclassify if later shown as driver,NONE,RESOLVED
D07560CA6C1A762716E1927A130E7CA697DB0AB9BDA8E8A33C7A0ACBB6FDBFEA,Block_TC_Gas,E19,37.0555582457606,,colhdr:E2:OPEX | colhdr:E3:$mm,OPEX | $mm,M-CP-03 Costs,FORMULA COEFFICIENT,FORMULA COEFFICIENT,Schedule/cost grid numeric without independent input evidence — profile coefficient,LOW,Load as schedule data; reclassify if later shown as driver,NONE,RESOLVED
D07560CA6C1A762716E1927A130E7CA697DB0AB9BDA8E8A33C7A0ACBB6FDBFEA,Block_TC_Gas,E20,33.8897395141511,,colhdr:E2:OPEX | colhdr:E3:$mm,OPEX | $mm,M-CP-03 Costs,FORMULA COEFFICIENT,FORMULA COEFFICIENT,Schedule/cost grid numeric without independent input evidence — profile coefficient,LOW,Load as schedule data; reclassify if later shown as driver,NONE,RESOLVED
D07560CA6C1A762716E1927A130E7CA697DB0AB9BDA8E8A33C7A0ACBB6FDBFEA,Block_TC_Gas,E21,33.5438180993356,,colhdr:E2:OPEX | colhdr:E3:$mm,OPEX | $mm,M-CP-03 Costs,FORMULA COEFFICIENT,FORMULA COEFFICIENT,Schedule/cost grid numeric without independent input evidence — profile coefficient,LOW,Load as schedule data; reclassify if later shown as driver,NONE,RESOLVED
D07560CA6C1A762716E1927A130E7CA697DB0AB9BDA8E8A33C7A0ACBB6FDBFEA,Block_TC_Gas,E22,33.5696945397357,,colhdr:E2:OPEX | colhdr:E3:$mm,OPEX | $mm,M-CP-03 Costs,FORMULA COEFFICIENT,FORMULA COEFFICIENT,Schedule/cost grid numeric without independent input evidence — profile coefficient,LOW,Load as schedule data; reclassify if later shown as driver,NONE,RESOLVED
D07560CA6C1A762716E1927A130E7CA697DB0AB9BDA8E8A33C7A0ACBB6FDBFEA,Block_TC_Gas,E23,26.7608107459149,,colhdr:E2:OPEX | colhdr:E3:$mm,OPEX | $mm,M-CP-03 Costs,FORMULA COEFFICIENT,FORMULA COEFFICIENT,Schedule/cost grid numeric without independent input evidence — profile coefficient,LOW,Load as schedule data; reclassify if later shown as driver,NONE,RESOLVED
D07560CA6C1A762716E1927A130E7CA697DB0AB9BDA8E8A33C7A0ACBB6FDBFEA,Block_TC_Gas,E24,24.7121842801856,,colhdr:E2:OPEX | colhdr:E3:$mm,OPEX | $mm,M-CP-03 Costs,FORMULA COEFFICIENT,FORMULA COEFFICIENT,Schedule/cost grid numeric without independent input evidence — profile coefficient,LOW,Load as schedule data; reclassify if later shown as driver,NONE,RESOLVED
D07560CA6C1A762716E1927A130E7CA697DB0AB9BDA8E8A33C7A0ACBB6FDBFEA,Block_TC_Gas,E25,20.8230617880644,,colhdr:E2:OPEX | colhdr:E3:$mm,OPEX | $mm,M-CP-03 Costs,FORMULA COEFFICIENT,FORMULA COEFFICIENT,Schedule/cost grid numeric without independent input evidence — profile coefficient,LOW,Load as schedule data; reclassify if later shown as driver,NONE,RESOLVED
D07560CA6C1A762716E1927A130E7CA697DB0AB9BDA8E8A33C7A0ACBB6FDBFEA,Block_TC_Gas,E26,19.3460179587535,,colhdr:E2:OPEX | colhdr:E3:$mm,OPEX | $mm,M-CP-03 Costs,FORMULA COEFFICIENT,FORMULA COEFFICIENT,Schedule/cost grid numeric without independent input evidence — profile coefficient,LOW,Load as schedule data; reclassify if later shown as driver,NONE,RESOLVED
D07560CA6C1A762716E1927A130E7CA697DB0AB9BDA8E8A33C7A0ACBB6FDBFEA,Block_TC_Gas,FF26,2.40142604677782,,,,M-CP-03 Costs,FORMULA COEFFICIENT,FORMULA COEFFICIENT,Schedule/cost grid numeric without independent input evidence — profile coefficient,LOW,Load as schedule data; reclassify if later shown as driver,NONE,RESOLVED
D07560CA6C1A762716E1927A130E7CA697DB0AB9BDA8E8A33C7A0ACBB6FDBFEA,Block_TC_Gas,E27,18.050245833919,,colhdr:E2:OPEX | colhdr:E3:$mm,OPEX | $mm,M-CP-03 Costs,FORMULA COEFFICIENT,FORMULA COEFFICIENT,Schedule/cost grid numeric without independent input evidence — profile coefficient,LOW,Load as schedule data; reclassify if later shown as driver,NONE,RESOLVED
D07560CA6C1A762716E1927A130E7CA697DB0AB9BDA8E8A33C7A0ACBB6FDBFEA,Block_TC_Gas,E28,15.4401747107056,,colhdr:E2:OPEX | colhdr:E3:$mm,OPEX | $mm,M-CP-03 Costs,FORMULA COEFFICIENT,FORMULA COEFFICIENT,Schedule/cost grid numeric without independent input evidence — profile coefficient,LOW,Load as schedule data; reclassify if later shown as driver,NONE,RESOLVED
D07560CA6C1A762716E1927A130E7CA697DB0AB9BDA8E8A33C7A0ACBB6FDBFEA,Block_TC_Gas,E29,14.6559066383314,,colhdr:E2:OPEX | colhdr:E3:$mm,OPEX | $mm,M-CP-03 Costs,FORMULA COEFFICIENT,FORMULA COEFFICIENT,Schedule/cost grid numeric without independent input evidence — profile coefficient,LOW,Load as schedule data; reclassify if later shown as driver,NONE,RESOLVED
D07560CA6C1A762716E1927A130E7CA697DB0AB9BDA8E8A33C7A0ACBB6FDBFEA,Block_TC_Gas,E30,13.9549761934943,,colhdr:E2:OPEX | colhdr:E3:$mm,OPEX | $mm,M-CP-03 Costs,FORMULA COEFFICIENT,FORMULA COEFFICIENT,Schedule/cost grid numeric without independent input evidence — profile coefficient,LOW,Load as schedule data; reclassify if later shown as driver,NONE,RESOLVED
D07560CA6C1A762716E1927A130E7CA697DB0AB9BDA8E8A33C7A0ACBB6FDBFEA,Block_TC_Gas,E31,13.3266712304737,,colhdr:E2:OPEX | colhdr:E3:$mm,OPEX | $mm,M-CP-03 Costs,FORMULA COEFFICIENT,FORMULA COEFFICIENT,Schedule/cost grid numeric without independent input evidence — profile coefficient,LOW,Load as schedule data; reclassify if later shown as driver,NONE,RESOLVED
D07560CA6C1A762716E1927A130E7CA697DB0AB9BDA8E8A33C7A0ACBB6FDBFEA,Block_TC_Gas,E32,12.7617925983319,,colhdr:E2:OPEX | colhdr:E3:$mm,OPEX | $mm,M-CP-03 Costs,FORMULA COEFFICIENT,FORMULA COEFFICIENT,Schedule/cost grid numeric without independent input evidence — profile coefficient,LOW,Load as schedule data; reclassify if later shown as driver,NONE,RESOLVED
D07560CA6C1A762716E1927A130E7CA697DB0AB9BDA8E8A33C7A0ACBB6FDBFEA,Block_TC_Gas,E33,0.280335151293015,,colhdr:E2:OPEX | colhdr:E3:$mm,OPEX | $mm,M-CP-03 Costs,FORMULA COEFFICIENT,FORMULA COEFFICIENT,Unit interval without strong economic label: opex $mm,LOW,Critical path parameter surface,NONE,RESOLVED
D07560CA6C1A762716E1927A130E7CA697DB0AB9BDA8E8A33C7A0ACBB6FDBFEA,Block_TC_Gas,K49,0.02,,colhdr:K2:OPEX | colhdr:K3:$mm,OPEX | $mm,M-CP-03 Costs,FORMULA COEFFICIENT,FORMULA COEFFICIENT,Unit interval without strong economic label: opex $mm,LOW,Critical path parameter surface,NONE,RESOLVED
D07560CA6C1A762716E1927A130E7CA697DB0AB9BDA8E8A33C7A0ACBB6FDBFEA,Block_TC_Gas,P49,0.02,,left:O49:Fixed | colhdr:P2:OPEX | colhdr:P3:$mm,Fixed | OPEX | $mm,M-CP-03 Costs,FORMULA COEFFICIENT,FORMULA COEFFICIENT,Unit interval without strong economic label: fixed opex $mm,LOW,Critical path parameter surface,NONE,RESOLVED
D07560CA6C1A762716E1927A130E7CA697DB0AB9BDA8E8A33C7A0ACBB6FDBFEA,Block_TC_Gas,U49,0.01,,left:T49:Fixed | colhdr:U2:OPEX | colhdr:U3:$mm,Fixed | OPEX | $mm,M-CP-03 Costs,FORMULA COEFFICIENT,FORMULA COEFFICIENT,Unit interval without strong economic label: fixed opex $mm,LOW,Critical path parameter surface,NONE,RESOLVED
D07560CA6C1A762716E1927A130E7CA697DB0AB9BDA8E8A33C7A0ACBB6FDBFEA,Block_TC_Gas,Z49,0.01,,left:Y49:Fixed | colhdr:Z2:OPEX | colhdr:Z3:$mm,Fixed | OPEX | $mm,M-CP-03 Costs,FORMULA COEFFICIENT,FORMULA COEFFICIENT,Unit interval without strong economic label: fixed opex $mm,LOW,Critical path parameter surface,NONE,RESOLVED
D07560CA6C1A762716E1927A130E7CA697DB0AB9BDA8E8A33C7A0ACBB6FDBFEA,Block_TC_Gas,P50,0.5,,left:O50:Vopex | colhdr:P2:OPEX | colhdr:P3:$mm,Vopex | OPEX | $mm,M-CP-03 Costs,FORMULA COEFFICIENT,FORMULA COEFFICIENT,Unit interval without strong economic label: vopex opex $mm,LOW,Critical path parameter surface,NONE,RESOLVED
D07560CA6C1A762716E1927A130E7CA697DB0AB9BDA8E8A33C7A0ACBB6FDBFEA,Block_TC_Gas,U50,0.2,,left:T50:Vopex | colhdr:U2:OPEX | colhdr:U3:$mm,Vopex | OPEX | $mm,M-CP-03 Costs,FORMULA COEFFICIENT,FORMULA COEFFICIENT,Unit interval without strong economic label: vopex opex $mm,LOW,Critical path parameter surface,NONE,RESOLVED
D07560CA6C1A762716E1927A130E7CA697DB0AB9BDA8E8A33C7A0ACBB6FDBFEA,Block_TC_Gas,Z50,0.9925,,left:Y50:Vopex | colhdr:Z2:OPEX | colhdr:Z3:$mm,Vopex | OPEX | $mm,M-CP-03 Costs,FORMULA COEFFICIENT,FORMULA COEFFICIENT,Unit interval without strong economic label: vopex opex $mm,LOW,Critical path parameter surface,NONE,RESOLVED
D07560CA6C1A762716E1927A130E7CA697DB0AB9BDA8E8A33C7A0ACBB6FDBFEA,Block_TC_Gas,DS63,14.1727843333333,,colhdr:DS2:Exploration | colhdr:DS3:$mm,Exploration | $mm,M-CP-03 Costs,FORMULA COEFFICIENT,FORMULA COEFFICIENT,Schedule/cost grid numeric without independent input evidence — profile coefficient,LOW,Load as schedule data; reclassify if later shown as driver,NONE,RESOLVED
D07560CA6C1A762716E1927A130E7CA697DB0AB9BDA8E8A33C7A0ACBB6FDBFEA,Block_TC_Gas,DT63,42.4054686666667,,colhdr:DT2:CAPEX Wells | colhdr:DT3:$mm,CAPEX Wells | $mm,M-CP-03 Costs,FORMULA COEFFICIENT,FORMULA COEFFICIENT,Schedule/cost grid numeric without independent input evidence — profile coefficient,LOW,Load as schedule data; reclassify if later shown as driver,NONE,RESOLVED
D07560CA6C1A762716E1927A130E7CA697DB0AB9BDA8E8A33C7A0ACBB6FDBFEA,Cap_Allow,GX1,0,,row:A1:FIELD NAME:,FIELD NAME:,M-CP-03 Costs,DEFAULT/STRUCTURAL,DEFAULT/STRUCTURAL,Zero literal common structural seed,MEDIUM,Critical path parameter surface,NONE,RESOLVED
D07560CA6C1A762716E1927A130E7CA697DB0AB9BDA8E8A33C7A0ACBB6FDBFEA,Cap_Allow,HA1,5,,left:GZ1:Life | row:A1:FIELD NAME:,Life | FIELD NAME:,M-CP-03 Costs,DEFAULT/STRUCTURAL,DEFAULT/STRUCTURAL,Small integer likely index/count: life field name:,LOW,Critical path parameter surface,NONE,RESOLVED
D07560CA6C1A762716E1927A130E7CA697DB0AB9BDA8E8A33C7A0ACBB6FDBFEA,Cap_Allow,FS2,0,,left:FR2:Capital Allowance Rates | row:B2:Exploration,Capital Allowance Rates | Exploration,M-CP-03 Costs,DEFAULT/STRUCTURAL,DEFAULT/STRUCTURAL,Zero literal common structural seed,MEDIUM,Critical path parameter surface,NONE,RESOLVED
D07560CA6C1A762716E1927A130E7CA697DB0AB9BDA8E8A33C7A0ACBB6FDBFEA,Cap_Allow,FT2,1,,left:FR2:Capital Allowance Rates | row:B2:Exploration,Capital Allowance Rates | Exploration,M-CP-03 Costs,DEFAULT/STRUCTURAL,DEFAULT/STRUCTURAL,Unity literal; treated as structural unless later contradicted,LOW,Critical path parameter surface,NONE,RESOLVED
D07560CA6C1A762716E1927A130E7CA697DB0AB9BDA8E8A33C7A0ACBB6FDBFEA,Cap_Allow,FU2,2,,left:FR2:Capital Allowance Rates | row:B2:Exploration,Capital Allowance Rates | Exploration,M-CP-03 Costs,DEFAULT/STRUCTURAL,DEFAULT/STRUCTURAL,Small integer likely index/count: capital allowance rates exploration,LOW,Critical path parameter surface,NONE,RESOLVED
D07560CA6C1A762716E1927A130E7CA697DB0AB9BDA8E8A33C7A0ACBB6FDBFEA,Cap_Allow,FV2,3,,left:FR2:Capital Allowance Rates | row:B2:Exploration,Capital Allowance Rates | Exploration,M-CP-03 Costs,DEFAULT/STRUCTURAL,DEFAULT/STRUCTURAL,Small integer likely index/count: capital allowance rates exploration,LOW,Critical path parameter surface,NONE,RESOLVED
D07560CA6C1A762716E1927A130E7CA697DB0AB9BDA8E8A33C7A0ACBB6FDBFEA,Cap_Allow,FW2,4,,left:FR2:Capital Allowance Rates | row:B2:Exploration,Capital Allowance Rates | Exploration,M-CP-03 Costs,DEFAULT/STRUCTURAL,DEFAULT/STRUCTURAL,Small integer likely index/count: capital allowance rates exploration,LOW,Critical path parameter surface,NONE,RESOLVED
D07560CA6C1A762716E1927A130E7CA697DB0AB9BDA8E8A33C7A0ACBB6FDBFEA,Cap_Allow,FX2,5,,left:FR2:Capital Allowance Rates | row:B2:Exploration,Capital Allowance Rates | Exploration,M-CP-03 Costs,DEFAULT/STRUCTURAL,DEFAULT/STRUCTURAL,Small integer likely index/count: capital allowance rates exploration,LOW,Critical path parameter surface,NONE,RESOLVED
D07560CA6C1A762716E1927A130E7CA697DB0AB9BDA8E8A33C7A0ACBB6FDBFEA,Cap_Allow,FY2,6,,left:FR2:Capital Allowance Rates | row:B2:Exploration,Capital Allowance Rates | Exploration,M-CP-03 Costs,DEFAULT/STRUCTURAL,DEFAULT/STRUCTURAL,Small integer likely index/count: capital allowance rates exploration,LOW,Critical path parameter surface,NONE,RESOLVED
D07560CA6C1A762716E1927A130E7CA697DB0AB9BDA8E8A33C7A0ACBB6FDBFEA,Cap_Allow,FZ2,7,,left:FR2:Capital Allowance Rates | row:B2:Exploration,Capital Allowance Rates | Exploration,M-CP-03 Costs,DEFAULT/STRUCTURAL,DEFAULT/STRUCTURAL,Small integer likely index/count: capital allowance rates exploration,LOW,Critical path parameter surface,NONE,RESOLVED
D07560CA6C1A762716E1927A130E7CA697DB0AB9BDA8E8A33C7A0ACBB6FDBFEA,Cap_Allow,GA2,8,,row:B2:Exploration,Exploration,M-CP-03 Costs,DEFAULT/STRUCTURAL,DEFAULT/STRUCTURAL,Small integer likely index/count: exploration,LOW,Critical path parameter surface,NONE,RESOLVED
D07560CA6C1A762716E1927A130E7CA697DB0AB9BDA8E8A33C7A0ACBB6FDBFEA,Cap_Allow,GB2,9,,row:B2:Exploration,Exploration,M-CP-03 Costs,DEFAULT/STRUCTURAL,DEFAULT/STRUCTURAL,Small integer likely index/count: exploration,LOW,Critical path parameter surface,NONE,RESOLVED
D07560CA6C1A762716E1927A130E7CA697DB0AB9BDA8E8A33C7A0ACBB6FDBFEA,Cap_Allow,GC2,10,,row:B2:Exploration,Exploration,M-CP-03 Costs,DEFAULT/STRUCTURAL,DEFAULT/STRUCTURAL,Small integer likely index/count: exploration,LOW,Critical path parameter surface,NONE,RESOLVED
D07560CA6C1A762716E1927A130E7CA697DB0AB9BDA8E8A33C7A0ACBB6FDBFEA,Cap_Allow,GD2,11,,row:B2:Exploration,Exploration,M-CP-03 Costs,DEFAULT/STRUCTURAL,DEFAULT/STRUCTURAL,Small integer likely index/count: exploration,LOW,Critical path parameter surface,NONE,RESOLVED
D07560CA6C1A762716E1927A130E7CA697DB0AB9BDA8E8A33C7A0ACBB6FDBFEA,Cap_Allow,GE2,12,,row:B2:Exploration,Exploration,M-CP-03 Costs,DEFAULT/STRUCTURAL,DEFAULT/STRUCTURAL,Small integer likely index/count: exploration,LOW,Critical path parameter surface,NONE,RESOLVED
D07560CA6C1A762716E1927A130E7CA697DB0AB9BDA8E8A33C7A0ACBB6FDBFEA,Cap_Allow,GF2,13,,row:B2:Exploration,Exploration,M-CP-03 Costs,DEFAULT/STRUCTURAL,DEFAULT/STRUCTURAL,Small integer likely index/count: exploration,LOW,Critical path parameter surface,NONE,RESOLVED
D07560CA6C1A762716E1927A130E7CA697DB0AB9BDA8E8A33C7A0ACBB6FDBFEA,Cap_Allow,GG2,14,,row:B2:Exploration,Exploration,M-CP-03 Costs,DEFAULT/STRUCTURAL,DEFAULT/STRUCTURAL,Small integer likely index/count: exploration,LOW,Critical path parameter surface,NONE,RESOLVED
D07560CA6C1A762716E1927A130E7CA697DB0AB9BDA8E8A33C7A0ACBB6FDBFEA,Cap_Allow,GH2,15,,row:B2:Exploration,Exploration,M-CP-03 Costs,DEFAULT/STRUCTURAL,DEFAULT/STRUCTURAL,Small integer likely index/count: exploration,LOW,Critical path parameter surface,NONE,RESOLVED
D07560CA6C1A762716E1927A130E7CA697DB0AB9BDA8E8A33C7A0ACBB6FDBFEA,Cap_Allow,GI2,16,,row:B2:Exploration,Exploration,M-CP-03 Costs,DEFAULT/STRUCTURAL,DEFAULT/STRUCTURAL,Small integer likely index/count: exploration,LOW,Critical path parameter surface,NONE,RESOLVED
D07560CA6C1A762716E1927A130E7CA697DB0AB9BDA8E8A33C7A0ACBB6FDBFEA,Cap_Allow,GJ2,17,,row:B2:Exploration,Exploration,M-CP-03 Costs,DEFAULT/STRUCTURAL,DEFAULT/STRUCTURAL,Small integer likely index/count: exploration,LOW,Critical path parameter surface,NONE,RESOLVED
D07560CA6C1A762716E1927A130E7CA697DB0AB9BDA8E8A33C7A0ACBB6FDBFEA,Cap_Allow,GK2,18,,row:B2:Exploration,Exploration,M-CP-03 Costs,DEFAULT/STRUCTURAL,DEFAULT/STRUCTURAL,Small integer likely index/count: exploration,LOW,Critical path parameter surface,NONE,RESOLVED
D07560CA6C1A762716E1927A130E7CA697DB0AB9BDA8E8A33C7A0ACBB6FDBFEA,Cap_Allow,GL2,19,,row:B2:Exploration,Exploration,M-CP-03 Costs,DEFAULT/STRUCTURAL,DEFAULT/STRUCTURAL,Small integer likely index/count: exploration,LOW,Critical path parameter surface,NONE,RESOLVED
D07560CA6C1A762716E1927A130E7CA697DB0AB9BDA8E8A33C7A0ACBB6FDBFEA,Cap_Allow,GM2,20,,row:B2:Exploration,Exploration,M-CP-03 Costs,DEFAULT/STRUCTURAL,DEFAULT/STRUCTURAL,Small integer likely index/count: exploration,LOW,Critical path parameter surface,NONE,RESOLVED
D07560CA6C1A762716E1927A130E7CA697DB0AB9BDA8E8A33C7A0ACBB6FDBFEA,Cap_Allow,GN2,21,,row:B2:Exploration,Exploration,M-CP-03 Costs,DEFAULT/STRUCTURAL,DEFAULT/STRUCTURAL,Integer 2-100 without rate label: exploration,LOW,Critical path parameter surface,NONE,RESOLVED
D07560CA6C1A762716E1927A130E7CA697DB0AB9BDA8E8A33C7A0ACBB6FDBFEA,Cap_Allow,GO2,22,,row:B2:Exploration,Exploration,M-CP-03 Costs,DEFAULT/STRUCTURAL,DEFAULT/STRUCTURAL,Integer 2-100 without rate label: exploration,LOW,Critical path parameter surface,NONE,RESOLVED
D07560CA6C1A762716E1927A130E7CA697DB0AB9BDA8E8A33C7A0ACBB6FDBFEA,Cap_Allow,GP2,23,,row:B2:Exploration,Exploration,M-CP-03 Costs,DEFAULT/STRUCTURAL,DEFAULT/STRUCTURAL,Integer 2-100 without rate label: exploration,LOW,Critical path parameter surface,NONE,RESOLVED
D07560CA6C1A762716E1927A130E7CA697DB0AB9BDA8E8A33C7A0ACBB6FDBFEA,Cap_Allow,GQ2,24,,row:B2:Exploration,Exploration,M-CP-03 Costs,DEFAULT/STRUCTURAL,DEFAULT/STRUCTURAL,Integer 2-100 without rate label: exploration,LOW,Critical path parameter surface,NONE,RESOLVED
D07560CA6C1A762716E1927A130E7CA697DB0AB9BDA8E8A33C7A0ACBB6FDBFEA,Cap_Allow,GR2,25,,row:B2:Exploration,Exploration,M-CP-03 Costs,DEFAULT/STRUCTURAL,DEFAULT/STRUCTURAL,Integer 2-100 without rate label: exploration,LOW,Critical path parameter surface,NONE,RESOLVED
D07560CA6C1A762716E1927A130E7CA697DB0AB9BDA8E8A33C7A0ACBB6FDBFEA,Cap_Allow,GS2,26,,row:B2:Exploration,Exploration,M-CP-03 Costs,DEFAULT/STRUCTURAL,DEFAULT/STRUCTURAL,Integer 2-100 without rate label: exploration,LOW,Critical path parameter surface,NONE,RESOLVED
D07560CA6C1A762716E1927A130E7CA697DB0AB9BDA8E8A33C7A0ACBB6FDBFEA,Cap_Allow,GT2,27,,row:B2:Exploration,Exploration,M-CP-03 Costs,DEFAULT/STRUCTURAL,DEFAULT/STRUCTURAL,Integer 2-100 without rate label: exploration,LOW,Critical path parameter surface,NONE,RESOLVED
D07560CA6C1A762716E1927A130E7CA697DB0AB9BDA8E8A33C7A0ACBB6FDBFEA,Cap_Allow,GU2,28,,row:B2:Exploration,Exploration,M-CP-03 Costs,DEFAULT/STRUCTURAL,DEFAULT/STRUCTURAL,Integer 2-100 without rate label: exploration,LOW,Critical path parameter surface,NONE,RESOLVED
D07560CA6C1A762716E1927A130E7CA697DB0AB9BDA8E8A33C7A0ACBB6FDBFEA,Cap_Allow,GV2,29,,row:B2:Exploration,Exploration,M-CP-03 Costs,DEFAULT/STRUCTURAL,DEFAULT/STRUCTURAL,Integer 2-100 without rate label: exploration,LOW,Critical path parameter surface,NONE,RESOLVED
D07560CA6C1A762716E1927A130E7CA697DB0AB9BDA8E8A33C7A0ACBB6FDBFEA,Cap_Allow,A4,2002,,above:A1:FIELD NAME: | colhdr:A1:FIELD NAME:,FIELD NAME: | FIELD NAME:,M-CP-03 Costs,ASSUMPTION,ASSUMPTION,Calendar year-like value; labels=field name: field name:,MEDIUM,Critical path parameter surface,NONE,RESOLVED
D07560CA6C1A762716E1927A130E7CA697DB0AB9BDA8E8A33C7A0ACBB6FDBFEA,Cap_Allow,A5,2003,,above:A1:FIELD NAME: | colhdr:A1:FIELD NAME:,FIELD NAME: | FIELD NAME:,M-CP-03 Costs,ASSUMPTION,ASSUMPTION,Calendar year-like value; labels=field name: field name:,MEDIUM,Critical path parameter surface,NONE,RESOLVED
D07560CA6C1A762716E1927A130E7CA697DB0AB9BDA8E8A33C7A0ACBB6FDBFEA,Cap_Allow,FR5,0.2,,above:FR3:% | colhdr:FR2:Capital Allowance Rates | colhdr:FR3:%,% | Capital Allowance Rates | %,M-CP-03 Costs,ASSUMPTION,ASSUMPTION,Rate/fraction with economic label: % capital allowance rates %,MEDIUM,Critical path parameter surface,NONE,RESOLVED
D07560CA6C1A762716E1927A130E7CA697DB0AB9BDA8E8A33C7A0ACBB6FDBFEA,Cap_Allow,A6,2004,,above:A1:FIELD NAME: | colhdr:A1:FIELD NAME:,FIELD NAME: | FIELD NAME:,M-CP-03 Costs,ASSUMPTION,ASSUMPTION,Calendar year-like value; labels=field name: field name:,MEDIUM,Critical path parameter surface,NONE,RESOLVED
D07560CA6C1A762716E1927A130E7CA697DB0AB9BDA8E8A33C7A0ACBB6FDBFEA,Cap_Allow,FR6,0.2,,above:FR3:% | colhdr:FR2:Capital Allowance Rates | colhdr:FR3:%,% | Capital Allowance Rates | %,M-CP-03 Costs,ASSUMPTION,ASSUMPTION,Rate/fraction with economic label: % capital allowance rates %,MEDIUM,Critical path parameter surface,NONE,RESOLVED
D07560CA6C1A762716E1927A130E7CA697DB0AB9BDA8E8A33C7A0ACBB6FDBFEA,Cap_Allow,A7,2005,,above:A1:FIELD NAME: | colhdr:A1:FIELD NAME:,FIELD NAME: | FIELD NAME:,M-CP-03 Costs,ASSUMPTION,ASSUMPTION,Calendar year-like value; labels=field name: field name:,MEDIUM,Critical path parameter surface,NONE,RESOLVED
D07560CA6C1A762716E1927A130E7CA697DB0AB9BDA8E8A33C7A0ACBB6FDBFEA,Cap_Allow,FR7,0.2,,above:FR3:% | colhdr:FR2:Capital Allowance Rates | colhdr:FR3:%,% | Capital Allowance Rates | %,M-CP-03 Costs,ASSUMPTION,ASSUMPTION,Rate/fraction with economic label: % capital allowance rates %,MEDIUM,Critical path parameter surface,NONE,RESOLVED
D07560CA6C1A762716E1927A130E7CA697DB0AB9BDA8E8A33C7A0ACBB6FDBFEA,Cap_Allow,A8,2006,,above:A1:FIELD NAME: | colhdr:A1:FIELD NAME:,FIELD NAME: | FIELD NAME:,M-CP-03 Costs,ASSUMPTION,ASSUMPTION,Calendar year-like value; labels=field name: field name:,MEDIUM,Critical path parameter surface,NONE,RESOLVED
D07560CA6C1A762716E1927A130E7CA697DB0AB9BDA8E8A33C7A0ACBB6FDBFEA,Cap_Allow,FR8,0.2,,above:FR3:% | colhdr:FR2:Capital Allowance Rates | colhdr:FR3:%,% | Capital Allowance Rates | %,M-CP-03 Costs,ASSUMPTION,ASSUMPTION,Rate/fraction with economic label: % capital allowance rates %,MEDIUM,Critical path parameter surface,NONE,RESOLVED
D07560CA6C1A762716E1927A130E7CA697DB0AB9BDA8E8A33C7A0ACBB6FDBFEA,Cap_Allow,A9,2007,,above:A1:FIELD NAME: | colhdr:A1:FIELD NAME:,FIELD NAME: | FIELD NAME:,M-CP-03 Costs,ASSUMPTION,ASSUMPTION,Calendar year-like value; labels=field name: field name:,MEDIUM,Critical path parameter surface,NONE,RESOLVED
D07560CA6C1A762716E1927A130E7CA697DB0AB9BDA8E8A33C7A0ACBB6FDBFEA,Cap_Allow,FR9,0.19,,above:FR3:% | colhdr:FR2:Capital Allowance Rates | colhdr:FR3:%,% | Capital Allowance Rates | %,M-CP-03 Costs,ASSUMPTION,ASSUMPTION,Rate/fraction with economic label: % capital allowance rates %,MEDIUM,Critical path parameter surface,NONE,RESOLVED
D07560CA6C1A762716E1927A130E7CA697DB0AB9BDA8E8A33C7A0ACBB6FDBFEA,Cap_Allow,A10,2008,,colhdr:A1:FIELD NAME:,FIELD NAME:,M-CP-03 Costs,ASSUMPTION,ASSUMPTION,Calendar year-like value; labels=field name:,MEDIUM,Critical path parameter surface,NONE,RESOLVED
D07560CA6C1A762716E1927A130E7CA697DB0AB9BDA8E8A33C7A0ACBB6FDBFEA,Cap_Allow,A11,2009,,colhdr:A1:FIELD NAME:,FIELD NAME:,M-CP-03 Costs,ASSUMPTION,ASSUMPTION,Calendar year-like value; labels=field name:,MEDIUM,Critical path parameter surface,NONE,RESOLVED
D07560CA6C1A762716E1927A130E7CA697DB0AB9BDA8E8A33C7A0ACBB6FDBFEA,Cap_Allow,A12,2010,,colhdr:A1:FIELD NAME:,FIELD NAME:,M-CP-03 Costs,ASSUMPTION,ASSUMPTION,Calendar year-like value; labels=field name:,MEDIUM,Critical path parameter surface,NONE,RESOLVED
D07560CA6C1A762716E1927A130E7CA697DB0AB9BDA8E8A33C7A0ACBB6FDBFEA,Cap_Allow,A13,2011,,colhdr:A1:FIELD NAME:,FIELD NAME:,M-CP-03 Costs,ASSUMPTION,ASSUMPTION,Calendar year-like value; labels=field name:,MEDIUM,Critical path parameter surface,NONE,RESOLVED
D07560CA6C1A762716E1927A130E7CA697DB0AB9BDA8E8A33C7A0ACBB6FDBFEA,Cap_Allow,A14,2012,,colhdr:A1:FIELD NAME:,FIELD NAME:,M-CP-03 Costs,ASSUMPTION,ASSUMPTION,Calendar year-like value; labels=field name:,MEDIUM,Critical path parameter surface,NONE,RESOLVED
D07560CA6C1A762716E1927A130E7CA697DB0AB9BDA8E8A33C7A0ACBB6FDBFEA,Cap_Allow,A15,2013,,colhdr:A1:FIELD NAME:,FIELD NAME:,M-CP-03 Costs,ASSUMPTION,ASSUMPTION,Calendar year-like value; labels=field name:,MEDIUM,Critical path parameter surface,NONE,RESOLVED
D07560CA6C1A762716E1927A130E7CA697DB0AB9BDA8E8A33C7A0ACBB6FDBFEA,Cap_Allow,A16,2014,,colhdr:A1:FIELD NAME:,FIELD NAME:,M-CP-03 Costs,ASSUMPTION,ASSUMPTION,Calendar year-like value; labels=field name:,MEDIUM,Critical path parameter surface,NONE,RESOLVED
D07560CA6C1A762716E1927A130E7CA697DB0AB9BDA8E8A33C7A0ACBB6FDBFEA,Cap_Allow,A17,2015,,colhdr:A1:FIELD NAME:,FIELD NAME:,M-CP-03 Costs,ASSUMPTION,ASSUMPTION,Calendar year-like value; labels=field name:,MEDIUM,Critical path parameter surface,NONE,RESOLVED
D07560CA6C1A762716E1927A130E7CA697DB0AB9BDA8E8A33C7A0ACBB6FDBFEA,Cap_Allow,A18,2016,,colhdr:A1:FIELD NAME:,FIELD NAME:,M-CP-03 Costs,ASSUMPTION,ASSUMPTION,Calendar year-like value; labels=field name:,MEDIUM,Critical path parameter surface,NONE,RESOLVED
D07560CA6C1A762716E1927A130E7CA697DB0AB9BDA8E8A33C7A0ACBB6FDBFEA,Cap_Allow,A19,2017,,colhdr:A1:FIELD NAME:,FIELD NAME:,M-CP-03 Costs,ASSUMPTION,ASSUMPTION,Calendar year-like value; labels=field name:,MEDIUM,Critical path parameter surface,NONE,RESOLVED
D07560CA6C1A762716E1927A130E7CA697DB0AB9BDA8E8A33C7A0ACBB6FDBFEA,Cap_Allow,A20,2018,,colhdr:A1:FIELD NAME:,FIELD NAME:,M-CP-03 Costs,ASSUMPTION,ASSUMPTION,Calendar year-like value; labels=field name:,MEDIUM,Critical path parameter surface,NONE,RESOLVED
D07560CA6C1A762716E1927A130E7CA697DB0AB9BDA8E8A33C7A0ACBB6FDBFEA,Cap_Allow,A21,2019,,colhdr:A1:FIELD NAME:,FIELD NAME:,M-CP-03 Costs,ASSUMPTION,ASSUMPTION,Calendar year-like value; labels=field name:,MEDIUM,Critical path parameter surface,NONE,RESOLVED
D07560CA6C1A762716E1927A130E7CA697DB0AB9BDA8E8A33C7A0ACBB6FDBFEA,Cap_Allow,A22,2020,,colhdr:A1:FIELD NAME:,FIELD NAME:,M-CP-03 Costs,ASSUMPTION,ASSUMPTION,Calendar year-like value; labels=field name:,MEDIUM,Critical path parameter surface,NONE,RESOLVED
D07560CA6C1A762716E1927A130E7CA697DB0AB9BDA8E8A33C7A0ACBB6FDBFEA,Cap_Allow,A23,2021,,colhdr:A1:FIELD NAME:,FIELD NAME:,M-CP-03 Costs,ASSUMPTION,ASSUMPTION,Calendar year-like value; labels=field name:,MEDIUM,Critical path parameter surface,NONE,RESOLVED
D07560CA6C1A762716E1927A130E7CA697DB0AB9BDA8E8A33C7A0ACBB6FDBFEA,Cap_Allow,A24,2022,,colhdr:A1:FIELD NAME:,FIELD NAME:,M-CP-03 Costs,ASSUMPTION,ASSUMPTION,Calendar year-like value; labels=field name:,MEDIUM,Critical path parameter surface,NONE,RESOLVED
D07560CA6C1A762716E1927A130E7CA697DB0AB9BDA8E8A33C7A0ACBB6FDBFEA,Cap_Allow,A25,2023,,colhdr:A1:FIELD NAME:,FIELD NAME:,M-CP-03 Costs,ASSUMPTION,ASSUMPTION,Calendar year-like value; labels=field name:,MEDIUM,Critical path parameter surface,NONE,RESOLVED
D07560CA6C1A762716E1927A130E7CA697DB0AB9BDA8E8A33C7A0ACBB6FDBFEA,Cap_Allow,A26,2024,,colhdr:A1:FIELD NAME:,FIELD NAME:,M-CP-03 Costs,ASSUMPTION,ASSUMPTION,Calendar year-like value; labels=field name:,MEDIUM,Critical path parameter surface,NONE,RESOLVED
D07560CA6C1A762716E1927A130E7CA697DB0AB9BDA8E8A33C7A0ACBB6FDBFEA,Cap_Allow,A27,2025,,colhdr:A1:FIELD NAME:,FIELD NAME:,M-CP-03 Costs,ASSUMPTION,ASSUMPTION,Calendar year-like value; labels=field name:,MEDIUM,Critical path parameter surface,NONE,RESOLVED
D07560CA6C1A762716E1927A130E7CA697DB0AB9BDA8E8A33C7A0ACBB6FDBFEA,Cap_Allow,A28,2026,,colhdr:A1:FIELD NAME:,FIELD NAME:,M-CP-03 Costs,ASSUMPTION,ASSUMPTION,Calendar year-like value; labels=field name:,MEDIUM,Critical path parameter surface,NONE,RESOLVED
D07560CA6C1A762716E1927A130E7CA697DB0AB9BDA8E8A33C7A0ACBB6FDBFEA,Cap_Allow,A29,2027,,colhdr:A1:FIELD NAME:,FIELD NAME:,M-CP-03 Costs,ASSUMPTION,ASSUMPTION,Calendar year-like value; labels=field name:,MEDIUM,Critical path parameter surface,NONE,RESOLVED
D07560CA6C1A762716E1927A130E7CA697DB0AB9BDA8E8A33C7A0ACBB6FDBFEA,Cap_Allow,A30,2028,,colhdr:A1:FIELD NAME:,FIELD NAME:,M-CP-03 Costs,ASSUMPTION,ASSUMPTION,Calendar year-like value; labels=field name:,MEDIUM,Critical path parameter surface,NONE,RESOLVED
D07560CA6C1A762716E1927A130E7CA697DB0AB9BDA8E8A33C7A0ACBB6FDBFEA,Cap_Allow,A31,2029,,colhdr:A1:FIELD NAME:,FIELD NAME:,M-CP-03 Costs,ASSUMPTION,ASSUMPTION,Calendar year-like value; labels=field name:,MEDIUM,Critical path parameter surface,NONE,RESOLVED
D07560CA6C1A762716E1927A130E7CA697DB0AB9BDA8E8A33C7A0ACBB6FDBFEA,Cap_Allow,A32,2030,,colhdr:A1:FIELD NAME:,FIELD NAME:,M-CP-03 Costs,ASSUMPTION,ASSUMPTION,Calendar year-like value; labels=field name:,MEDIUM,Critical path parameter surface,NONE,RESOLVED
D07560CA6C1A762716E1927A130E7CA697DB0AB9BDA8E8A33C7A0ACBB6FDBFEA,Cap_Allow,A33,2031,,colhdr:A1:FIELD NAME:,FIELD NAME:,M-CP-03 Costs,ASSUMPTION,ASSUMPTION,Calendar year-like value; labels=field name:,MEDIUM,Critical path parameter surface,NONE,RESOLVED
D07560CA6C1A762716E1927A130E7CA697DB0AB9BDA8E8A33C7A0ACBB6FDBFEA,Cap_Allow,A34,2032,,colhdr:A1:FIELD NAME:,FIELD NAME:,M-CP-03 Costs,ASSUMPTION,ASSUMPTION,Calendar year-like value; labels=field name:,MEDIUM,Critical path parameter surface,NONE,RESOLVED
D07560CA6C1A762716E1927A130E7CA697DB0AB9BDA8E8A33C7A0ACBB6FDBFEA,Cap_Allow,A35,2033,,colhdr:A1:FIELD NAME:,FIELD NAME:,M-CP-03 Costs,ASSUMPTION,ASSUMPTION,Calendar year-like value; labels=field name:,MEDIUM,Critical path parameter surface,NONE,RESOLVED
D07560CA6C1A762716E1927A130E7CA697DB0AB9BDA8E8A33C7A0ACBB6FDBFEA,Cap_Allow,A36,2034,,colhdr:A1:FIELD NAME:,FIELD NAME:,M-CP-03 Costs,ASSUMPTION,ASSUMPTION,Calendar year-like value; labels=field name:,MEDIUM,Critical path parameter surface,NONE,RESOLVED
D07560CA6C1A762716E1927A130E7CA697DB0AB9BDA8E8A33C7A0ACBB6FDBFEA,Cap_Allow,A37,2035,,colhdr:A1:FIELD NAME:,FIELD NAME:,M-CP-03 Costs,ASSUMPTION,ASSUMPTION,Calendar year-like value; labels=field name:,MEDIUM,Critical path parameter surface,NONE,RESOLVED
D07560CA6C1A762716E1927A130E7CA697DB0AB9BDA8E8A33C7A0ACBB6FDBFEA,Cap_Allow,A38,2036,,colhdr:A1:FIELD NAME:,FIELD NAME:,M-CP-03 Costs,ASSUMPTION,ASSUMPTION,Calendar year-like value; labels=field name:,MEDIUM,Critical path parameter surface,NONE,RESOLVED
D07560CA6C1A762716E1927A130E7CA697DB0AB9BDA8E8A33C7A0ACBB6FDBFEA,Cap_Allow,A39,2037,,colhdr:A1:FIELD NAME:,FIELD NAME:,M-CP-03 Costs,ASSUMPTION,ASSUMPTION,Calendar year-like value; labels=field name:,MEDIUM,Critical path parameter surface,NONE,RESOLVED
D07560CA6C1A762716E1927A130E7CA697DB0AB9BDA8E8A33C7A0ACBB6FDBFEA,Cap_Allow,A40,2038,,colhdr:A1:FIELD NAME:,FIELD NAME:,M-CP-03 Costs,ASSUMPTION,ASSUMPTION,Calendar year-like value; labels=field name:,MEDIUM,Critical path parameter surface,NONE,RESOLVED
D07560CA6C1A762716E1927A130E7CA697DB0AB9BDA8E8A33C7A0ACBB6FDBFEA,Cap_Allow,A41,2039,,colhdr:A1:FIELD NAME:,FIELD NAME:,M-CP-03 Costs,ASSUMPTION,ASSUMPTION,Calendar year-like value; labels=field name:,MEDIUM,Critical path parameter surface,NONE,RESOLVED
D07560CA6C1A762716E1927A130E7CA697DB0AB9BDA8E8A33C7A0ACBB6FDBFEA,Cap_Allow,A42,2040,,colhdr:A1:FIELD NAME:,FIELD NAME:,M-CP-03 Costs,ASSUMPTION,ASSUMPTION,Calendar year-like value; labels=field name:,MEDIUM,Critical path parameter surface,NONE,RESOLVED
D07560CA6C1A762716E1927A130E7CA697DB0AB9BDA8E8A33C7A0ACBB6FDBFEA,Cap_Allow,A43,2041,,colhdr:A1:FIELD NAME:,FIELD NAME:,M-CP-03 Costs,ASSUMPTION,ASSUMPTION,Calendar year-like value; labels=field name:,MEDIUM,Critical path parameter surface,NONE,RESOLVED
D07560CA6C1A762716E1927A130E7CA697DB0AB9BDA8E8A33C7A0ACBB6FDBFEA,Cap_Allow,A44,2042,,colhdr:A1:FIELD NAME:,FIELD NAME:,M-CP-03 Costs,ASSUMPTION,ASSUMPTION,Calendar year-like value; labels=field name:,MEDIUM,Critical path parameter surface,NONE,RESOLVED
D07560CA6C1A762716E1927A130E7CA697DB0AB9BDA8E8A33C7A0ACBB6FDBFEA,Cap_Allow,A45,2043,,colhdr:A1:FIELD NAME:,FIELD NAME:,M-CP-03 Costs,ASSUMPTION,ASSUMPTION,Calendar year-like value; labels=field name:,MEDIUM,Critical path parameter surface,NONE,RESOLVED
D07560CA6C1A762716E1927A130E7CA697DB0AB9BDA8E8A33C7A0ACBB6FDBFEA,Cap_Allow Gas,GX1,0,,row:A1:FIELD NAME:,FIELD NAME:,M-CP-03 Costs,DEFAULT/STRUCTURAL,DEFAULT/STRUCTURAL,Zero literal common structural seed,MEDIUM,Critical path parameter surface,NONE,RESOLVED
D07560CA6C1A762716E1927A130E7CA697DB0AB9BDA8E8A33C7A0ACBB6FDBFEA,Cap_Allow Gas,HA1,5,,left:GZ1:Life | row:A1:FIELD NAME:,Life | FIELD NAME:,M-CP-03 Costs,DEFAULT/STRUCTURAL,DEFAULT/STRUCTURAL,Small integer likely index/count: life field name:,LOW,Critical path parameter surface,NONE,RESOLVED
D07560CA6C1A762716E1927A130E7CA697DB0AB9BDA8E8A33C7A0ACBB6FDBFEA,Cap_Allow Gas,FS2,0,,left:FR2:Capital Allowance Rates | row:B2:Exploration,Capital Allowance Rates | Exploration,M-CP-03 Costs,DEFAULT/STRUCTURAL,DEFAULT/STRUCTURAL,Zero literal common structural seed,MEDIUM,Critical path parameter surface,NONE,RESOLVED
D07560CA6C1A762716E1927A130E7CA697DB0AB9BDA8E8A33C7A0ACBB6FDBFEA,Cap_Allow Gas,FT2,1,,left:FR2:Capital Allowance Rates | row:B2:Exploration,Capital Allowance Rates | Exploration,M-CP-03 Costs,DEFAULT/STRUCTURAL,DEFAULT/STRUCTURAL,Unity literal; treated as structural unless later contradicted,LOW,Critical path parameter surface,NONE,RESOLVED
D07560CA6C1A762716E1927A130E7CA697DB0AB9BDA8E8A33C7A0ACBB6FDBFEA,Cap_Allow Gas,FU2,2,,left:FR2:Capital Allowance Rates | row:B2:Exploration,Capital Allowance Rates | Exploration,M-CP-03 Costs,DEFAULT/STRUCTURAL,DEFAULT/STRUCTURAL,Small integer likely index/count: capital allowance rates exploration,LOW,Critical path parameter surface,NONE,RESOLVED
D07560CA6C1A762716E1927A130E7CA697DB0AB9BDA8E8A33C7A0ACBB6FDBFEA,Cap_Allow Gas,FV2,3,,left:FR2:Capital Allowance Rates | row:B2:Exploration,Capital Allowance Rates | Exploration,M-CP-03 Costs,DEFAULT/STRUCTURAL,DEFAULT/STRUCTURAL,Small integer likely index/count: capital allowance rates exploration,LOW,Critical path parameter surface,NONE,RESOLVED
D07560CA6C1A762716E1927A130E7CA697DB0AB9BDA8E8A33C7A0ACBB6FDBFEA,Cap_Allow Gas,FW2,4,,left:FR2:Capital Allowance Rates | row:B2:Exploration,Capital Allowance Rates | Exploration,M-CP-03 Costs,DEFAULT/STRUCTURAL,DEFAULT/STRUCTURAL,Small integer likely index/count: capital allowance rates exploration,LOW,Critical path parameter surface,NONE,RESOLVED
D07560CA6C1A762716E1927A130E7CA697DB0AB9BDA8E8A33C7A0ACBB6FDBFEA,Cap_Allow Gas,FX2,5,,left:FR2:Capital Allowance Rates | row:B2:Exploration,Capital Allowance Rates | Exploration,M-CP-03 Costs,DEFAULT/STRUCTURAL,DEFAULT/STRUCTURAL,Small integer likely index/count: capital allowance rates exploration,LOW,Critical path parameter surface,NONE,RESOLVED
D07560CA6C1A762716E1927A130E7CA697DB0AB9BDA8E8A33C7A0ACBB6FDBFEA,Cap_Allow Gas,FY2,6,,left:FR2:Capital Allowance Rates | row:B2:Exploration,Capital Allowance Rates | Exploration,M-CP-03 Costs,DEFAULT/STRUCTURAL,DEFAULT/STRUCTURAL,Small integer likely index/count: capital allowance rates exploration,LOW,Critical path parameter surface,NONE,RESOLVED
D07560CA6C1A762716E1927A130E7CA697DB0AB9BDA8E8A33C7A0ACBB6FDBFEA,Cap_Allow Gas,FZ2,7,,left:FR2:Capital Allowance Rates | row:B2:Exploration,Capital Allowance Rates | Exploration,M-CP-03 Costs,DEFAULT/STRUCTURAL,DEFAULT/STRUCTURAL,Small integer likely index/count: capital allowance rates exploration,LOW,Critical path parameter surface,NONE,RESOLVED
D07560CA6C1A762716E1927A130E7CA697DB0AB9BDA8E8A33C7A0ACBB6FDBFEA,Cap_Allow Gas,GA2,8,,row:B2:Exploration,Exploration,M-CP-03 Costs,DEFAULT/STRUCTURAL,DEFAULT/STRUCTURAL,Small integer likely index/count: exploration,LOW,Critical path parameter surface,NONE,RESOLVED
D07560CA6C1A762716E1927A130E7CA697DB0AB9BDA8E8A33C7A0ACBB6FDBFEA,Cap_Allow Gas,GB2,9,,row:B2:Exploration,Exploration,M-CP-03 Costs,DEFAULT/STRUCTURAL,DEFAULT/STRUCTURAL,Small integer likely index/count: exploration,LOW,Critical path parameter surface,NONE,RESOLVED
D07560CA6C1A762716E1927A130E7CA697DB0AB9BDA8E8A33C7A0ACBB6FDBFEA,Cap_Allow Gas,GC2,10,,row:B2:Exploration,Exploration,M-CP-03 Costs,DEFAULT/STRUCTURAL,DEFAULT/STRUCTURAL,Small integer likely index/count: exploration,LOW,Critical path parameter surface,NONE,RESOLVED
D07560CA6C1A762716E1927A130E7CA697DB0AB9BDA8E8A33C7A0ACBB6FDBFEA,Cap_Allow Gas,GD2,11,,row:B2:Exploration,Exploration,M-CP-03 Costs,DEFAULT/STRUCTURAL,DEFAULT/STRUCTURAL,Small integer likely index/count: exploration,LOW,Critical path parameter surface,NONE,RESOLVED
D07560CA6C1A762716E1927A130E7CA697DB0AB9BDA8E8A33C7A0ACBB6FDBFEA,Cap_Allow Gas,GE2,12,,row:B2:Exploration,Exploration,M-CP-03 Costs,DEFAULT/STRUCTURAL,DEFAULT/STRUCTURAL,Small integer likely index/count: exploration,LOW,Critical path parameter surface,NONE,RESOLVED
D07560CA6C1A762716E1927A130E7CA697DB0AB9BDA8E8A33C7A0ACBB6FDBFEA,Cap_Allow Gas,GF2,13,,row:B2:Exploration,Exploration,M-CP-03 Costs,DEFAULT/STRUCTURAL,DEFAULT/STRUCTURAL,Small integer likely index/count: exploration,LOW,Critical path parameter surface,NONE,RESOLVED
D07560CA6C1A762716E1927A130E7CA697DB0AB9BDA8E8A33C7A0ACBB6FDBFEA,Cap_Allow Gas,GG2,14,,row:B2:Exploration,Exploration,M-CP-03 Costs,DEFAULT/STRUCTURAL,DEFAULT/STRUCTURAL,Small integer likely index/count: exploration,LOW,Critical path parameter surface,NONE,RESOLVED
D07560CA6C1A762716E1927A130E7CA697DB0AB9BDA8E8A33C7A0ACBB6FDBFEA,Cap_Allow Gas,GH2,15,,row:B2:Exploration,Exploration,M-CP-03 Costs,DEFAULT/STRUCTURAL,DEFAULT/STRUCTURAL,Small integer likely index/count: exploration,LOW,Critical path parameter surface,NONE,RESOLVED
D07560CA6C1A762716E1927A130E7CA697DB0AB9BDA8E8A33C7A0ACBB6FDBFEA,Cap_Allow Gas,GI2,16,,row:B2:Exploration,Exploration,M-CP-03 Costs,DEFAULT/STRUCTURAL,DEFAULT/STRUCTURAL,Small integer likely index/count: exploration,LOW,Critical path parameter surface,NONE,RESOLVED
D07560CA6C1A762716E1927A130E7CA697DB0AB9BDA8E8A33C7A0ACBB6FDBFEA,Cap_Allow Gas,GJ2,17,,row:B2:Exploration,Exploration,M-CP-03 Costs,DEFAULT/STRUCTURAL,DEFAULT/STRUCTURAL,Small integer likely index/count: exploration,LOW,Critical path parameter surface,NONE,RESOLVED
D07560CA6C1A762716E1927A130E7CA697DB0AB9BDA8E8A33C7A0ACBB6FDBFEA,Cap_Allow Gas,GK2,18,,row:B2:Exploration,Exploration,M-CP-03 Costs,DEFAULT/STRUCTURAL,DEFAULT/STRUCTURAL,Small integer likely index/count: exploration,LOW,Critical path parameter surface,NONE,RESOLVED
D07560CA6C1A762716E1927A130E7CA697DB0AB9BDA8E8A33C7A0ACBB6FDBFEA,Cap_Allow Gas,GL2,19,,row:B2:Exploration,Exploration,M-CP-03 Costs,DEFAULT/STRUCTURAL,DEFAULT/STRUCTURAL,Small integer likely index/count: exploration,LOW,Critical path parameter surface,NONE,RESOLVED
D07560CA6C1A762716E1927A130E7CA697DB0AB9BDA8E8A33C7A0ACBB6FDBFEA,Cap_Allow Gas,GM2,20,,row:B2:Exploration,Exploration,M-CP-03 Costs,DEFAULT/STRUCTURAL,DEFAULT/STRUCTURAL,Small integer likely index/count: exploration,LOW,Critical path parameter surface,NONE,RESOLVED
D07560CA6C1A762716E1927A130E7CA697DB0AB9BDA8E8A33C7A0ACBB6FDBFEA,Cap_Allow Gas,GN2,21,,row:B2:Exploration,Exploration,M-CP-03 Costs,DEFAULT/STRUCTURAL,DEFAULT/STRUCTURAL,Integer 2-100 without rate label: exploration,LOW,Critical path parameter surface,NONE,RESOLVED
D07560CA6C1A762716E1927A130E7CA697DB0AB9BDA8E8A33C7A0ACBB6FDBFEA,Cap_Allow Gas,GO2,22,,row:B2:Exploration,Exploration,M-CP-03 Costs,DEFAULT/STRUCTURAL,DEFAULT/STRUCTURAL,Integer 2-100 without rate label: exploration,LOW,Critical path parameter surface,NONE,RESOLVED
D07560CA6C1A762716E1927A130E7CA697DB0AB9BDA8E8A33C7A0ACBB6FDBFEA,Cap_Allow Gas,GP2,23,,row:B2:Exploration,Exploration,M-CP-03 Costs,DEFAULT/STRUCTURAL,DEFAULT/STRUCTURAL,Integer 2-100 without rate label: exploration,LOW,Critical path parameter surface,NONE,RESOLVED
D07560CA6C1A762716E1927A130E7CA697DB0AB9BDA8E8A33C7A0ACBB6FDBFEA,Cap_Allow Gas,GQ2,24,,row:B2:Exploration,Exploration,M-CP-03 Costs,DEFAULT/STRUCTURAL,DEFAULT/STRUCTURAL,Integer 2-100 without rate label: exploration,LOW,Critical path parameter surface,NONE,RESOLVED
D07560CA6C1A762716E1927A130E7CA697DB0AB9BDA8E8A33C7A0ACBB6FDBFEA,Cap_Allow Gas,GR2,25,,row:B2:Exploration,Exploration,M-CP-03 Costs,DEFAULT/STRUCTURAL,DEFAULT/STRUCTURAL,Integer 2-100 without rate label: exploration,LOW,Critical path parameter surface,NONE,RESOLVED
D07560CA6C1A762716E1927A130E7CA697DB0AB9BDA8E8A33C7A0ACBB6FDBFEA,Cap_Allow Gas,GS2,26,,row:B2:Exploration,Exploration,M-CP-03 Costs,DEFAULT/STRUCTURAL,DEFAULT/STRUCTURAL,Integer 2-100 without rate label: exploration,LOW,Critical path parameter surface,NONE,RESOLVED
D07560CA6C1A762716E1927A130E7CA697DB0AB9BDA8E8A33C7A0ACBB6FDBFEA,Cap_Allow Gas,GT2,27,,row:B2:Exploration,Exploration,M-CP-03 Costs,DEFAULT/STRUCTURAL,DEFAULT/STRUCTURAL,Integer 2-100 without rate label: exploration,LOW,Critical path parameter surface,NONE,RESOLVED
D07560CA6C1A762716E1927A130E7CA697DB0AB9BDA8E8A33C7A0ACBB6FDBFEA,Cap_Allow Gas,GU2,28,,row:B2:Exploration,Exploration,M-CP-03 Costs,DEFAULT/STRUCTURAL,DEFAULT/STRUCTURAL,Integer 2-100 without rate label: exploration,LOW,Critical path parameter surface,NONE,RESOLVED
D07560CA6C1A762716E1927A130E7CA697DB0AB9BDA8E8A33C7A0ACBB6FDBFEA,Cap_Allow Gas,GV2,29,,row:B2:Exploration,Exploration,M-CP-03 Costs,DEFAULT/STRUCTURAL,DEFAULT/STRUCTURAL,Integer 2-100 without rate label: exploration,LOW,Critical path parameter surface,NONE,RESOLVED
D07560CA6C1A762716E1927A130E7CA697DB0AB9BDA8E8A33C7A0ACBB6FDBFEA,Cap_Allow Gas,A4,2002,,above:A1:FIELD NAME: | colhdr:A1:FIELD NAME:,FIELD NAME: | FIELD NAME:,M-CP-03 Costs,ASSUMPTION,ASSUMPTION,Calendar year-like value; labels=field name: field name:,MEDIUM,Critical path parameter surface,NONE,RESOLVED
D07560CA6C1A762716E1927A130E7CA697DB0AB9BDA8E8A33C7A0ACBB6FDBFEA,Cap_Allow Gas,A5,2003,,above:A1:FIELD NAME: | colhdr:A1:FIELD NAME:,FIELD NAME: | FIELD NAME:,M-CP-03 Costs,ASSUMPTION,ASSUMPTION,Calendar year-like value; labels=field name: field name:,MEDIUM,Critical path parameter surface,NONE,RESOLVED
D07560CA6C1A762716E1927A130E7CA697DB0AB9BDA8E8A33C7A0ACBB6FDBFEA,Cap_Allow Gas,FR5,0.2,,above:FR3:% | colhdr:FR2:Capital Allowance Rates | colhdr:FR3:%,% | Capital Allowance Rates | %,M-CP-03 Costs,ASSUMPTION,ASSUMPTION,Rate/fraction with economic label: % capital allowance rates %,MEDIUM,Critical path parameter surface,NONE,RESOLVED
D07560CA6C1A762716E1927A130E7CA697DB0AB9BDA8E8A33C7A0ACBB6FDBFEA,Cap_Allow Gas,A6,2004,,above:A1:FIELD NAME: | colhdr:A1:FIELD NAME:,FIELD NAME: | FIELD NAME:,M-CP-03 Costs,ASSUMPTION,ASSUMPTION,Calendar year-like value; labels=field name: field name:,MEDIUM,Critical path parameter surface,NONE,RESOLVED
D07560CA6C1A762716E1927A130E7CA697DB0AB9BDA8E8A33C7A0ACBB6FDBFEA,Cap_Allow Gas,FR6,0.2,,above:FR3:% | colhdr:FR2:Capital Allowance Rates | colhdr:FR3:%,% | Capital Allowance Rates | %,M-CP-03 Costs,ASSUMPTION,ASSUMPTION,Rate/fraction with economic label: % capital allowance rates %,MEDIUM,Critical path parameter surface,NONE,RESOLVED
D07560CA6C1A762716E1927A130E7CA697DB0AB9BDA8E8A33C7A0ACBB6FDBFEA,Cap_Allow Gas,A7,2005,,above:A1:FIELD NAME: | colhdr:A1:FIELD NAME:,FIELD NAME: | FIELD NAME:,M-CP-03 Costs,ASSUMPTION,ASSUMPTION,Calendar year-like value; labels=field name: field name:,MEDIUM,Critical path parameter surface,NONE,RESOLVED
D07560CA6C1A762716E1927A130E7CA697DB0AB9BDA8E8A33C7A0ACBB6FDBFEA,Cap_Allow Gas,FR7,0.2,,above:FR3:% | colhdr:FR2:Capital Allowance Rates | colhdr:FR3:%,% | Capital Allowance Rates | %,M-CP-03 Costs,ASSUMPTION,ASSUMPTION,Rate/fraction with economic label: % capital allowance rates %,MEDIUM,Critical path parameter surface,NONE,RESOLVED
D07560CA6C1A762716E1927A130E7CA697DB0AB9BDA8E8A33C7A0ACBB6FDBFEA,Cap_Allow Gas,A8,2006,,above:A1:FIELD NAME: | colhdr:A1:FIELD NAME:,FIELD NAME: | FIELD NAME:,M-CP-03 Costs,ASSUMPTION,ASSUMPTION,Calendar year-like value; labels=field name: field name:,MEDIUM,Critical path parameter surface,NONE,RESOLVED
D07560CA6C1A762716E1927A130E7CA697DB0AB9BDA8E8A33C7A0ACBB6FDBFEA,Cap_Allow Gas,FR8,0.2,,above:FR3:% | colhdr:FR2:Capital Allowance Rates | colhdr:FR3:%,% | Capital Allowance Rates | %,M-CP-03 Costs,ASSUMPTION,ASSUMPTION,Rate/fraction with economic label: % capital allowance rates %,MEDIUM,Critical path parameter surface,NONE,RESOLVED
D07560CA6C1A762716E1927A130E7CA697DB0AB9BDA8E8A33C7A0ACBB6FDBFEA,Cap_Allow Gas,A9,2007,,above:A1:FIELD NAME: | colhdr:A1:FIELD NAME:,FIELD NAME: | FIELD NAME:,M-CP-03 Costs,ASSUMPTION,ASSUMPTION,Calendar year-like value; labels=field name: field name:,MEDIUM,Critical path parameter surface,NONE,RESOLVED
D07560CA6C1A762716E1927A130E7CA697DB0AB9BDA8E8A33C7A0ACBB6FDBFEA,Cap_Allow Gas,FR9,0.19,,above:FR3:% | colhdr:FR2:Capital Allowance Rates | colhdr:FR3:%,% | Capital Allowance Rates | %,M-CP-03 Costs,ASSUMPTION,ASSUMPTION,Rate/fraction with economic label: % capital allowance rates %,MEDIUM,Critical path parameter surface,NONE,RESOLVED
D07560CA6C1A762716E1927A130E7CA697DB0AB9BDA8E8A33C7A0ACBB6FDBFEA,Cap_Allow Gas,A10,2008,,colhdr:A1:FIELD NAME:,FIELD NAME:,M-CP-03 Costs,ASSUMPTION,ASSUMPTION,Calendar year-like value; labels=field name:,MEDIUM,Critical path parameter surface,NONE,RESOLVED
D07560CA6C1A762716E1927A130E7CA697DB0AB9BDA8E8A33C7A0ACBB6FDBFEA,Cap_Allow Gas,A11,2009,,colhdr:A1:FIELD NAME:,FIELD NAME:,M-CP-03 Costs,ASSUMPTION,ASSUMPTION,Calendar year-like value; labels=field name:,MEDIUM,Critical path parameter surface,NONE,RESOLVED
D07560CA6C1A762716E1927A130E7CA697DB0AB9BDA8E8A33C7A0ACBB6FDBFEA,Cap_Allow Gas,A12,2010,,colhdr:A1:FIELD NAME:,FIELD NAME:,M-CP-03 Costs,ASSUMPTION,ASSUMPTION,Calendar year-like value; labels=field name:,MEDIUM,Critical path parameter surface,NONE,RESOLVED
D07560CA6C1A762716E1927A130E7CA697DB0AB9BDA8E8A33C7A0ACBB6FDBFEA,Cap_Allow Gas,A13,2011,,colhdr:A1:FIELD NAME:,FIELD NAME:,M-CP-03 Costs,ASSUMPTION,ASSUMPTION,Calendar year-like value; labels=field name:,MEDIUM,Critical path parameter surface,NONE,RESOLVED
D07560CA6C1A762716E1927A130E7CA697DB0AB9BDA8E8A33C7A0ACBB6FDBFEA,Cap_Allow Gas,A14,2012,,colhdr:A1:FIELD NAME:,FIELD NAME:,M-CP-03 Costs,ASSUMPTION,ASSUMPTION,Calendar year-like value; labels=field name:,MEDIUM,Critical path parameter surface,NONE,RESOLVED
D07560CA6C1A762716E1927A130E7CA697DB0AB9BDA8E8A33C7A0ACBB6FDBFEA,Cap_Allow Gas,A15,2013,,colhdr:A1:FIELD NAME:,FIELD NAME:,M-CP-03 Costs,ASSUMPTION,ASSUMPTION,Calendar year-like value; labels=field name:,MEDIUM,Critical path parameter surface,NONE,RESOLVED
D07560CA6C1A762716E1927A130E7CA697DB0AB9BDA8E8A33C7A0ACBB6FDBFEA,Cap_Allow Gas,A16,2014,,colhdr:A1:FIELD NAME:,FIELD NAME:,M-CP-03 Costs,ASSUMPTION,ASSUMPTION,Calendar year-like value; labels=field name:,MEDIUM,Critical path parameter surface,NONE,RESOLVED
D07560CA6C1A762716E1927A130E7CA697DB0AB9BDA8E8A33C7A0ACBB6FDBFEA,Cap_Allow Gas,A17,2015,,colhdr:A1:FIELD NAME:,FIELD NAME:,M-CP-03 Costs,ASSUMPTION,ASSUMPTION,Calendar year-like value; labels=field name:,MEDIUM,Critical path parameter surface,NONE,RESOLVED
D07560CA6C1A762716E1927A130E7CA697DB0AB9BDA8E8A33C7A0ACBB6FDBFEA,Cap_Allow Gas,A18,2016,,colhdr:A1:FIELD NAME:,FIELD NAME:,M-CP-03 Costs,ASSUMPTION,ASSUMPTION,Calendar year-like value; labels=field name:,MEDIUM,Critical path parameter surface,NONE,RESOLVED
D07560CA6C1A762716E1927A130E7CA697DB0AB9BDA8E8A33C7A0ACBB6FDBFEA,Cap_Allow Gas,A19,2017,,colhdr:A1:FIELD NAME:,FIELD NAME:,M-CP-03 Costs,ASSUMPTION,ASSUMPTION,Calendar year-like value; labels=field name:,MEDIUM,Critical path parameter surface,NONE,RESOLVED
D07560CA6C1A762716E1927A130E7CA697DB0AB9BDA8E8A33C7A0ACBB6FDBFEA,Cap_Allow Gas,A20,2018,,colhdr:A1:FIELD NAME:,FIELD NAME:,M-CP-03 Costs,ASSUMPTION,ASSUMPTION,Calendar year-like value; labels=field name:,MEDIUM,Critical path parameter surface,NONE,RESOLVED
D07560CA6C1A762716E1927A130E7CA697DB0AB9BDA8E8A33C7A0ACBB6FDBFEA,Cap_Allow Gas,A21,2019,,colhdr:A1:FIELD NAME:,FIELD NAME:,M-CP-03 Costs,ASSUMPTION,ASSUMPTION,Calendar year-like value; labels=field name:,MEDIUM,Critical path parameter surface,NONE,RESOLVED
D07560CA6C1A762716E1927A130E7CA697DB0AB9BDA8E8A33C7A0ACBB6FDBFEA,Cap_Allow Gas,A22,2020,,colhdr:A1:FIELD NAME:,FIELD NAME:,M-CP-03 Costs,ASSUMPTION,ASSUMPTION,Calendar year-like value; labels=field name:,MEDIUM,Critical path parameter surface,NONE,RESOLVED
D07560CA6C1A762716E1927A130E7CA697DB0AB9BDA8E8A33C7A0ACBB6FDBFEA,Cap_Allow Gas,A23,2021,,colhdr:A1:FIELD NAME:,FIELD NAME:,M-CP-03 Costs,ASSUMPTION,ASSUMPTION,Calendar year-like value; labels=field name:,MEDIUM,Critical path parameter surface,NONE,RESOLVED
D07560CA6C1A762716E1927A130E7CA697DB0AB9BDA8E8A33C7A0ACBB6FDBFEA,Cap_Allow Gas,A24,2022,,colhdr:A1:FIELD NAME:,FIELD NAME:,M-CP-03 Costs,ASSUMPTION,ASSUMPTION,Calendar year-like value; labels=field name:,MEDIUM,Critical path parameter surface,NONE,RESOLVED
D07560CA6C1A762716E1927A130E7CA697DB0AB9BDA8E8A33C7A0ACBB6FDBFEA,Cap_Allow Gas,A25,2023,,colhdr:A1:FIELD NAME:,FIELD NAME:,M-CP-03 Costs,ASSUMPTION,ASSUMPTION,Calendar year-like value; labels=field name:,MEDIUM,Critical path parameter surface,NONE,RESOLVED
D07560CA6C1A762716E1927A130E7CA697DB0AB9BDA8E8A33C7A0ACBB6FDBFEA,Cap_Allow Gas,A26,2024,,colhdr:A1:FIELD NAME:,FIELD NAME:,M-CP-03 Costs,ASSUMPTION,ASSUMPTION,Calendar year-like value; labels=field name:,MEDIUM,Critical path parameter surface,NONE,RESOLVED
D07560CA6C1A762716E1927A130E7CA697DB0AB9BDA8E8A33C7A0ACBB6FDBFEA,Cap_Allow Gas,A27,2025,,colhdr:A1:FIELD NAME:,FIELD NAME:,M-CP-03 Costs,ASSUMPTION,ASSUMPTION,Calendar year-like value; labels=field name:,MEDIUM,Critical path parameter surface,NONE,RESOLVED
D07560CA6C1A762716E1927A130E7CA697DB0AB9BDA8E8A33C7A0ACBB6FDBFEA,Cap_Allow Gas,A28,2026,,colhdr:A1:FIELD NAME:,FIELD NAME:,M-CP-03 Costs,ASSUMPTION,ASSUMPTION,Calendar year-like value; labels=field name:,MEDIUM,Critical path parameter surface,NONE,RESOLVED
D07560CA6C1A762716E1927A130E7CA697DB0AB9BDA8E8A33C7A0ACBB6FDBFEA,Cap_Allow Gas,A29,2027,,colhdr:A1:FIELD NAME:,FIELD NAME:,M-CP-03 Costs,ASSUMPTION,ASSUMPTION,Calendar year-like value; labels=field name:,MEDIUM,Critical path parameter surface,NONE,RESOLVED
D07560CA6C1A762716E1927A130E7CA697DB0AB9BDA8E8A33C7A0ACBB6FDBFEA,Cap_Allow Gas,A30,2028,,colhdr:A1:FIELD NAME:,FIELD NAME:,M-CP-03 Costs,ASSUMPTION,ASSUMPTION,Calendar year-like value; labels=field name:,MEDIUM,Critical path parameter surface,NONE,RESOLVED
D07560CA6C1A762716E1927A130E7CA697DB0AB9BDA8E8A33C7A0ACBB6FDBFEA,Cap_Allow Gas,A31,2029,,colhdr:A1:FIELD NAME:,FIELD NAME:,M-CP-03 Costs,ASSUMPTION,ASSUMPTION,Calendar year-like value; labels=field name:,MEDIUM,Critical path parameter surface,NONE,RESOLVED
D07560CA6C1A762716E1927A130E7CA697DB0AB9BDA8E8A33C7A0ACBB6FDBFEA,Cap_Allow Gas,A32,2030,,colhdr:A1:FIELD NAME:,FIELD NAME:,M-CP-03 Costs,ASSUMPTION,ASSUMPTION,Calendar year-like value; labels=field name:,MEDIUM,Critical path parameter surface,NONE,RESOLVED
D07560CA6C1A762716E1927A130E7CA697DB0AB9BDA8E8A33C7A0ACBB6FDBFEA,Cap_Allow Gas,A33,2031,,colhdr:A1:FIELD NAME:,FIELD NAME:,M-CP-03 Costs,ASSUMPTION,ASSUMPTION,Calendar year-like value; labels=field name:,MEDIUM,Critical path parameter surface,NONE,RESOLVED
D07560CA6C1A762716E1927A130E7CA697DB0AB9BDA8E8A33C7A0ACBB6FDBFEA,Cap_Allow Gas,A34,2032,,colhdr:A1:FIELD NAME:,FIELD NAME:,M-CP-03 Costs,ASSUMPTION,ASSUMPTION,Calendar year-like value; labels=field name:,MEDIUM,Critical path parameter surface,NONE,RESOLVED
D07560CA6C1A762716E1927A130E7CA697DB0AB9BDA8E8A33C7A0ACBB6FDBFEA,Cap_Allow Gas,A35,2033,,colhdr:A1:FIELD NAME:,FIELD NAME:,M-CP-03 Costs,ASSUMPTION,ASSUMPTION,Calendar year-like value; labels=field name:,MEDIUM,Critical path parameter surface,NONE,RESOLVED
D07560CA6C1A762716E1927A130E7CA697DB0AB9BDA8E8A33C7A0ACBB6FDBFEA,Cap_Allow Gas,A36,2034,,colhdr:A1:FIELD NAME:,FIELD NAME:,M-CP-03 Costs,ASSUMPTION,ASSUMPTION,Calendar year-like value; labels=field name:,MEDIUM,Critical path parameter surface,NONE,RESOLVED
D07560CA6C1A762716E1927A130E7CA697DB0AB9BDA8E8A33C7A0ACBB6FDBFEA,Cap_Allow Gas,A37,2035,,colhdr:A1:FIELD NAME:,FIELD NAME:,M-CP-03 Costs,ASSUMPTION,ASSUMPTION,Calendar year-like value; labels=field name:,MEDIUM,Critical path parameter surface,NONE,RESOLVED
D07560CA6C1A762716E1927A130E7CA697DB0AB9BDA8E8A33C7A0ACBB6FDBFEA,Cap_Allow Gas,A38,2036,,colhdr:A1:FIELD NAME:,FIELD NAME:,M-CP-03 Costs,ASSUMPTION,ASSUMPTION,Calendar year-like value; labels=field name:,MEDIUM,Critical path parameter surface,NONE,RESOLVED
D07560CA6C1A762716E1927A130E7CA697DB0AB9BDA8E8A33C7A0ACBB6FDBFEA,Cap_Allow Gas,A39,2037,,colhdr:A1:FIELD NAME:,FIELD NAME:,M-CP-03 Costs,ASSUMPTION,ASSUMPTION,Calendar year-like value; labels=field name:,MEDIUM,Critical path parameter surface,NONE,RESOLVED
D07560CA6C1A762716E1927A130E7CA697DB0AB9BDA8E8A33C7A0ACBB6FDBFEA,Cap_Allow Gas,A40,2038,,colhdr:A1:FIELD NAME:,FIELD NAME:,M-CP-03 Costs,ASSUMPTION,ASSUMPTION,Calendar year-like value; labels=field name:,MEDIUM,Critical path parameter surface,NONE,RESOLVED
D07560CA6C1A762716E1927A130E7CA697DB0AB9BDA8E8A33C7A0ACBB6FDBFEA,Cap_Allow Gas,A41,2039,,colhdr:A1:FIELD NAME:,FIELD NAME:,M-CP-03 Costs,ASSUMPTION,ASSUMPTION,Calendar year-like value; labels=field name:,MEDIUM,Critical path parameter surface,NONE,RESOLVED
D07560CA6C1A762716E1927A130E7CA697DB0AB9BDA8E8A33C7A0ACBB6FDBFEA,Cap_Allow Gas,A42,2040,,colhdr:A1:FIELD NAME:,FIELD NAME:,M-CP-03 Costs,ASSUMPTION,ASSUMPTION,Calendar year-like value; labels=field name:,MEDIUM,Critical path parameter surface,NONE,RESOLVED
D07560CA6C1A762716E1927A130E7CA697DB0AB9BDA8E8A33C7A0ACBB6FDBFEA,Cap_Allow Gas,A43,2041,,colhdr:A1:FIELD NAME:,FIELD NAME:,M-CP-03 Costs,ASSUMPTION,ASSUMPTION,Calendar year-like value; labels=field name:,MEDIUM,Critical path parameter surface,NONE,RESOLVED
D07560CA6C1A762716E1927A130E7CA697DB0AB9BDA8E8A33C7A0ACBB6FDBFEA,Cap_Allow Gas,A44,2042,,colhdr:A1:FIELD NAME:,FIELD NAME:,M-CP-03 Costs,ASSUMPTION,ASSUMPTION,Calendar year-like value; labels=field name:,MEDIUM,Critical path parameter surface,NONE,RESOLVED
D07560CA6C1A762716E1927A130E7CA697DB0AB9BDA8E8A33C7A0ACBB6FDBFEA,Cap_Allow Gas,A45,2043,,colhdr:A1:FIELD NAME:,FIELD NAME:,M-CP-03 Costs,ASSUMPTION,ASSUMPTION,Calendar year-like value; labels=field name:,MEDIUM,Critical path parameter surface,NONE,RESOLVED
D07560CA6C1A762716E1927A130E7CA697DB0AB9BDA8E8A33C7A0ACBB6FDBFEA,FLGT,AO2,1000000,,left:AN2:Unit Conv | row:B2:Chargeable Oil Production,Unit Conv | Chargeable Oil Production,M-CP-04 FLGT/Royalty,ASSUMPTION,ASSUMPTION,Economic magnitude with label: unit conv chargeable oil production,MEDIUM,Critical path parameter surface,NONE,RESOLVED
D07560CA6C1A762716E1927A130E7CA697DB0AB9BDA8E8A33C7A0ACBB6FDBFEA,HT_NCF_Oil,E1,0,,,,M-CP-05 CR/NCF,DEFAULT/STRUCTURAL,DEFAULT/STRUCTURAL,Zero literal common structural seed,MEDIUM,Critical path parameter surface,NONE,RESOLVED
D07560CA6C1A762716E1927A130E7CA697DB0AB9BDA8E8A33C7A0ACBB6FDBFEA,CIT_NCF_Oil,G1,0,,,,M-CP-05 CR/NCF,DEFAULT/STRUCTURAL,DEFAULT/STRUCTURAL,Zero literal common structural seed,MEDIUM,Critical path parameter surface,NONE,RESOLVED
D07560CA6C1A762716E1927A130E7CA697DB0AB9BDA8E8A33C7A0ACBB6FDBFEA,CIT_NCF_Oil,X2,0.3,,left:T2:EBITDA | row:B2:S.262(1),EBITDA | S.262(1),M-CP-05 CR/NCF,FORMULA COEFFICIENT,FORMULA COEFFICIENT,Unit interval without strong economic label: ebitda s.262(1),LOW,Critical path parameter surface,NONE,RESOLVED
D07560CA6C1A762716E1927A130E7CA697DB0AB9BDA8E8A33C7A0ACBB6FDBFEA,CIT_NCF_Oil,P53,16.6,,,,M-CP-05 CR/NCF,FORMULA COEFFICIENT,FORMULA COEFFICIENT,Sparse residual on production/tax sheet without input evidence,LOW,Critical path parameter surface,NONE,RESOLVED
D07560CA6C1A762716E1927A130E7CA697DB0AB9BDA8E8A33C7A0ACBB6FDBFEA,CIT_NCF_Gas,X2,0.3,,left:T2:Assessable Income | row:B2:S.262(1),Assessable Income | S.262(1),M-CP-05 CR/NCF,FORMULA COEFFICIENT,FORMULA COEFFICIENT,Unit interval without strong economic label: assessable income s.262(1),LOW,Critical path parameter surface,NONE,RESOLVED
D07560CA6C1A762716E1927A130E7CA697DB0AB9BDA8E8A33C7A0ACBB6FDBFEA,Project_NCF,Y62,214.070299425,,colhdr:Y2:Companies Income Tax Base | colhdr:Y3:Min. Tax (0.5% of Coy GTO) | colhdr:Y4:$mm,Companies Income Tax Base | Min. Tax (0.5% of Coy GTO) | $mm,M-CP-05 CR/NCF,ASSUMPTION,ASSUMPTION,Economic magnitude with label: companies income tax base min. tax (0.5% of coy gto) $mm,MEDIUM,Critical path parameter surface,NONE,RESOLVED
D07560CA6C1A762716E1927A130E7CA697DB0AB9BDA8E8A33C7A0ACBB6FDBFEA,Project_NCF,Y63,309.988420414125,,colhdr:Y2:Companies Income Tax Base | colhdr:Y3:Min. Tax (0.5% of Coy GTO) | colhdr:Y4:$mm,Companies Income Tax Base | Min. Tax (0.5% of Coy GTO) | $mm,M-CP-05 CR/NCF,ASSUMPTION,ASSUMPTION,Economic magnitude with label: companies income tax base min. tax (0.5% of coy gto) $mm,MEDIUM,Critical path parameter surface,NONE,RESOLVED
D07560CA6C1A762716E1927A130E7CA697DB0AB9BDA8E8A33C7A0ACBB6FDBFEA,Project_NCF,Y64,363.808941147712,,colhdr:Y2:Companies Income Tax Base | colhdr:Y3:Min. Tax (0.5% of Coy GTO) | colhdr:Y4:$mm,Companies Income Tax Base | Min. Tax (0.5% of Coy GTO) | $mm,M-CP-05 CR/NCF,ASSUMPTION,ASSUMPTION,Economic magnitude with label: companies income tax base min. tax (0.5% of coy gto) $mm,MEDIUM,Critical path parameter surface,NONE,RESOLVED
D07560CA6C1A762716E1927A130E7CA697DB0AB9BDA8E8A33C7A0ACBB6FDBFEA,Project_NCF,Y65,416.325972995441,,colhdr:Y2:Companies Income Tax Base | colhdr:Y3:Min. Tax (0.5% of Coy GTO) | colhdr:Y4:$mm,Companies Income Tax Base | Min. Tax (0.5% of Coy GTO) | $mm,M-CP-05 CR/NCF,ASSUMPTION,ASSUMPTION,Economic magnitude with label: companies income tax base min. tax (0.5% of coy gto) $mm,MEDIUM,Critical path parameter surface,NONE,RESOLVED
D07560CA6C1A762716E1927A130E7CA697DB0AB9BDA8E8A33C7A0ACBB6FDBFEA,Project_NCF,Y66,372.179144095897,,colhdr:Y2:Companies Income Tax Base | colhdr:Y3:Min. Tax (0.5% of Coy GTO) | colhdr:Y4:$mm,Companies Income Tax Base | Min. Tax (0.5% of Coy GTO) | $mm,M-CP-05 CR/NCF,ASSUMPTION,ASSUMPTION,Economic magnitude with label: companies income tax base min. tax (0.5% of coy gto) $mm,MEDIUM,Critical path parameter surface,NONE,RESOLVED
D07560CA6C1A762716E1927A130E7CA697DB0AB9BDA8E8A33C7A0ACBB6FDBFEA,Project_NCF,Y67,504.755217161308,,colhdr:Y2:Companies Income Tax Base | colhdr:Y3:Min. Tax (0.5% of Coy GTO) | colhdr:Y4:$mm,Companies Income Tax Base | Min. Tax (0.5% of Coy GTO) | $mm,M-CP-05 CR/NCF,ASSUMPTION,ASSUMPTION,Economic magnitude with label: companies income tax base min. tax (0.5% of coy gto) $mm,MEDIUM,Critical path parameter surface,NONE,RESOLVED
D07560CA6C1A762716E1927A130E7CA697DB0AB9BDA8E8A33C7A0ACBB6FDBFEA,Project_NCF,Y68,649.842845657677,,colhdr:Y2:Companies Income Tax Base | colhdr:Y3:Min. Tax (0.5% of Coy GTO) | colhdr:Y4:$mm,Companies Income Tax Base | Min. Tax (0.5% of Coy GTO) | $mm,M-CP-05 CR/NCF,ASSUMPTION,ASSUMPTION,Economic magnitude with label: companies income tax base min. tax (0.5% of coy gto) $mm,MEDIUM,Critical path parameter surface,NONE,RESOLVED
D07560CA6C1A762716E1927A130E7CA697DB0AB9BDA8E8A33C7A0ACBB6FDBFEA,Project_NCF,Y69,604.538613554409,,colhdr:Y2:Companies Income Tax Base | colhdr:Y3:Min. Tax (0.5% of Coy GTO) | colhdr:Y4:$mm,Companies Income Tax Base | Min. Tax (0.5% of Coy GTO) | $mm,M-CP-05 CR/NCF,ASSUMPTION,ASSUMPTION,Economic magnitude with label: companies income tax base min. tax (0.5% of coy gto) $mm,MEDIUM,Critical path parameter surface,NONE,RESOLVED
D07560CA6C1A762716E1927A130E7CA697DB0AB9BDA8E8A33C7A0ACBB6FDBFEA,Project_NCF,Y70,562.553554661468,,colhdr:Y2:Companies Income Tax Base | colhdr:Y3:Min. Tax (0.5% of Coy GTO) | colhdr:Y4:$mm,Companies Income Tax Base | Min. Tax (0.5% of Coy GTO) | $mm,M-CP-05 CR/NCF,ASSUMPTION,ASSUMPTION,Economic magnitude with label: companies income tax base min. tax (0.5% of coy gto) $mm,MEDIUM,Critical path parameter surface,NONE,RESOLVED
D07560CA6C1A762716E1927A130E7CA697DB0AB9BDA8E8A33C7A0ACBB6FDBFEA,Project_NCF,Y71,524.659001657821,,colhdr:Y2:Companies Income Tax Base | colhdr:Y3:Min. Tax (0.5% of Coy GTO) | colhdr:Y4:$mm,Companies Income Tax Base | Min. Tax (0.5% of Coy GTO) | $mm,M-CP-05 CR/NCF,ASSUMPTION,ASSUMPTION,Economic magnitude with label: companies income tax base min. tax (0.5% of coy gto) $mm,MEDIUM,Critical path parameter surface,NONE,RESOLVED
D07560CA6C1A762716E1927A130E7CA697DB0AB9BDA8E8A33C7A0ACBB6FDBFEA,Project_NCF,Y72,490.553903954539,,colhdr:Y2:Companies Income Tax Base | colhdr:Y3:Min. Tax (0.5% of Coy GTO) | colhdr:Y4:$mm,Companies Income Tax Base | Min. Tax (0.5% of Coy GTO) | $mm,M-CP-05 CR/NCF,ASSUMPTION,ASSUMPTION,Economic magnitude with label: companies income tax base min. tax (0.5% of coy gto) $mm,MEDIUM,Critical path parameter surface,NONE,RESOLVED
D07560CA6C1A762716E1927A130E7CA697DB0AB9BDA8E8A33C7A0ACBB6FDBFEA,Project_NCF,Y73,442.966031959085,,colhdr:Y2:Companies Income Tax Base | colhdr:Y3:Min. Tax (0.5% of Coy GTO) | colhdr:Y4:$mm,Companies Income Tax Base | Min. Tax (0.5% of Coy GTO) | $mm,M-CP-05 CR/NCF,ASSUMPTION,ASSUMPTION,Economic magnitude with label: companies income tax base min. tax (0.5% of coy gto) $mm,MEDIUM,Critical path parameter surface,NONE,RESOLVED
D07560CA6C1A762716E1927A130E7CA697DB0AB9BDA8E8A33C7A0ACBB6FDBFEA,Project_NCF,Y74,400.259290913177,,colhdr:Y2:Companies Income Tax Base | colhdr:Y3:Min. Tax (0.5% of Coy GTO) | colhdr:Y4:$mm,Companies Income Tax Base | Min. Tax (0.5% of Coy GTO) | $mm,M-CP-05 CR/NCF,ASSUMPTION,ASSUMPTION,Economic magnitude with label: companies income tax base min. tax (0.5% of coy gto) $mm,MEDIUM,Critical path parameter surface,NONE,RESOLVED
D07560CA6C1A762716E1927A130E7CA697DB0AB9BDA8E8A33C7A0ACBB6FDBFEA,Project_NCF,Y75,361.823223971859,,colhdr:Y2:Companies Income Tax Base | colhdr:Y3:Min. Tax (0.5% of Coy GTO) | colhdr:Y4:$mm,Companies Income Tax Base | Min. Tax (0.5% of Coy GTO) | $mm,M-CP-05 CR/NCF,ASSUMPTION,ASSUMPTION,Economic magnitude with label: companies income tax base min. tax (0.5% of coy gto) $mm,MEDIUM,Critical path parameter surface,NONE,RESOLVED
D07560CA6C1A762716E1927A130E7CA697DB0AB9BDA8E8A33C7A0ACBB6FDBFEA,Project_NCF,Y76,327.230763724673,,colhdr:Y2:Companies Income Tax Base | colhdr:Y3:Min. Tax (0.5% of Coy GTO) | colhdr:Y4:$mm,Companies Income Tax Base | Min. Tax (0.5% of Coy GTO) | $mm,M-CP-05 CR/NCF,ASSUMPTION,ASSUMPTION,Economic magnitude with label: companies income tax base min. tax (0.5% of coy gto) $mm,MEDIUM,Critical path parameter surface,NONE,RESOLVED
D07560CA6C1A762716E1927A130E7CA697DB0AB9BDA8E8A33C7A0ACBB6FDBFEA,Project_NCF,Y77,296.097549502206,,colhdr:Y2:Companies Income Tax Base | colhdr:Y3:Min. Tax (0.5% of Coy GTO) | colhdr:Y4:$mm,Companies Income Tax Base | Min. Tax (0.5% of Coy GTO) | $mm,M-CP-05 CR/NCF,ASSUMPTION,ASSUMPTION,Economic magnitude with label: companies income tax base min. tax (0.5% of coy gto) $mm,MEDIUM,Critical path parameter surface,NONE,RESOLVED
D07560CA6C1A762716E1927A130E7CA697DB0AB9BDA8E8A33C7A0ACBB6FDBFEA,Project_NCF,Y78,268.077656701985,,colhdr:Y2:Companies Income Tax Base | colhdr:Y3:Min. Tax (0.5% of Coy GTO) | colhdr:Y4:$mm,Companies Income Tax Base | Min. Tax (0.5% of Coy GTO) | $mm,M-CP-05 CR/NCF,ASSUMPTION,ASSUMPTION,Economic magnitude with label: companies income tax base min. tax (0.5% of coy gto) $mm,MEDIUM,Critical path parameter surface,NONE,RESOLVED
D07560CA6C1A762716E1927A130E7CA697DB0AB9BDA8E8A33C7A0ACBB6FDBFEA,Project_NCF,Y79,242.859753181787,,colhdr:Y2:Companies Income Tax Base | colhdr:Y3:Min. Tax (0.5% of Coy GTO) | colhdr:Y4:$mm,Companies Income Tax Base | Min. Tax (0.5% of Coy GTO) | $mm,M-CP-05 CR/NCF,ASSUMPTION,ASSUMPTION,Economic magnitude with label: companies income tax base min. tax (0.5% of coy gto) $mm,MEDIUM,Critical path parameter surface,NONE,RESOLVED
D07560CA6C1A762716E1927A130E7CA697DB0AB9BDA8E8A33C7A0ACBB6FDBFEA,Project_NCF,Y80,220.163640013608,,colhdr:Y2:Companies Income Tax Base | colhdr:Y3:Min. Tax (0.5% of Coy GTO) | colhdr:Y4:$mm,Companies Income Tax Base | Min. Tax (0.5% of Coy GTO) | $mm,M-CP-05 CR/NCF,ASSUMPTION,ASSUMPTION,Economic magnitude with label: companies income tax base min. tax (0.5% of coy gto) $mm,MEDIUM,Critical path parameter surface,NONE,RESOLVED
D07560CA6C1A762716E1927A130E7CA697DB0AB9BDA8E8A33C7A0ACBB6FDBFEA,CIT_NCF_Oil Equity,X2,0.3,,left:T2:Assessable Income | row:B2:S.262(1),Assessable Income | S.262(1),M-CP-05 CR/NCF,FORMULA COEFFICIENT,FORMULA COEFFICIENT,Unit interval without strong economic label: assessable income s.262(1),LOW,Critical path parameter surface,NONE,RESOLVED
D07560CA6C1A762716E1927A130E7CA697DB0AB9BDA8E8A33C7A0ACBB6FDBFEA,CIT_NCF_Gas Equity,X2,0.3,,left:T2:Assessable Income | row:B2:S.262(1),Assessable Income | S.262(1),M-CP-05 CR/NCF,FORMULA COEFFICIENT,FORMULA COEFFICIENT,Unit interval without strong economic label: assessable income s.262(1),LOW,Critical path parameter surface,NONE,RESOLVED
